10721
 	0.998779296875	0.0009765625	0.99951171875	0.001708984375	-1.0	49.0	11
!	0.997314453125	0.875732421875	0.999267578125	0.8837890625	1.0	10.0	11
"	0.802734375	0.96435546875	0.80615234375	0.96728515625	1.0	10.0	15
#	0.775146484375	0.945556640625	0.78125	0.95263671875	0.0	12.0	24
$	0.9814453125	0.92041015625	0.98583984375	0.928466796875	0.0	10.0	19
%	0.029541015625	0.940673828125	0.036376953125	0.948486328125	0.0	10.0	28
&	0.443115234375	0.921630859375	0.451416015625	0.9296875	1.0	10.0	34
'	0.853271484375	0.96337890625	0.854736328125	0.96630859375	1.0	10.0	8
(	0.311279296875	0.88623046875	0.314208984375	0.895263671875	2.0	9.0	14
)	0.321533203125	0.88623046875	0.324462890625	0.895263671875	0.0	9.0	14
*	0.00537109375	0.9697265625	0.010009765625	0.974365234375	-1.0	10.0	18
+	0.689697265625	0.95947265625	0.69482421875	0.96484375	-1.0	18.0	20
,	0.723388671875	0.965087890625	0.72607421875	0.96826171875	-1.0	34.0	10
-	0.430908203125	0.966064453125	0.43359375	0.969970703125	0.0	20.0	11
.	0.077880859375	0.97412109375	0.079833984375	0.97607421875	1.0	34.0	9
/	0.937744140625	0.911865234375	0.944091796875	0.920166015625	-1.0	9.0	22
0	0.0	0.95654296875	0.006591796875	0.96337890625	0.0	14.0	28
1	0.497802734375	0.945556640625	0.50146484375	0.952880859375	-1.0	12.0	15
2	0.15087890625	0.948486328125	0.15673828125	0.9560546875	0.0	11.0	23
3	0.291748046875	0.947998046875	0.29541015625	0.95556640625	1.0	11.0	17
4	0.19482421875	0.9482421875	0.200439453125	0.955810546875	0.0	11.0	23
5	0.263671875	0.947998046875	0.26806640625	0.95556640625	1.0	11.0	19
6	0.2529296875	0.947998046875	0.2578125	0.95556640625	1.0	11.0	21
7	0.21875	0.9482421875	0.22412109375	0.955810546875	0.0	12.0	22
8	0.25830078125	0.947998046875	0.26318359375	0.95556640625	1.0	11.0	21
9	0.618896484375	0.9375	0.623779296875	0.9453125	0.0	11.0	21
:	0.731201171875	0.95947265625	0.733154296875	0.96484375	1.0	20.0	9
;	0.37890625	0.953857421875	0.381591796875	0.96044921875	-1.0	20.0	9
<	0.8203125	0.958984375	0.82421875	0.964111328125	0.0	19.0	16
=	0.25927734375	0.96875	0.263916015625	0.972900390625	0.0	21.0	20
>	0.82470703125	0.958984375	0.82861328125	0.964111328125	0.0	19.0	16
?	0.02294921875	0.932373046875	0.02685546875	0.9404296875	1.0	10.0	17
@	0.080322265625	0.948486328125	0.08740234375	0.9560546875	0.0	11.0	29
A	0.802490234375	0.92919921875	0.81005859375	0.93701171875	-1.0	10.0	28
B	0.72119140625	0.9375	0.7255859375	0.9453125	2.0	10.0	21
C	0.8125	0.912353515625	0.819091796875	0.920654296875	0.0	9.0	27
D	0.073486328125	0.9404296875	0.080078125	0.9482421875	2.0	10.0	30
E	0.79248046875	0.937255859375	0.796630859375	0.945068359375	2.0	10.0	21
F	0.8017578125	0.937255859375	0.805908203125	0.945068359375	2.0	10.0	20
G	0.728759765625	0.921142578125	0.735595703125	0.92919921875	0.0	9.0	30
H	0.927490234375	0.9287109375	0.9345703125	0.9365234375	2.0	10.0	33
I	0.823486328125	0.937255859375	0.8251953125	0.945068359375	2.0	10.0	12
J	0.99609375	0.8193359375	0.999267578125	0.828369140625	-2.0	10.0	12
K	0.320556640625	0.91357421875	0.326904296875	0.922119140625	2.0	9.0	28
L	0.769287109375	0.9375	0.7734375	0.9453125	2.0	10.0	21
M	0.357421875	0.93017578125	0.3662109375	0.93798828125	-1.0	10.0	35
N	0.635009765625	0.91259765625	0.64306640625	0.9208984375	0.0	10.0	36
O	0.705322265625	0.929443359375	0.713134765625	0.937255859375	0.0	10.0	33
P	0.71630859375	0.9375	0.720703125	0.9453125	2.0	10.0	21
Q	0.478271484375	0.921142578125	0.486572265625	0.92919921875	0.0	10.0	33
R	0.47021484375	0.937744140625	0.4755859375	0.945556640625	2.0	10.0	26
S	0.68701171875	0.9375	0.69140625	0.9453125	0.0	10.0	19
T	0.25390625	0.93994140625	0.26025390625	0.94775390625	-1.0	10.0	23
U	0.972900390625	0.9287109375	0.97998046875	0.9365234375	2.0	10.0	33
V	0.622314453125	0.921142578125	0.6298828125	0.92919921875	-1.0	9.0	28
W	0.19482421875	0.93212890625	0.2041015625	0.93994140625	-1.0	10.0	36
X	0.743408203125	0.921142578125	0.750244140625	0.92919921875	0.0	10.0	27
Y	0.340576171875	0.9384765625	0.3466796875	0.9462890625	-1.0	10.0	23
Z	0.9501953125	0.9287109375	0.957275390625	0.9365234375	0.0	10.0	27
[	0.318115234375	0.88623046875	0.321044921875	0.895263671875	3.0	9.0	14
\	0.930908203125	0.911865234375	0.937255859375	0.920166015625	-1.0	9.0	22
]	0.324951171875	0.88623046875	0.327880859375	0.895263671875	0.0	9.0	14
^	0.406982421875	0.966064453125	0.412109375	0.969970703125	-1.0	10.0	19
_	0.212158203125	0.973388671875	0.217529296875	0.974853515625	-1.0	42.0	19
`	0.910888671875	0.963134765625	0.91357421875	0.9658203125	1.0	1.0	13
a	0.523681640625	0.952880859375	0.5302734375	0.959228515625	-1.0	16.0	24
b	0.684326171875	0.952880859375	0.688720703125	0.959228515625	2.0	16.0	21
c	0.6298828125	0.952880859375	0.6357421875	0.959228515625	1.0	16.0	25
d	0.5849609375	0.952880859375	0.591064453125	0.959228515625	2.0	16.0	28
e	0.349609375	0.9541015625	0.353759765625	0.960693359375	2.0	16.0	22
f	0.7275390625	0.952880859375	0.731689453125	0.959228515625	2.0	16.0	21
g	0.62353515625	0.952880859375	0.62939453125	0.959228515625	1.0	16.0	26
h	0.558349609375	0.952880859375	0.564697265625	0.959228515625	2.0	16.0	30
i	0.751708984375	0.952880859375	0.75341796875	0.959228515625	2.0	16.0	11
j	0.884765625	0.944580078125	0.887451171875	0.95166015625	-1.0	16.0	12
k	0.322509765625	0.954833984375	0.328125	0.96142578125	2.0	16.0	24
l	0.71826171875	0.952880859375	0.722412109375	0.959228515625	2.0	16.0	20
m	0.410888671875	0.95361328125	0.419677734375	0.9599609375	-1.0	16.0	34
n	0.23291015625	0.955810546875	0.239990234375	0.96240234375	1.0	16.0	32
o	0.544677734375	0.952880859375	0.551025390625	0.959228515625	1.0	16.0	28
p	0.698974609375	0.952880859375	0.703369140625	0.959228515625	2.0	16.0	21
q	0.217529296875	0.9560546875	0.224853515625	0.962646484375	1.0	16.0	29
r	0.6787109375	0.952880859375	0.683837890625	0.959228515625	2.0	16.0	22
s	0.722900390625	0.952880859375	0.72705078125	0.959228515625	1.0	16.0	18
t	0.6552734375	0.952880859375	0.660888671875	0.959228515625	-1.0	16.0	21
u	0.53076171875	0.952880859375	0.537353515625	0.959228515625	1.0	16.0	30
v	0.578369140625	0.952880859375	0.58447265625	0.959228515625	-1.0	16.0	22
w	0.4013671875	0.95361328125	0.410400390625	0.9599609375	-1.0	16.0	35
x	0.3095703125	0.954833984375	0.315673828125	0.96142578125	0.0	16.0	23
y	0.61083984375	0.952880859375	0.61669921875	0.959228515625	-1.0	16.0	22
z	0.6044921875	0.952880859375	0.6103515625	0.959228515625	1.0	16.0	23
{	0.283203125	0.88671875	0.287109375	0.895751953125	-1.0	9.0	15
|	0.919189453125	0.0	0.920654296875	0.010009765625	5.0	8.0	17
}	0.28759765625	0.88671875	0.29150390625	0.895751953125	0.0	9.0	15
~	0.94189453125	0.963134765625	0.94677734375	0.965576171875	-1.0	23.0	19
¡	0.049072265625	0.932373046875	0.051025390625	0.9404296875	2.0	10.0	11
¢	0.951171875	0.95166015625	0.955322265625	0.957763671875	1.0	10.0	18
£	0.44384765625	0.946044921875	0.448486328125	0.953369140625	1.0	12.0	21
¤	0.876953125	0.958251953125	0.8818359375	0.963134765625	0.0	19.0	19
¥	0.437255859375	0.946044921875	0.443359375	0.953369140625	-1.0	12.0	23
¦	0.917236328125	0.0	0.918701171875	0.010009765625	5.0	8.0	17
§	0.444580078125	0.912841796875	0.448486328125	0.92138671875	0.0	9.0	16
¨	0.138427734375	0.97412109375	0.141845703125	0.975830078125	-1.0	4.0	13
©	0.93994140625	0.944580078125	0.94677734375	0.951416015625	0.0	10.0	28
ª	0.422119140625	0.966064453125	0.426025390625	0.969970703125	-1.0	10.0	14
«	0.131591796875	0.969482421875	0.13671875	0.973876953125	-1.0	18.0	19
¬	0.585693359375	0.96533203125	0.590087890625	0.96875	0.0	26.0	20
®	0.98388671875	0.944580078125	0.99072265625	0.951416015625	0.0	10.0	28
¯	0.218017578125	0.973388671875	0.223388671875	0.974853515625	-1.0	4.0	19
°	0.590576171875	0.96533203125	0.593994140625	0.96875	0.0	9.0	15
±	0.087646484375	0.956298828125	0.09228515625	0.963134765625	0.0	15.0	20
²	0.043701171875	0.9697265625	0.04736328125	0.974365234375	0.0	10.0	13
³	0.952880859375	0.9580078125	0.95556640625	0.962890625	1.0	10.0	14
´	0.92041015625	0.963134765625	0.923095703125	0.9658203125	1.0	1.0	13
µ	0.469482421875	0.946044921875	0.473876953125	0.953369140625	1.0	19.0	21
¶	0.155517578125	0.90576171875	0.162109375	0.91455078125	0.0	10.0	27
·	0.065673828125	0.974365234375	0.067626953125	0.976318359375	1.0	22.0	9
¸	0.844482421875	0.963623046875	0.846435546875	0.966552734375	1.0	38.0	10
¹	0.0478515625	0.9697265625	0.050537109375	0.974365234375	0.0	10.0	14
º	0.41748046875	0.966064453125	0.421630859375	0.969970703125	-1.0	10.0	15
»	0.13720703125	0.969482421875	0.14208984375	0.973876953125	-1.0	18.0	19
¼	0.697021484375	0.929443359375	0.704833984375	0.937255859375	3.0	10.0	36
½	0.5712890625	0.929443359375	0.579345703125	0.937255859375	3.0	10.0	36
¾	0.865478515625	0.9287109375	0.872802734375	0.9365234375	6.0	10.0	38
¿	0.0185546875	0.932373046875	0.0224609375	0.9404296875	0.0	10.0	17
À	0.774658203125	0.0	0.7822265625	0.010009765625	-1.0	1.0	28
Á	0.78271484375	0.0	0.790283203125	0.010009765625	-1.0	1.0	28
Â	0.515625	0.461181640625	0.523193359375	0.470947265625	-1.0	2.0	28
Ã	0.1953125	0.716796875	0.202880859375	0.726318359375	-1.0	3.0	28
Ä	0.0751953125	0.850341796875	0.082763671875	0.859619140625	-1.0	4.0	28
Å	0.187255859375	0.716796875	0.19482421875	0.726318359375	-1.0	3.0	28
Æ	0.51025390625	0.929443359375	0.5185546875	0.937255859375	-1.0	10.0	33
Ç	0.6787109375	0.0	0.685302734375	0.01025390625	0.0	9.0	27
È	0.8955078125	0.0	0.899658203125	0.010009765625	2.0	1.0	21
É	0.900146484375	0.0	0.904296875	0.010009765625	2.0	1.0	21
Ê	0.99462890625	0.210205078125	0.998779296875	0.219970703125	2.0	2.0	21
Ë	0.99462890625	0.733642578125	0.998779296875	0.742919921875	2.0	4.0	21
Ì	0.90869140625	0.0	0.911376953125	0.010009765625	1.0	1.0	12
Í	0.911865234375	0.0	0.91455078125	0.010009765625	1.0	1.0	12
Î	0.663818359375	0.461181640625	0.66748046875	0.470947265625	-1.0	2.0	12
Ï	0.99609375	0.65576171875	0.99951171875	0.6650390625	-1.0	4.0	12
Ð	0.76220703125	0.929443359375	0.769775390625	0.937255859375	-1.0	10.0	30
Ñ	0.73291015625	0.0	0.740966796875	0.010009765625	0.0	3.0	36
Ò	0.758056640625	0.0	0.765869140625	0.010009765625	0.0	1.0	33
Ó	0.766357421875	0.0	0.774169921875	0.010009765625	0.0	1.0	33
Ô	0.48291015625	0.461181640625	0.49072265625	0.470947265625	0.0	2.0	33
Õ	0.99169921875	0.46044921875	0.99951171875	0.469970703125	0.0	3.0	33
Ö	0.05859375	0.850341796875	0.06640625	0.859619140625	0.0	4.0	33
×	0.924072265625	0.9580078125	0.9287109375	0.962890625	0.0	19.0	20
Ø	0.0419921875	0.850341796875	0.0498046875	0.859619140625	0.0	7.0	33
Ù	0.805908203125	0.0	0.81298828125	0.010009765625	2.0	1.0	33
Ú	0.8134765625	0.0	0.820556640625	0.010009765625	2.0	1.0	33
Û	0.9921875	0.390380859375	0.999267578125	0.400146484375	2.0	2.0	33
Ü	0.083251953125	0.850341796875	0.09033203125	0.859619140625	2.0	4.0	33
Ý	0.856689453125	0.0	0.86279296875	0.010009765625	-1.0	1.0	23
Þ	0.72607421875	0.9375	0.73046875	0.9453125	2.0	10.0	21
ß	0.44775390625	0.95361328125	0.4560546875	0.9599609375	1.0	16.0	37
à	0.251220703125	0.914794921875	0.2578125	0.92333984375	-1.0	7.0	24
á	0.992919921875	0.903076171875	0.99951171875	0.91162109375	-1.0	7.0	24
â	0.862060546875	0.911865234375	0.86865234375	0.920166015625	-1.0	8.0	24
ã	0.869140625	0.911865234375	0.875732421875	0.920166015625	-1.0	8.0	24
ä	0.800537109375	0.9208984375	0.80712890625	0.928955078125	-1.0	9.0	24
å	0.8076171875	0.9208984375	0.814208984375	0.928955078125	-1.0	9.0	24
æ	0.177001953125	0.9560546875	0.184814453125	0.962646484375	-1.0	16.0	32
ç	0.9765625	0.911865234375	0.982421875	0.920166015625	1.0	16.0	25
è	0.263916015625	0.90576171875	0.26806640625	0.91455078125	2.0	7.0	22
é	0.254638671875	0.90576171875	0.2587890625	0.91455078125	2.0	7.0	22
ê	0.42138671875	0.912841796875	0.425537109375	0.92138671875	2.0	8.0	22
ë	0.17919921875	0.923583984375	0.183349609375	0.931884765625	2.0	9.0	22
ì	0.448974609375	0.912841796875	0.45166015625	0.92138671875	-1.0	7.0	11
í	0.4521484375	0.912841796875	0.454833984375	0.92138671875	2.0	7.0	11
î	0.20654296875	0.923583984375	0.210205078125	0.931884765625	-1.0	8.0	11
ï	0.99609375	0.92041015625	0.99951171875	0.928466796875	-1.0	9.0	11
ð	0.488037109375	0.953369140625	0.494873046875	0.959716796875	-1.0	16.0	28
ñ	0.2138671875	0.914794921875	0.220947265625	0.92333984375	1.0	8.0	32
ò	0.300048828125	0.9140625	0.306396484375	0.922607421875	1.0	7.0	28
ó	0.286376953125	0.9140625	0.292724609375	0.922607421875	1.0	7.0	28
ô	0.896728515625	0.911865234375	0.903076171875	0.920166015625	1.0	8.0	28
õ	0.910400390625	0.911865234375	0.916748046875	0.920166015625	1.0	8.0	28
ö	0.814697265625	0.9208984375	0.821044921875	0.928955078125	1.0	9.0	28
÷	0.71142578125	0.95947265625	0.716064453125	0.96484375	0.0	18.0	20
ø	0.137451171875	0.948486328125	0.143798828125	0.9560546875	1.0	14.0	28
ù	0.2724609375	0.914794921875	0.279052734375	0.92333984375	1.0	7.0	30
ú	0.265380859375	0.914794921875	0.27197265625	0.92333984375	1.0	7.0	30
û	0.82666015625	0.912109375	0.833251953125	0.92041015625	1.0	8.0	30
ü	0.758056640625	0.921142578125	0.7646484375	0.92919921875	1.0	9.0	30
ý	0.340576171875	0.913330078125	0.346435546875	0.921875	-1.0	7.0	22
þ	0.689208984375	0.952880859375	0.693603515625	0.959228515625	2.0	16.0	21
ÿ	0.866943359375	0.92041015625	0.872802734375	0.928466796875	-1.0	9.0	22
Ā	0.155517578125	0.887451171875	0.1630859375	0.896484375	-1.0	5.0	28
ā	0.1025390625	0.948486328125	0.109130859375	0.9560546875	-1.0	11.0	24
Ă	0.49951171875	0.461181640625	0.507080078125	0.470947265625	-1.0	2.0	28
ă	0.833740234375	0.912109375	0.84033203125	0.92041015625	-1.0	8.0	24
Ą	0.178955078125	0.716796875	0.186767578125	0.726318359375	-1.0	10.0	28
ą	0.699462890625	0.921142578125	0.706298828125	0.92919921875	-1.0	16.0	24
Ć	0.478271484375	0.0	0.48486328125	0.010498046875	0.0	0.0	27
ć	0.334228515625	0.913330078125	0.340087890625	0.921875	1.0	7.0	25
Ĉ	0.28271484375	0.0	0.289306640625	0.0107421875	0.0	-1.0	27
ĉ	0.597900390625	0.461181640625	0.603759765625	0.470947265625	1.0	2.0	25
Ċ	0.275634765625	0.0	0.2822265625	0.0107421875	0.0	-1.0	27
ċ	0.29833984375	0.715576171875	0.30419921875	0.72509765625	1.0	3.0	25
Č	0.8427734375	0.0	0.849365234375	0.010009765625	0.0	2.0	27
č	0.9638671875	0.911865234375	0.9697265625	0.920166015625	1.0	8.0	25
Ď	0.5380859375	0.461181640625	0.544677734375	0.470947265625	2.0	2.0	30
ď	0.944580078125	0.911865234375	0.95068359375	0.920166015625	2.0	8.0	28
Đ	0.810546875	0.92919921875	0.818115234375	0.93701171875	-1.0	10.0	30
đ	0.480712890625	0.953369140625	0.487548828125	0.959716796875	-1.0	16.0	28
Ē	0.278564453125	0.887451171875	0.28271484375	0.896484375	2.0	5.0	21
ē	0.783203125	0.937255859375	0.787353515625	0.945068359375	2.0	11.0	22
Ĕ	0.62548828125	0.0	0.629638671875	0.010498046875	2.0	-1.0	21
ĕ	0.890869140625	0.0	0.89501953125	0.010009765625	2.0	2.0	22
Ė	0.99462890625	0.51904296875	0.998779296875	0.528564453125	2.0	3.0	21
ė	0.165283203125	0.923583984375	0.16943359375	0.931884765625	2.0	9.0	22
Ę	0.99462890625	0.49951171875	0.998779296875	0.509033203125	2.0	10.0	21
ę	0.1884765625	0.923583984375	0.192626953125	0.931884765625	2.0	16.0	22
Ě	0.99462890625	0.50927734375	0.998779296875	0.518798828125	2.0	3.0	21
ě	0.43994140625	0.912841796875	0.444091796875	0.92138671875	2.0	8.0	22
Ĝ	0.470947265625	0.0	0.477783203125	0.010498046875	0.0	-1.0	30
ĝ	0.585205078125	0.461181640625	0.591064453125	0.470947265625	1.0	2.0	26
Ğ	0.523681640625	0.461181640625	0.530517578125	0.470947265625	0.0	2.0	30
ğ	0.98291015625	0.911865234375	0.98876953125	0.920166015625	1.0	8.0	26
Ġ	0.463623046875	0.0	0.470458984375	0.010498046875	0.0	-1.0	30
ġ	0.3046875	0.715576171875	0.310546875	0.72509765625	1.0	3.0	26
Ģ	0.821044921875	0.0	0.827880859375	0.010009765625	0.0	9.0	30
ģ	0.97021484375	0.911865234375	0.97607421875	0.920166015625	1.0	16.0	26
Ĥ	0.433349609375	0.0	0.4404296875	0.010498046875	2.0	-1.0	33
ĥ	0.44091796875	0.0	0.447998046875	0.010498046875	-1.0	-1.0	30
Ħ	0.74609375	0.929443359375	0.753662109375	0.937255859375	-1.0	10.0	29
ħ	0.03662109375	0.923828125	0.042236328125	0.93212890625	-1.0	8.0	23
Ī	0.307861328125	0.88623046875	0.310791015625	0.895263671875	0.0	5.0	12
ī	0.2958984375	0.947265625	0.299072265625	0.954833984375	-1.0	11.0	11
Į	0.99462890625	0.53857421875	0.997314453125	0.548095703125	1.0	10.0	12
į	0.04345703125	0.932373046875	0.046142578125	0.9404296875	1.0	16.0	11
İ	0.997802734375	0.53857421875	0.99951171875	0.548095703125	2.0	3.0	12
ı	0.747314453125	0.952880859375	0.7490234375	0.959228515625	2.0	16.0	11
Ĳ	0.25830078125	0.887451171875	0.26318359375	0.896484375	2.0	10.0	26
ĳ	0.837158203125	0.94482421875	0.841552734375	0.951904296875	2.0	16.0	20
Ĵ	0.2080078125	0.0	0.213134765625	0.01171875	-2.0	-1.0	12
ĵ	0.696533203125	0.0	0.70068359375	0.01025390625	-5.0	9.0	10
Ķ	0.849853515625	0.0	0.856201171875	0.010009765625	2.0	9.0	28
ķ	0.054931640625	0.923828125	0.060546875	0.93212890625	2.0	16.0	24
ĸ	0.28173828125	0.962646484375	0.28662109375	0.968505859375	2.0	18.0	20
Ĺ	0.69189453125	0.0	0.696044921875	0.01025390625	2.0	0.0	21
ĺ	0.4306640625	0.912841796875	0.434814453125	0.92138671875	2.0	7.0	20
Ļ	0.99462890625	0.230224609375	0.998779296875	0.239990234375	2.0	10.0	21
ļ	0.183837890625	0.923583984375	0.18798828125	0.931884765625	2.0	16.0	20
Ľ	0.66162109375	0.9375	0.666259765625	0.9453125	2.0	10.0	21
ľ	0.732177734375	0.952880859375	0.736328125	0.959228515625	2.0	16.0	20
Ŀ	0.760009765625	0.9375	0.76416015625	0.9453125	2.0	10.0	21
ŀ	0.1416015625	0.956298828125	0.145751953125	0.963134765625	2.0	14.0	14
Ł	0.57470703125	0.9375	0.579833984375	0.9453125	-1.0	10.0	21
ł	0.673095703125	0.952880859375	0.67822265625	0.959228515625	-1.0	16.0	20
Ń	0.646728515625	0.0	0.65478515625	0.01025390625	0.0	2.0	36
ń	0.08935546875	0.906005859375	0.096435546875	0.914794921875	1.0	7.0	32
Ņ	0.4658203125	0.461181640625	0.473876953125	0.470947265625	0.0	10.0	36
ņ	0.7978515625	0.912353515625	0.804931640625	0.920654296875	1.0	16.0	32
Ň	0.724365234375	0.0	0.732421875	0.010009765625	0.0	3.0	36
ň	0.22900390625	0.914794921875	0.236083984375	0.92333984375	1.0	8.0	32
ŉ	0.2060546875	0.940185546875	0.21240234375	0.947998046875	-2.0	10.0	25
Ŋ	0.552001953125	0.461181640625	0.558349609375	0.470947265625	2.0	10.0	31
ŋ	0.608154296875	0.9375	0.613037109375	0.9453125	2.0	18.0	23
Ō	0.130615234375	0.8876953125	0.138427734375	0.896728515625	0.0	5.0	33
ō	0.130615234375	0.948486328125	0.136962890625	0.9560546875	1.0	11.0	28
Ŏ	0.4169921875	0.0	0.4248046875	0.010498046875	0.0	-1.0	33
ŏ	0.545166015625	0.461181640625	0.551513671875	0.470947265625	1.0	2.0	28
Ő	0.741455078125	0.0	0.749267578125	0.010009765625	0.0	1.0	33
ő	0.306884765625	0.91357421875	0.313232421875	0.922119140625	1.0	7.0	28
Œ	0.53662109375	0.929443359375	0.544921875	0.937255859375	0.0	10.0	35
œ	0.185302734375	0.9560546875	0.193115234375	0.962646484375	1.0	16.0	35
Ŕ	0.86962890625	0.0	0.875	0.010009765625	2.0	1.0	26
ŕ	0.364013671875	0.9130859375	0.369140625	0.921630859375	2.0	7.0	22
Ŗ	0.62841796875	0.461181640625	0.6337890625	0.470947265625	2.0	10.0	26
ŗ	0.096923828125	0.923828125	0.10205078125	0.93212890625	2.0	16.0	22
Ř	0.62255859375	0.461181640625	0.6279296875	0.470947265625	2.0	2.0	26
ř	0.108154296875	0.923828125	0.11328125	0.93212890625	2.0	8.0	22
Ś	0.885986328125	0.0	0.890380859375	0.010009765625	0.0	1.0	19
ś	0.2685546875	0.90576171875	0.272705078125	0.91455078125	1.0	6.0	18
Ŝ	0.6044921875	0.0	0.609619140625	0.010498046875	0.0	-1.0	19
ŝ	0.99462890625	0.2001953125	0.9990234375	0.2099609375	1.0	2.0	18
Ş	0.99462890625	0.18017578125	0.9990234375	0.18994140625	0.0	10.0	19
ş	0.156005859375	0.923828125	0.16015625	0.93212890625	1.0	16.0	18
Š	0.99462890625	0.47021484375	0.9990234375	0.479736328125	0.0	3.0	19
š	0.169921875	0.923583984375	0.174072265625	0.931884765625	1.0	8.0	18
Ţ	0.558837890625	0.461181640625	0.565185546875	0.470947265625	-1.0	10.0	23
ţ	0.067138671875	0.923828125	0.07275390625	0.93212890625	-1.0	16.0	21
Ť	0.278076171875	0.715576171875	0.284423828125	0.72509765625	-1.0	3.0	23
ť	0.06103515625	0.923828125	0.066650390625	0.93212890625	-1.0	8.0	21
Ŧ	0.4287109375	0.93798828125	0.434326171875	0.94580078125	-1.0	10.0	21
ŧ	0.501953125	0.945556640625	0.505615234375	0.952880859375	-1.0	12.0	14
Ũ	0.4560546875	0.0	0.463134765625	0.010498046875	2.0	-1.0	33
ũ	0.2568359375	0.716064453125	0.263427734375	0.7255859375	1.0	3.0	30
Ū	0.096923828125	0.906005859375	0.10400390625	0.914794921875	2.0	6.0	33
ū	0.42333984375	0.946044921875	0.429931640625	0.953369140625	1.0	12.0	30
Ŭ	0.448486328125	0.0	0.45556640625	0.010498046875	2.0	-1.0	33
ŭ	0.531005859375	0.461181640625	0.53759765625	0.470947265625	1.0	2.0	30
Ů	0.671142578125	0.0	0.67822265625	0.01025390625	2.0	0.0	33
ů	0.25830078125	0.914794921875	0.264892578125	0.92333984375	1.0	7.0	30
Ű	0.79833984375	0.0	0.805419921875	0.010009765625	2.0	1.0	33
ű	0.1484375	0.906005859375	0.155029296875	0.914794921875	1.0	6.0	30
Ų	0.241943359375	0.716796875	0.2490234375	0.726318359375	2.0	10.0	33
ų	0.772216796875	0.9208984375	0.77880859375	0.928955078125	1.0	16.0	30
Ŵ	0.37890625	0.0	0.38818359375	0.010498046875	-1.0	-1.0	36
ŵ	0.218994140625	0.45263671875	0.22802734375	0.46240234375	-1.0	2.0	35
Ŷ	0.56787109375	0.0	0.573974609375	0.010498046875	-1.0	-1.0	23
ŷ	0.604248046875	0.461181640625	0.610107421875	0.470947265625	-1.0	2.0	22
Ÿ	0.1044921875	0.850341796875	0.110595703125	0.859619140625	-1.0	4.0	23
Ź	0.790771484375	0.0	0.7978515625	0.010009765625	0.0	1.0	27
ź	0.169677734375	0.90576171875	0.175537109375	0.91455078125	1.0	6.0	23
Ż	0.21923828125	0.716796875	0.226318359375	0.726318359375	0.0	3.0	27
ż	0.873291015625	0.92041015625	0.879150390625	0.928466796875	1.0	9.0	23
Ž	0.226806640625	0.716796875	0.23388671875	0.726318359375	0.0	3.0	27
ž	0.95751953125	0.911865234375	0.96337890625	0.920166015625	1.0	8.0	23
ſ	0.21435546875	0.923583984375	0.21728515625	0.931884765625	2.0	8.0	10
ƒ	0.484130859375	0.94580078125	0.48828125	0.953125	2.0	12.0	20
ǎ	0.27099609375	0.715576171875	0.277587890625	0.72509765625	-1.0	3.0	24
ǐ	0.99462890625	0.52880859375	0.998291015625	0.538330078125	-1.0	3.0	10
ǒ	0.284912109375	0.715576171875	0.291259765625	0.72509765625	1.0	3.0	28
ǔ	0.263916015625	0.7158203125	0.2705078125	0.725341796875	1.0	3.0	30
ǖ	0.4853515625	0.0	0.491943359375	0.010498046875	1.0	-1.0	30
ǘ	0.506591796875	0.0	0.51318359375	0.010498046875	1.0	-1.0	30
ǚ	0.520751953125	0.0	0.52734375	0.010498046875	1.0	-1.0	30
ǜ	0.513671875	0.0	0.520263671875	0.010498046875	1.0	-1.0	30
ǹ	0.66357421875	0.0	0.670654296875	0.01025390625	1.0	1.0	32
ǻ	0.49951171875	0.0	0.506103515625	0.010498046875	-1.0	-1.0	24
Ǽ	0.408203125	0.0	0.41650390625	0.010498046875	-1.0	-1.0	33
ǽ	0.6552734375	0.0	0.6630859375	0.01025390625	-1.0	1.0	32
Ǿ	0.213623046875	0.0	0.221435546875	0.01123046875	0.0	-1.0	33
ǿ	0.289794921875	0.0	0.296142578125	0.0107421875	1.0	1.0	28
Ș	0.99462890625	0.170166015625	0.9990234375	0.179931640625	0.0	10.0	19
ș	0.174560546875	0.923583984375	0.1787109375	0.931884765625	1.0	16.0	18
ɑ	0.0732421875	0.96337890625	0.07958984375	0.96923828125	0.0	18.0	25
ɡ	0.64892578125	0.952880859375	0.65478515625	0.959228515625	1.0	16.0	26
ˆ	0.0205078125	0.974609375	0.024169921875	0.976806640625	2.0	2.0	18
ˇ	0.024658203125	0.974609375	0.028076171875	0.976806640625	2.0	3.0	18
ˉ	0.275146484375	0.97314453125	0.2783203125	0.974365234375	-1.0	5.0	11
ˊ	0.9267578125	0.963134765625	0.929443359375	0.9658203125	1.0	1.0	13
ˋ	0.9140625	0.963134765625	0.916748046875	0.9658203125	1.0	1.0	13
˘	0.016357421875	0.974609375	0.02001953125	0.976806640625	-1.0	2.0	13
˙	0.080322265625	0.97412109375	0.08203125	0.97607421875	1.0	3.0	8
˚	0.84130859375	0.9638671875	0.843994140625	0.966796875	-1.0	0.0	10
˛	0.955078125	0.963134765625	0.957763671875	0.965576171875	-1.0	39.0	9
˜	0.01171875	0.974609375	0.015869140625	0.976806640625	-1.0	3.0	14
˝	0.88525390625	0.96337890625	0.889404296875	0.966064453125	2.0	1.0	21
;	0.375732421875	0.953857421875	0.37841796875	0.96044921875	-1.0	20.0	9
΄	0.96142578125	0.962646484375	0.96337890625	0.965087890625	3.0	8.0	11
΅	0.947265625	0.963134765625	0.951416015625	0.965576171875	-2.0	8.0	11
Ά	0.721923828125	0.929443359375	0.7294921875	0.937255859375	-1.0	10.0	26
·	0.072998046875	0.97412109375	0.074951171875	0.97607421875	1.0	22.0	9
Έ	0.1923828125	0.940185546875	0.19873046875	0.947998046875	-2.0	10.0	24
Ή	0.291015625	0.93115234375	0.300048828125	0.93896484375	-2.0	10.0	32
Ί	0.77392578125	0.9375	0.778076171875	0.9453125	-2.0	10.0	16
Ό	0.243408203125	0.931884765625	0.25244140625	0.939697265625	-2.0	10.0	33
Ύ	0.655517578125	0.929443359375	0.663330078125	0.937255859375	-2.0	10.0	28
Ώ	0.680419921875	0.929443359375	0.688232421875	0.937255859375	-2.0	10.0	33
ΐ	0.193115234375	0.923583984375	0.197265625	0.931884765625	-2.0	8.0	11
Α	0.754150390625	0.929443359375	0.76171875	0.937255859375	-1.0	10.0	28
Β	0.69189453125	0.9375	0.6962890625	0.9453125	2.0	10.0	21
Γ	0.71142578125	0.9375	0.7158203125	0.9453125	2.0	10.0	19
Δ	0.058837890625	0.9404296875	0.065673828125	0.9482421875	-1.0	10.0	26
Ε	0.787841796875	0.937255859375	0.7919921875	0.945068359375	2.0	10.0	21
Ζ	0.96533203125	0.9287109375	0.972412109375	0.9365234375	0.0	10.0	27
Η	0.919921875	0.9287109375	0.927001953125	0.9365234375	2.0	10.0	33
Θ	0.873291015625	0.9287109375	0.880615234375	0.9365234375	0.0	10.0	31
Ι	0.81689453125	0.937255859375	0.818603515625	0.945068359375	2.0	10.0	12
Κ	0.327392578125	0.913330078125	0.333740234375	0.921875	2.0	9.0	28
Λ	0.066162109375	0.9404296875	0.072998046875	0.9482421875	-1.0	10.0	26
Μ	0.38525390625	0.93017578125	0.39404296875	0.93798828125	-1.0	10.0	35
Ν	0.677734375	0.91259765625	0.685791015625	0.9208984375	0.0	10.0	36
Ξ	0.49951171875	0.9375	0.5048828125	0.9453125	0.0	10.0	21
Ο	0.713623046875	0.929443359375	0.721435546875	0.937255859375	0.0	10.0	33
Π	0.29443359375	0.939208984375	0.300537109375	0.947021484375	2.0	10.0	29
Ρ	0.69677734375	0.9375	0.701171875	0.9453125	2.0	10.0	21
Σ	0.45849609375	0.93798828125	0.4638671875	0.94580078125	-1.0	10.0	21
Τ	0.2470703125	0.93994140625	0.25341796875	0.94775390625	-1.0	10.0	23
Υ	0.333984375	0.938720703125	0.340087890625	0.946533203125	-1.0	10.0	23
Φ	0.842041015625	0.9287109375	0.849365234375	0.9365234375	0.0	10.0	31
Χ	0.706787109375	0.921142578125	0.713623046875	0.92919921875	0.0	10.0	27
Ψ	0.0	0.940673828125	0.007080078125	0.948486328125	1.0	10.0	32
Ω	0.430419921875	0.946044921875	0.436767578125	0.953369140625	0.0	12.0	27
Ϊ	0.630126953125	0.0	0.633544921875	0.010498046875	-3.0	-1.0	12
Ϋ	0.548095703125	0.0	0.55419921875	0.010498046875	-1.0	-1.0	23
ά	0.903564453125	0.911865234375	0.909912109375	0.920166015625	0.0	8.0	25
έ	0.151123046875	0.923828125	0.155517578125	0.93212890625	0.0	8.0	18
ή	0.598876953125	0.0	0.60400390625	0.010498046875	1.0	8.0	23
ί	0.2177734375	0.923583984375	0.220458984375	0.931884765625	1.0	8.0	11
ΰ	0.018310546875	0.923828125	0.02392578125	0.93212890625	-1.0	8.0	23
α	0.0869140625	0.96337890625	0.09326171875	0.96923828125	0.0	18.0	25
β	0.610107421875	0.0	0.615234375	0.010498046875	2.0	8.0	22
γ	0.892333984375	0.92041015625	0.89794921875	0.928466796875	-1.0	18.0	21
δ	0.030517578125	0.923828125	0.0361328125	0.93212890625	0.0	8.0	24
ε	0.369140625	0.960693359375	0.37353515625	0.966552734375	0.0	18.0	18
ζ	0.99462890625	0.090087890625	0.999267578125	0.099853515625	0.0	8.0	18
η	0.927978515625	0.92041015625	0.93310546875	0.928466796875	1.0	18.0	23
θ	0.0732421875	0.923828125	0.078857421875	0.93212890625	0.0	8.0	24
ι	0.396240234375	0.96044921875	0.398681640625	0.96630859375	2.0	18.0	11
κ	0.238525390625	0.962646484375	0.24365234375	0.968505859375	2.0	18.0	21
λ	0.0244140625	0.923828125	0.030029296875	0.93212890625	-1.0	8.0	20
μ	0.5634765625	0.9375	0.568603515625	0.9453125	2.0	18.0	23
ν	0.1875	0.962890625	0.19287109375	0.96875	-1.0	18.0	21
ξ	0.99462890625	0.10009765625	0.999267578125	0.10986328125	0.0	8.0	18
ο	0.537841796875	0.952880859375	0.544189453125	0.959228515625	1.0	16.0	28
π	0.659423828125	0.95947265625	0.665771484375	0.96484375	0.0	20.0	25
ρ	0.47607421875	0.937744140625	0.4814453125	0.945556640625	2.0	18.0	24
ς	0.448974609375	0.946044921875	0.45361328125	0.953369140625	0.0	18.0	19
σ	0.126953125	0.96337890625	0.1328125	0.96923828125	0.0	18.0	23
τ	0.169921875	0.963134765625	0.17529296875	0.968994140625	-1.0	18.0	20
υ	0.145751953125	0.96337890625	0.1513671875	0.96923828125	-1.0	18.0	23
φ	0.721435546875	0.921142578125	0.728271484375	0.92919921875	0.0	18.0	29
χ	0.821533203125	0.9208984375	0.82763671875	0.928955078125	-1.0	18.0	22
ψ	0.24951171875	0.716064453125	0.25634765625	0.7255859375	1.0	12.0	31
ω	0.99169921875	0.95166015625	0.999267578125	0.95751953125	1.0	18.0	33
ϊ	0.99462890625	0.7431640625	0.99853515625	0.75244140625	-3.0	4.0	11
ϋ	0.111083984375	0.850341796875	0.11669921875	0.859619140625	-1.0	4.0	23
ό	0.889892578125	0.911865234375	0.896240234375	0.920166015625	1.0	8.0	28
ύ	0.0	0.923828125	0.005615234375	0.93212890625	-1.0	8.0	23
ώ	0.719482421875	0.91259765625	0.72705078125	0.9208984375	1.0	8.0	33
ϐ	0.11376953125	0.923828125	0.118896484375	0.93212890625	2.0	8.0	22
ϑ	0.85498046875	0.911865234375	0.861572265625	0.920166015625	-1.0	8.0	24
ϒ	0.101806640625	0.9404296875	0.1083984375	0.9482421875	-1.0	10.0	23
ϓ	0.51904296875	0.929443359375	0.52734375	0.937255859375	-2.0	10.0	29
ϔ	0.492431640625	0.0	0.4990234375	0.010498046875	-1.0	-1.0	23
ϕ	0.5546875	0.0	0.560791015625	0.010498046875	0.0	8.0	26
ϖ	0.955810546875	0.95166015625	0.96435546875	0.95751953125	-1.0	18.0	33
ϗ	0.123779296875	0.948486328125	0.130126953125	0.9560546875	-1.0	18.0	23
Ϙ	0.036865234375	0.940673828125	0.043701171875	0.948486328125	0.0	10.0	29
ϙ	0.8984375	0.92041015625	0.904052734375	0.928466796875	0.0	18.0	24
Ϛ	0.580810546875	0.0	0.586669921875	0.010498046875	0.0	6.0	24
ϛ	0.140869140625	0.923828125	0.1455078125	0.93212890625	0.0	14.0	18
Ϝ	0.70166015625	0.9375	0.7060546875	0.9453125	2.0	10.0	20
ϝ	0.00927734375	0.932373046875	0.013427734375	0.9404296875	1.0	18.0	18
Ϟ	0.3662109375	0.938232421875	0.3720703125	0.946044921875	0.0	10.0	24
ϟ	0.587158203125	0.0	0.592529296875	0.010498046875	-1.0	8.0	20
Ϡ	0.240234375	0.93994140625	0.24658203125	0.94775390625	-1.0	10.0	25
ϡ	0.574462890625	0.0	0.580322265625	0.010498046875	-4.0	8.0	20
Ϣ	0.749755859375	0.0	0.757568359375	0.010009765625	2.0	10.0	37
ϣ	0.564697265625	0.921142578125	0.572509765625	0.92919921875	2.0	18.0	35
Ϥ	0.35986328125	0.938232421875	0.36572265625	0.946044921875	-1.0	10.0	25
ϥ	0.939208984375	0.92041015625	0.944091796875	0.928466796875	0.0	18.0	21
Ϧ	0.835693359375	0.0	0.84228515625	0.010009765625	-1.0	10.0	26
ϧ	0.1396484375	0.96337890625	0.145263671875	0.96923828125	-1.0	18.0	22
Ϩ	0.158203125	0.9404296875	0.16455078125	0.9482421875	0.0	10.0	25
ϩ	0.265625	0.962646484375	0.2705078125	0.968505859375	0.0	18.0	19
Ϫ	0.13720703125	0.9404296875	0.143798828125	0.9482421875	-1.0	10.0	25
ϫ	0.1640625	0.963134765625	0.16943359375	0.968994140625	-1.0	18.0	20
Ϭ	0.917236328125	0.911865234375	0.923583984375	0.920166015625	0.0	8.0	27
ϭ	0.006103515625	0.923828125	0.01171875	0.93212890625	0.0	8.0	24
Ϯ	0.1513671875	0.9404296875	0.15771484375	0.9482421875	-1.0	10.0	23
ϯ	0.2421875	0.887451171875	0.2470703125	0.896484375	-1.0	12.0	17
ϰ	0.06640625	0.96337890625	0.07275390625	0.96923828125	-1.0	18.0	23
ϱ	0.904541015625	0.92041015625	0.909912109375	0.928466796875	2.0	18.0	24
ϲ	0.63623046875	0.952880859375	0.64208984375	0.959228515625	1.0	16.0	25
ϳ	0.881591796875	0.944580078125	0.88427734375	0.95166015625	-1.0	16.0	12
ϴ	0.896728515625	0.9287109375	0.904052734375	0.9365234375	0.0	10.0	31
ϵ	0.3544921875	0.9609375	0.35888671875	0.966796875	0.0	18.0	19
϶	0.359375	0.9609375	0.36376953125	0.966796875	0.0	18.0	19
Ϸ	0.75048828125	0.9375	0.7548828125	0.9453125	2.0	10.0	21
ϸ	0.703857421875	0.952880859375	0.708251953125	0.959228515625	2.0	16.0	21
Ϲ	0.8408203125	0.911865234375	0.847412109375	0.920166015625	0.0	9.0	27
Ϻ	0.93505859375	0.9287109375	0.942138671875	0.9365234375	2.0	10.0	33
ϻ	0.834716796875	0.920654296875	0.8408203125	0.9287109375	2.0	18.0	29
Ё	0.61572265625	0.0	0.6201171875	0.010498046875	2.0	-1.0	21
Ђ	0.98046875	0.9287109375	0.987548828125	0.9365234375	-1.0	10.0	29
Ѓ	0.62060546875	0.0	0.625	0.010498046875	2.0	-1.0	19
Є	0.38525390625	0.938232421875	0.39111328125	0.946044921875	0.0	10.0	25
Ѕ	0.70654296875	0.9375	0.7109375	0.9453125	0.0	10.0	19
І	0.8212890625	0.937255859375	0.822998046875	0.945068359375	2.0	10.0	12
Ї	0.634033203125	0.0	0.63720703125	0.010498046875	-3.0	-1.0	12
Ј	0.300537109375	0.886474609375	0.3037109375	0.8955078125	-2.0	10.0	12
Љ	0.08447265625	0.932373046875	0.094482421875	0.940185546875	-1.0	10.0	40
Њ	0.17529296875	0.93212890625	0.1845703125	0.93994140625	2.0	10.0	40
Ћ	0.818603515625	0.92919921875	0.825927734375	0.93701171875	-1.0	10.0	30
Ќ	0.221923828125	0.0	0.228271484375	0.010986328125	2.0	-1.0	28
Ў	0.54150390625	0.0	0.547607421875	0.010498046875	0.0	-1.0	23
Џ	0.291748046875	0.715576171875	0.2978515625	0.72509765625	2.0	10.0	29
А	0.72998046875	0.929443359375	0.737548828125	0.937255859375	-1.0	10.0	28
Б	0.569091796875	0.9375	0.57421875	0.9453125	2.0	10.0	23
В	0.68212890625	0.9375	0.6865234375	0.9453125	2.0	10.0	21
Г	0.74072265625	0.9375	0.7451171875	0.9453125	2.0	10.0	19
Д	0.21142578125	0.716796875	0.21875	0.726318359375	-1.0	10.0	28
Е	0.75537109375	0.9375	0.759521484375	0.9453125	2.0	10.0	21
Ж	0.125244140625	0.932373046875	0.134765625	0.940185546875	-1.0	10.0	36
З	0.580322265625	0.9375	0.58544921875	0.9453125	0.0	10.0	22
И	0.171875	0.940185546875	0.17822265625	0.947998046875	2.0	10.0	31
Й	0.53466796875	0.0	0.541015625	0.010498046875	2.0	-1.0	31
К	0.279541015625	0.914794921875	0.285888671875	0.92333984375	2.0	9.0	28
Л	0.1787109375	0.940185546875	0.18505859375	0.947998046875	-1.0	10.0	27
М	0.34814453125	0.930419921875	0.35693359375	0.938232421875	-1.0	10.0	35
Н	0.988037109375	0.9287109375	0.9951171875	0.9365234375	2.0	10.0	33
О	0.630615234375	0.929443359375	0.638427734375	0.937255859375	0.0	10.0	33
П	0.314208984375	0.939208984375	0.3203125	0.947021484375	2.0	10.0	29
Р	0.74560546875	0.9375	0.75	0.9453125	2.0	10.0	21
С	0.819580078125	0.912353515625	0.826171875	0.920654296875	0.0	9.0	27
Т	0.185546875	0.940185546875	0.19189453125	0.947998046875	-1.0	10.0	23
У	0.3076171875	0.939208984375	0.313720703125	0.947021484375	0.0	10.0	23
Ф	0.638427734375	0.921142578125	0.645751953125	0.92919921875	0.0	9.0	30
Х	0.692138671875	0.921142578125	0.698974609375	0.92919921875	0.0	10.0	27
Ц	0.234375	0.716796875	0.241455078125	0.726318359375	2.0	10.0	30
Ч	0.422607421875	0.93798828125	0.42822265625	0.94580078125	2.0	10.0	27
Ш	0.4306640625	0.929931640625	0.439208984375	0.937744140625	2.0	10.0	39
Щ	0.927734375	0.656005859375	0.93701171875	0.66552734375	2.0	10.0	40
Ъ	0.957763671875	0.9287109375	0.96484375	0.9365234375	-1.0	10.0	29
Ы	0.051513671875	0.9404296875	0.058349609375	0.9482421875	2.0	10.0	32
Ь	0.59716796875	0.9375	0.602294921875	0.9453125	2.0	10.0	23
Э	0.37255859375	0.938232421875	0.37841796875	0.946044921875	0.0	10.0	25
Ю	0.1552734375	0.932373046875	0.164794921875	0.940185546875	2.0	10.0	42
Я	0.54638671875	0.9375	0.5517578125	0.9453125	0.0	10.0	24
а	0.509521484375	0.953125	0.51611328125	0.95947265625	-1.0	16.0	24
б	0.042724609375	0.923828125	0.04833984375	0.93212890625	1.0	8.0	24
в	0.32421875	0.961669921875	0.328857421875	0.967529296875	2.0	18.0	22
г	0.392333984375	0.96044921875	0.395751953125	0.96630859375	2.0	18.0	15
д	0.169921875	0.948486328125	0.17578125	0.9560546875	-1.0	18.0	22
е	0.354248046875	0.9541015625	0.3583984375	0.960693359375	2.0	16.0	22
ж	0.026123046875	0.963623046875	0.0341796875	0.969482421875	-1.0	18.0	31
з	0.349609375	0.9609375	0.35400390625	0.966796875	0.0	18.0	18
и	0.26025390625	0.962646484375	0.26513671875	0.968505859375	2.0	18.0	24
й	0.99462890625	0.030029296875	0.99951171875	0.039794921875	2.0	2.0	24
к	0.2548828125	0.962646484375	0.259765625	0.968505859375	2.0	18.0	20
л	0.204833984375	0.962890625	0.2099609375	0.96875	-1.0	18.0	22
м	0.1005859375	0.96337890625	0.106689453125	0.96923828125	2.0	18.0	29
н	0.30859375	0.961669921875	0.3134765625	0.967529296875	2.0	18.0	23
о	0.551513671875	0.952880859375	0.557861328125	0.959228515625	1.0	16.0	28
п	0.287109375	0.962646484375	0.2919921875	0.968505859375	2.0	18.0	23
р	0.708740234375	0.952880859375	0.713134765625	0.959228515625	2.0	16.0	21
с	0.642578125	0.952880859375	0.6484375	0.959228515625	1.0	16.0	25
т	0.3642578125	0.960693359375	0.36865234375	0.966552734375	-1.0	18.0	17
у	0.6171875	0.952880859375	0.623046875	0.959228515625	-1.0	16.0	22
ф	0.828369140625	0.0	0.835205078125	0.010009765625	0.0	10.0	28
х	0.289794921875	0.955810546875	0.2958984375	0.96240234375	0.0	16.0	23
ц	0.200927734375	0.9482421875	0.20654296875	0.955810546875	2.0	18.0	24
ч	0.27099609375	0.962646484375	0.27587890625	0.968505859375	1.0	18.0	23
ш	0.058837890625	0.963623046875	0.06591796875	0.969482421875	2.0	18.0	33
щ	0.95263671875	0.936767578125	0.960693359375	0.9443359375	2.0	18.0	34
ъ	0.107177734375	0.96337890625	0.11328125	0.96923828125	-1.0	18.0	24
ы	0.080078125	0.96337890625	0.08642578125	0.96923828125	2.0	18.0	29
ь	0.339599609375	0.961181640625	0.34423828125	0.967041015625	2.0	18.0	21
э	0.3447265625	0.9609375	0.34912109375	0.966796875	0.0	18.0	19
ю	0.05078125	0.963623046875	0.058349609375	0.969482421875	2.0	18.0	33
я	0.33447265625	0.961181640625	0.339111328125	0.967041015625	0.0	18.0	21
ё	0.99462890625	0.47998046875	0.9990234375	0.489501953125	2.0	4.0	22
ђ	0.685791015625	0.0	0.69140625	0.01025390625	-1.0	8.0	24
ѓ	0.90478515625	0.0	0.908203125	0.010009765625	2.0	1.0	15
є	0.37890625	0.960693359375	0.38330078125	0.966552734375	0.0	18.0	19
ѕ	0.713623046875	0.952880859375	0.7177734375	0.959228515625	1.0	16.0	18
і	0.74951171875	0.952880859375	0.751220703125	0.959228515625	2.0	16.0	11
ї	0.99609375	0.665283203125	0.99951171875	0.674560546875	-3.0	4.0	11
ј	0.87841796875	0.944580078125	0.881103515625	0.95166015625	-1.0	16.0	12
љ	0.017578125	0.963623046875	0.025634765625	0.969482421875	-1.0	18.0	32
њ	0.042724609375	0.963623046875	0.05029296875	0.969482421875	2.0	18.0	33
ћ	0.048828125	0.923828125	0.054443359375	0.93212890625	-1.0	8.0	23
ќ	0.87548828125	0.0	0.88037109375	0.010009765625	2.0	1.0	20
ў	0.591552734375	0.461181640625	0.597412109375	0.470947265625	-1.0	2.0	22
џ	0.24755859375	0.947998046875	0.25244140625	0.95556640625	2.0	18.0	23
Ґ	0.273681640625	0.887451171875	0.278076171875	0.896484375	2.0	5.0	19
ґ	0.874267578125	0.944580078125	0.8779296875	0.95166015625	2.0	13.0	16
ḿ	0.686279296875	0.91259765625	0.694091796875	0.9208984375	3.0	8.0	38
Ẁ	0.369140625	0.0	0.37841796875	0.010498046875	-1.0	-1.0	36
ẁ	0.71484375	0.0	0.723876953125	0.010009765625	-1.0	1.0	35
Ẃ	0.3984375	0.0	0.40771484375	0.010498046875	-1.0	-1.0	36
ẃ	0.705322265625	0.0	0.71435546875	0.010009765625	-1.0	1.0	35
Ẅ	0.388671875	0.0	0.39794921875	0.010498046875	-1.0	-1.0	36
ẅ	0.740234375	0.829345703125	0.749267578125	0.838623046875	-1.0	4.0	35
Ỳ	0.561279296875	0.0	0.5673828125	0.010498046875	-1.0	-1.0	23
ỳ	0.86328125	0.0	0.869140625	0.010009765625	-1.0	1.0	22
‐	0.248291015625	0.97314453125	0.251708984375	0.974609375	1.0	26.0	16
–	0.128173828125	0.97412109375	0.13330078125	0.975830078125	-1.0	26.0	19
—	0.09521484375	0.97412109375	0.10498046875	0.975830078125	-1.0	26.0	38
―	0.264892578125	0.97314453125	0.269775390625	0.974365234375	-1.0	21.0	17
‖	0.338623046875	0.0	0.3427734375	0.0107421875	3.0	7.0	22
‘	0.7294921875	0.965087890625	0.73193359375	0.96826171875	0.0	9.0	9
’	0.7265625	0.965087890625	0.72900390625	0.96826171875	0.0	9.0	9
‚	0.72021484375	0.965087890625	0.722900390625	0.96826171875	-1.0	34.0	10
‛	0.929931640625	0.963134765625	0.931884765625	0.9658203125	1.0	10.0	9
“	0.680908203125	0.965087890625	0.685302734375	0.96826171875	0.0	9.0	17
”	0.666259765625	0.965087890625	0.670654296875	0.96826171875	0.0	9.0	17
„	0.676025390625	0.965087890625	0.680419921875	0.96826171875	0.0	34.0	17
†	0.4013671875	0.912841796875	0.406005859375	0.92138671875	0.0	10.0	19
‡	0.406494140625	0.912841796875	0.4111328125	0.92138671875	0.0	10.0	19
•	0.157958984375	0.96923828125	0.162353515625	0.9736328125	1.0	16.0	21
․	0.142333984375	0.97412109375	0.144287109375	0.975830078125	1.0	35.0	9
‥	0.1337890625	0.97412109375	0.137939453125	0.975830078125	1.0	35.0	18
…	0.050537109375	0.974609375	0.057373046875	0.9765625	1.0	34.0	29
‧	0.075439453125	0.97412109375	0.077392578125	0.97607421875	1.0	25.0	9
‰	0.073974609375	0.932373046875	0.083984375	0.940185546875	0.0	10.0	41
′	0.846923828125	0.963623046875	0.8486328125	0.966552734375	1.0	10.0	9
″	0.810546875	0.96435546875	0.813720703125	0.96728515625	1.0	10.0	16
‵	0.84912109375	0.963623046875	0.850830078125	0.966552734375	1.0	10.0	9
‹	0.186279296875	0.968994140625	0.189208984375	0.973388671875	-1.0	18.0	10
›	0.189697265625	0.968994140625	0.192626953125	0.973388671875	-1.0	18.0	10
※	0.622314453125	0.929443359375	0.630126953125	0.937255859375	0.0	10.0	32
‼	0.99560546875	0.9287109375	0.99951171875	0.9365234375	2.0	10.0	20
‾	0.223876953125	0.973388671875	0.228759765625	0.974853515625	-1.0	8.0	17
⁄	0.2197265625	0.940185546875	0.22607421875	0.947998046875	-1.0	10.0	22
⁴	0.92919921875	0.9580078125	0.93310546875	0.962890625	-1.0	10.0	14
⁵	0.94580078125	0.9580078125	0.948974609375	0.962890625	1.0	10.0	15
⁷	0.93359375	0.9580078125	0.937255859375	0.962890625	0.0	10.0	15
⁸	0.937744140625	0.9580078125	0.94140625	0.962890625	0.0	10.0	15
ⁿ	0.31396484375	0.9677734375	0.317626953125	0.971923828125	1.0	10.0	16
₠	0.34716796875	0.9384765625	0.35302734375	0.9462890625	1.0	10.0	25
₡	0.21435546875	0.887451171875	0.2197265625	0.896484375	1.0	7.0	22
₢	0.51708984375	0.9375	0.5224609375	0.9453125	1.0	10.0	22
₣	0.55224609375	0.9375	0.557373046875	0.9453125	-1.0	10.0	20
₤	0.591552734375	0.9375	0.5966796875	0.9453125	1.0	10.0	22
₥	0.572998046875	0.921142578125	0.580810546875	0.92919921875	2.0	13.0	35
₦	0.022216796875	0.940673828125	0.029052734375	0.948486328125	-1.0	10.0	26
₧	0.062744140625	0.932373046875	0.073486328125	0.940185546875	2.0	10.0	46
₨	0.596923828125	0.929443359375	0.60498046875	0.937255859375	2.0	10.0	35
₩	0.58837890625	0.929443359375	0.596435546875	0.937255859375	-1.0	10.0	30
₪	0.29248046875	0.962646484375	0.29736328125	0.968505859375	0.0	18.0	21
₫	0.565673828125	0.461181640625	0.57177734375	0.470947265625	0.0	8.0	24
€	0.23046875	0.947998046875	0.23583984375	0.95556640625	-1.0	11.0	21
₭	0.410400390625	0.93798828125	0.416015625	0.94580078125	-1.0	10.0	21
₮	0.629638671875	0.9375	0.634521484375	0.9453125	-1.0	10.0	18
₯	0.35693359375	0.0	0.36865234375	0.010498046875	-1.0	6.0	46
₰	0.880859375	0.0	0.885498046875	0.010009765625	-1.0	9.0	18
₱	0.2333984375	0.93994140625	0.23974609375	0.94775390625	-1.0	10.0	24
℃	0.2529296875	0.931884765625	0.261962890625	0.939697265625	0.0	10.0	38
℅	0.7783203125	0.92919921875	0.785888671875	0.93701171875	1.0	10.0	33
℉	0.647216796875	0.929443359375	0.655029296875	0.937255859375	2.0	10.0	38
ℓ	0.035888671875	0.932373046875	0.03955078125	0.9404296875	-1.0	9.0	13
№	0.051513671875	0.932373046875	0.062255859375	0.940185546875	2.0	10.0	46
℡	0.165283203125	0.93212890625	0.1748046875	0.93994140625	-1.0	10.0	38
™	0.384765625	0.966552734375	0.392578125	0.970458984375	-1.0	10.0	31
Ω	0.857666015625	0.9287109375	0.864990234375	0.9365234375	0.0	10.0	31
℮	0.88623046875	0.951904296875	0.89208984375	0.9580078125	0.0	17.0	24
⅕	0.46630859375	0.9296875	0.474609375	0.9375	1.0	10.0	36
⅖	0.439697265625	0.929931640625	0.4482421875	0.937744140625	0.0	10.0	36
⅗	0.562744140625	0.929443359375	0.57080078125	0.937255859375	1.0	10.0	35
⅘	0.39453125	0.929931640625	0.403076171875	0.937744140625	0.0	10.0	36
⅙	0.48388671875	0.929443359375	0.4921875	0.937255859375	1.0	10.0	36
⅚	0.55419921875	0.929443359375	0.562255859375	0.937255859375	2.0	10.0	36
⅛	0.18505859375	0.93212890625	0.1943359375	0.93994140625	0.0	10.0	37
⅜	0.27197265625	0.931884765625	0.281005859375	0.939697265625	1.0	10.0	37
⅝	0.3291015625	0.9306640625	0.338134765625	0.9384765625	1.0	10.0	37
⅞	0.403564453125	0.929931640625	0.412109375	0.937744140625	1.0	10.0	37
⅟	0.014892578125	0.940673828125	0.021728515625	0.948486328125	1.0	10.0	35
Ⅰ	0.778564453125	0.937255859375	0.78271484375	0.945068359375	10.0	10.0	38
Ⅱ	0.738037109375	0.929443359375	0.74560546875	0.937255859375	3.0	10.0	38
Ⅲ	0.52783203125	0.929443359375	0.5361328125	0.937255859375	2.0	10.0	38
Ⅳ	0.21435546875	0.93212890625	0.2236328125	0.93994140625	0.0	10.0	38
Ⅴ	0.044189453125	0.940673828125	0.051025390625	0.948486328125	5.0	10.0	38
Ⅵ	0.20458984375	0.93212890625	0.2138671875	0.93994140625	0.0	10.0	38
Ⅶ	0.22412109375	0.931884765625	0.2333984375	0.939697265625	0.0	10.0	38
Ⅷ	0.105224609375	0.932373046875	0.11474609375	0.940185546875	-1.0	10.0	38
Ⅸ	0.36669921875	0.93017578125	0.37548828125	0.93798828125	0.0	10.0	38
Ⅹ	0.212890625	0.940185546875	0.21923828125	0.947998046875	6.0	10.0	38
Ⅺ	0.319580078125	0.9306640625	0.32861328125	0.9384765625	0.0	10.0	38
Ⅻ	0.262451171875	0.931884765625	0.271484375	0.939697265625	0.0	10.0	38
Ⅼ	0.73095703125	0.9375	0.7353515625	0.9453125	11.0	10.0	38
Ⅽ	0.301025390625	0.939208984375	0.30712890625	0.947021484375	6.0	10.0	38
Ⅾ	0.115966796875	0.9404296875	0.12255859375	0.9482421875	6.0	10.0	38
Ⅿ	0.60546875	0.929443359375	0.613525390625	0.937255859375	2.0	10.0	38
ⅰ	0.046630859375	0.932373046875	0.048583984375	0.9404296875	15.0	9.0	38
ⅱ	0.910400390625	0.92041015625	0.915771484375	0.928466796875	8.0	9.0	38
ⅲ	0.66943359375	0.921142578125	0.676513671875	0.92919921875	4.0	9.0	38
ⅳ	0.63037109375	0.921142578125	0.637939453125	0.92919921875	4.0	9.0	38
ⅴ	0.157958984375	0.963134765625	0.16357421875	0.968994140625	7.0	18.0	38
ⅵ	0.606201171875	0.921142578125	0.61376953125	0.92919921875	3.0	9.0	38
ⅶ	0.379638671875	0.921875	0.388427734375	0.929931640625	0.0	9.0	38
ⅷ	0.350830078125	0.921875	0.360107421875	0.929931640625	-1.0	9.0	38
ⅸ	0.6142578125	0.921142578125	0.621826171875	0.92919921875	4.0	9.0	38
ⅹ	0.181640625	0.962890625	0.18701171875	0.96875	8.0	18.0	38
ⅺ	0.661865234375	0.921142578125	0.6689453125	0.92919921875	4.0	9.0	38
ⅻ	0.360595703125	0.921875	0.36962890625	0.929931640625	0.0	9.0	38
ⅼ	0.99560546875	0.911865234375	0.99951171875	0.920166015625	11.0	8.0	38
ⅽ	0.2763671875	0.962646484375	0.28125	0.968505859375	9.0	18.0	38
ⅾ	0.01220703125	0.923828125	0.017822265625	0.93212890625	6.0	8.0	38
ⅿ	0.0	0.963623046875	0.00830078125	0.969482421875	2.0	18.0	38
ↀ	0.300537109375	0.93115234375	0.3095703125	0.93896484375	0.0	10.0	38
ↁ	0.144287109375	0.9404296875	0.15087890625	0.9482421875	6.0	10.0	38
ↂ	0.23388671875	0.931884765625	0.242919921875	0.939697265625	0.0	10.0	38
Ↄ	0.28125	0.93994140625	0.287353515625	0.94775390625	6.0	10.0	38
ↄ	0.30322265625	0.961669921875	0.30810546875	0.967529296875	9.0	18.0	38
ↅ	0.31103515625	0.715576171875	0.31689453125	0.72509765625	7.0	10.0	38
ↆ	0.624267578125	0.9375	0.629150390625	0.9453125	9.0	10.0	38
ↇ	0.08056640625	0.9404296875	0.087158203125	0.9482421875	6.0	10.0	38
ↈ	0.31005859375	0.93115234375	0.319091796875	0.93896484375	0.0	10.0	38
←	0.222900390625	0.968994140625	0.232177734375	0.97314453125	0.0	16.0	38
↑	0.273193359375	0.90576171875	0.277099609375	0.91455078125	1.0	8.0	19
→	0.213134765625	0.968994140625	0.222412109375	0.97314453125	0.0	16.0	38
↓	0.277587890625	0.90576171875	0.281494140625	0.91455078125	1.0	8.0	19
↖	0.240478515625	0.955810546875	0.2470703125	0.96240234375	5.0	15.0	38
↗	0.24755859375	0.955810546875	0.254150390625	0.96240234375	5.0	15.0	38
↘	0.254638671875	0.955810546875	0.26123046875	0.96240234375	5.0	15.0	38
↙	0.26171875	0.955810546875	0.268310546875	0.96240234375	5.0	15.0	38
∂	0.212890625	0.9482421875	0.21826171875	0.955810546875	0.0	11.0	22
∆	0.706787109375	0.945556640625	0.713134765625	0.95263671875	-1.0	13.0	24
∈	0.201904296875	0.9560546875	0.209228515625	0.962646484375	3.0	15.0	38
∏	0.079345703125	0.923828125	0.084716796875	0.93212890625	2.0	13.0	25
∑	0.085205078125	0.923828125	0.090576171875	0.93212890625	0.0	13.0	22
−	0.057861328125	0.974365234375	0.0625	0.976318359375	0.0	25.0	20
∕	0.267578125	0.93994140625	0.27392578125	0.94775390625	-1.0	10.0	22
∙	0.068115234375	0.974365234375	0.070068359375	0.976318359375	1.0	22.0	9
√	0.097900390625	0.850341796875	0.10400390625	0.859619140625	-1.0	9.0	22
∝	0.9794921875	0.957763671875	0.986083984375	0.96240234375	2.0	19.0	33
∞	0.400634765625	0.966552734375	0.406494140625	0.970458984375	-1.0	19.0	22
∟	0.740478515625	0.894775390625	0.749267578125	0.903564453125	1.0	6.0	38
∠	0.879638671875	0.951904296875	0.8857421875	0.9580078125	0.0	17.0	26
∣	0.998046875	0.80029296875	0.999267578125	0.809326171875	8.0	12.0	20
∥	0.371826171875	0.953857421875	0.375244140625	0.96044921875	7.0	15.0	27
∧	0.761962890625	0.959228515625	0.767333984375	0.96435546875	3.0	18.0	27
∨	0.767822265625	0.959228515625	0.773193359375	0.96435546875	3.0	18.0	27
∩	0.16357421875	0.948486328125	0.16943359375	0.9560546875	1.0	11.0	27
∪	0.686279296875	0.945556640625	0.692626953125	0.95263671875	6.0	13.0	38
∫	0.99462890625	0.5673828125	0.9990234375	0.57666015625	2.0	11.0	22
∮	0.593017578125	0.0	0.598388671875	0.010498046875	0.0	8.0	22
∴	0.453125	0.960205078125	0.459228515625	0.9658203125	1.0	17.0	26
∵	0.459716796875	0.960205078125	0.4658203125	0.9658203125	1.0	17.0	26
∶	0.733642578125	0.95947265625	0.7353515625	0.96484375	13.0	20.0	32
∷	0.677978515625	0.95947265625	0.683349609375	0.96484375	5.0	20.0	32
∽	0.006103515625	0.974609375	0.01123046875	0.976806640625	3.0	24.0	27
≈	0.0	0.9697265625	0.0048828125	0.974365234375	-1.0	21.0	19
≌	0.892578125	0.951904296875	0.89794921875	0.9580078125	-1.0	17.0	20
≒	0.667236328125	0.952880859375	0.672607421875	0.959228515625	3.0	15.0	27
≠	0.994873046875	0.936767578125	0.99951171875	0.9443359375	0.0	14.0	20
≡	0.506103515625	0.959716796875	0.510986328125	0.96533203125	1.0	15.0	22
≤	0.35888671875	0.9541015625	0.36279296875	0.960693359375	0.0	16.0	16
≥	0.36328125	0.953857421875	0.3671875	0.96044921875	0.0	16.0	16
≦	0.916259765625	0.92041015625	0.921630859375	0.928466796875	-1.0	14.0	20
≧	0.922119140625	0.92041015625	0.927490234375	0.928466796875	-1.0	14.0	20
≮	0.478515625	0.960205078125	0.48388671875	0.9658203125	-1.0	19.0	20
≯	0.47265625	0.960205078125	0.47802734375	0.9658203125	-1.0	19.0	20
⊕	0.5927734375	0.945556640625	0.599853515625	0.95263671875	1.0	16.0	30
⊙	0.9765625	0.944580078125	0.9833984375	0.951416015625	5.0	15.0	38
⊥	0.209716796875	0.9560546875	0.217041015625	0.962646484375	4.0	15.0	38
⊿	0.96923828125	0.944580078125	0.97607421875	0.951416015625	0.0	14.0	27
⌒	0.39306640625	0.966552734375	0.400146484375	0.970458984375	4.0	26.0	38
①	0.556640625	0.810546875	0.56591796875	0.81982421875	0.0	11.0	38
②	0.546875	0.810546875	0.55615234375	0.81982421875	0.0	11.0	38
③	0.52734375	0.810546875	0.53662109375	0.81982421875	0.0	11.0	38
④	0.37109375	0.810791015625	0.38037109375	0.820068359375	0.0	11.0	38
⑤	0.185546875	0.812255859375	0.19482421875	0.821533203125	0.0	11.0	38
⑥	0.126953125	0.812255859375	0.13623046875	0.821533203125	0.0	11.0	38
⑦	0.869140625	0.8193359375	0.87841796875	0.82861328125	0.0	11.0	38
⑧	0.80078125	0.8193359375	0.81005859375	0.82861328125	0.0	11.0	38
⑨	0.732421875	0.81982421875	0.74169921875	0.8291015625	0.0	11.0	38
⑩	0.95703125	0.8193359375	0.96630859375	0.82861328125	0.0	11.0	38
⑴	0.625	0.820068359375	0.63427734375	0.829345703125	0.0	11.0	38
⑵	0.5078125	0.820068359375	0.51708984375	0.829345703125	0.0	11.0	38
⑶	0.48828125	0.820068359375	0.49755859375	0.829345703125	0.0	11.0	38
⑷	0.46875	0.820068359375	0.47802734375	0.829345703125	0.0	11.0	38
⑸	0.458984375	0.820068359375	0.46826171875	0.829345703125	0.0	11.0	38
⑹	0.419921875	0.8203125	0.42919921875	0.82958984375	0.0	11.0	38
⑺	0.29296875	0.820556640625	0.30224609375	0.829833984375	0.0	11.0	38
⑻	0.2734375	0.82080078125	0.28271484375	0.830078125	0.0	11.0	38
⑼	0.21484375	0.82177734375	0.22412109375	0.8310546875	0.0	11.0	38
⑽	0.1953125	0.82177734375	0.20458984375	0.8310546875	0.0	11.0	38
⑾	0.09765625	0.82177734375	0.10693359375	0.8310546875	0.0	11.0	38
⑿	0.068359375	0.82177734375	0.07763671875	0.8310546875	0.0	11.0	38
⒀	0.947265625	0.809814453125	0.95654296875	0.819091796875	0.0	11.0	38
⒁	0.927734375	0.809814453125	0.93701171875	0.819091796875	0.0	11.0	38
⒂	0.771484375	0.81005859375	0.78076171875	0.8193359375	0.0	11.0	38
⒃	0.60546875	0.810546875	0.61474609375	0.81982421875	0.0	11.0	38
⒄	0.46875	0.810546875	0.47802734375	0.81982421875	0.0	11.0	38
⒅	0.4296875	0.810546875	0.43896484375	0.81982421875	0.0	11.0	38
⒆	0.41015625	0.810791015625	0.41943359375	0.820068359375	0.0	11.0	38
⒇	0.302734375	0.81103515625	0.31201171875	0.8203125	0.0	11.0	38
⒈	0.93359375	0.92041015625	0.938720703125	0.928466796875	4.0	9.0	38
⒉	0.54052734375	0.9375	0.5458984375	0.9453125	2.0	10.0	38
⒊	0.5859375	0.9375	0.591064453125	0.9453125	5.0	10.0	38
⒋	0.32080078125	0.938720703125	0.326904296875	0.946533203125	2.0	10.0	38
⒌	0.651123046875	0.9375	0.656005859375	0.9453125	5.0	10.0	38
⒍	0.44091796875	0.93798828125	0.4462890625	0.94580078125	3.0	10.0	38
⒎	0.50537109375	0.9375	0.5107421875	0.9453125	6.0	10.0	38
⒏	0.52294921875	0.9375	0.5283203125	0.9453125	5.0	10.0	38
⒐	0.51123046875	0.9375	0.5166015625	0.9453125	4.0	10.0	38
⒑	0.2509765625	0.923583984375	0.260498046875	0.931640625	0.0	9.0	38
⒒	0.23095703125	0.923583984375	0.240478515625	0.931640625	-1.0	9.0	38
⒓	0.220947265625	0.923583984375	0.23046875	0.931640625	-1.0	9.0	38
⒔	0.3310546875	0.922119140625	0.340576171875	0.93017578125	-1.0	9.0	38
⒕	0.321044921875	0.92236328125	0.33056640625	0.930419921875	-1.0	9.0	38
⒖	0.31103515625	0.92236328125	0.320556640625	0.930419921875	-1.0	9.0	38
⒗	0.301025390625	0.9228515625	0.310546875	0.930908203125	-1.0	9.0	38
⒘	0.3701171875	0.921875	0.379150390625	0.929931640625	1.0	9.0	38
⒙	0.291015625	0.9228515625	0.300537109375	0.930908203125	-1.0	9.0	38
⒚	0.281005859375	0.923583984375	0.29052734375	0.931640625	0.0	9.0	38
⒛	0.13525390625	0.932373046875	0.144775390625	0.940185546875	-1.0	10.0	38
─	0.204345703125	0.973388671875	0.211669921875	0.974853515625	-1.0	23.0	27
━	0.984375	0.962646484375	0.99072265625	0.96484375	-1.0	21.0	22
│	0.353271484375	0.0	0.354736328125	0.0107421875	10.0	4.0	27
┃	0.189453125	0.0	0.191650390625	0.011962890625	7.0	1.0	22
┄	0.121337890625	0.97412109375	0.127685546875	0.975830078125	-1.0	22.0	22
┅	0.970703125	0.962646484375	0.97705078125	0.96484375	-1.0	21.0	22
┆	0.2060546875	0.0	0.20751953125	0.011962890625	8.0	1.0	22
┇	0.19482421875	0.0	0.197021484375	0.011962890625	7.0	1.0	22
┈	0.114501953125	0.97412109375	0.120849609375	0.975830078125	-1.0	22.0	22
┉	0.9775390625	0.962646484375	0.98388671875	0.96484375	-1.0	21.0	22
┊	0.2021484375	0.0	0.20361328125	0.011962890625	8.0	1.0	22
┋	0.197509765625	0.0	0.19970703125	0.011962890625	7.0	1.0	22
┌	0.94140625	0.95166015625	0.94580078125	0.957763671875	10.0	23.0	27
┍	0.856689453125	0.944580078125	0.860595703125	0.95166015625	8.0	21.0	22
┎	0.112548828125	0.956298828125	0.116943359375	0.963134765625	7.0	22.0	22
┏	0.846923828125	0.944580078125	0.851318359375	0.95166015625	7.0	21.0	22
┐	0.931640625	0.95166015625	0.93603515625	0.957763671875	-1.0	23.0	27
┑	0.869873046875	0.944580078125	0.873779296875	0.95166015625	-1.0	21.0	22
┒	0.132080078125	0.956298828125	0.136474609375	0.963134765625	-1.0	22.0	22
┓	0.851806640625	0.944580078125	0.856201171875	0.95166015625	-1.0	21.0	22
└	0.9462890625	0.95166015625	0.95068359375	0.957763671875	10.0	4.0	27
┕	0.865478515625	0.944580078125	0.869384765625	0.95166015625	8.0	1.0	22
┖	0.107666015625	0.956298828125	0.112060546875	0.963134765625	7.0	1.0	22
┗	0.842041015625	0.94482421875	0.846435546875	0.951904296875	7.0	1.0	22
┘	0.9365234375	0.95166015625	0.94091796875	0.957763671875	-1.0	4.0	27
┙	0.861083984375	0.944580078125	0.864990234375	0.95166015625	-1.0	1.0	22
┚	0.117431640625	0.956298828125	0.121826171875	0.963134765625	-1.0	1.0	22
┛	0.832275390625	0.945068359375	0.836669921875	0.9521484375	-1.0	1.0	22
├	0.323974609375	0.0	0.328369140625	0.0107421875	10.0	4.0	27
┝	0.17724609375	0.0	0.18115234375	0.011962890625	8.0	1.0	22
┞	0.138427734375	0.0	0.142822265625	0.011962890625	7.0	1.0	22
┟	0.114013671875	0.0	0.118408203125	0.011962890625	7.0	1.0	22
┠	0.143310546875	0.0	0.147705078125	0.011962890625	7.0	1.0	22
┡	0.148193359375	0.0	0.152587890625	0.011962890625	7.0	1.0	22
┢	0.153076171875	0.0	0.157470703125	0.011962890625	7.0	1.0	22
┣	0.128662109375	0.0	0.133056640625	0.011962890625	7.0	1.0	22
┤	0.333740234375	0.0	0.338134765625	0.0107421875	-1.0	4.0	27
┥	0.181640625	0.0	0.185546875	0.011962890625	-1.0	1.0	22
┦	0.123779296875	0.0	0.128173828125	0.011962890625	-1.0	1.0	22
┧	0.133544921875	0.0	0.137939453125	0.011962890625	-1.0	1.0	22
┨	0.157958984375	0.0	0.162353515625	0.011962890625	-1.0	1.0	22
┩	0.118896484375	0.0	0.123291015625	0.011962890625	-1.0	1.0	22
┪	0.167724609375	0.0	0.172119140625	0.011962890625	-1.0	1.0	22
┫	0.162841796875	0.0	0.167236328125	0.011962890625	-1.0	1.0	22
┬	0.79931640625	0.95263671875	0.806640625	0.958740234375	-1.0	23.0	27
┭	0.658935546875	0.945556640625	0.665283203125	0.95263671875	-1.0	21.0	22
┮	0.747802734375	0.945556640625	0.754150390625	0.95263671875	-1.0	21.0	22
┯	0.665771484375	0.945556640625	0.672119140625	0.95263671875	-1.0	21.0	22
┰	0.013916015625	0.95654296875	0.020263671875	0.96337890625	-1.0	22.0	22
┱	0.768310546875	0.945556640625	0.774658203125	0.95263671875	-1.0	21.0	22
┲	0.761474609375	0.945556640625	0.767822265625	0.95263671875	-1.0	21.0	22
┳	0.740966796875	0.945556640625	0.747314453125	0.95263671875	-1.0	21.0	22
┴	0.80712890625	0.95263671875	0.814453125	0.958740234375	-1.0	4.0	27
┵	0.734130859375	0.945556640625	0.740478515625	0.95263671875	-1.0	1.0	22
┶	0.727294921875	0.945556640625	0.733642578125	0.95263671875	-1.0	1.0	22
┷	0.720458984375	0.945556640625	0.726806640625	0.95263671875	-1.0	1.0	22
┸	0.020751953125	0.95654296875	0.027099609375	0.96337890625	-1.0	1.0	22
┹	0.652099609375	0.945556640625	0.658447265625	0.95263671875	-1.0	1.0	22
┺	0.699951171875	0.945556640625	0.706298828125	0.95263671875	-1.0	1.0	22
┻	0.672607421875	0.945556640625	0.678955078125	0.95263671875	-1.0	1.0	22
┼	0.252197265625	0.0	0.259521484375	0.0107421875	-1.0	4.0	27
┽	0.0615234375	0.0	0.06787109375	0.011962890625	-1.0	1.0	22
┾	0.068359375	0.0	0.07470703125	0.011962890625	-1.0	1.0	22
┿	0.0751953125	0.0	0.08154296875	0.011962890625	-1.0	1.0	22
╀	0.013671875	0.0	0.02001953125	0.011962890625	-1.0	1.0	22
╁	0.0546875	0.0	0.06103515625	0.011962890625	-1.0	1.0	22
╂	0.0478515625	0.0	0.05419921875	0.011962890625	-1.0	1.0	22
╃	0.0205078125	0.0	0.02685546875	0.011962890625	-1.0	1.0	22
╄	0.041015625	0.0	0.04736328125	0.011962890625	-1.0	1.0	22
╅	0.0341796875	0.0	0.04052734375	0.011962890625	-1.0	1.0	22
╆	0.02734375	0.0	0.03369140625	0.011962890625	-1.0	1.0	22
╇	0.0068359375	0.0	0.01318359375	0.011962890625	-1.0	1.0	22
╈	0.0	0.0	0.00634765625	0.011962890625	-1.0	1.0	22
╉	0.095703125	0.0	0.10205078125	0.011962890625	-1.0	1.0	22
╊	0.0888671875	0.0	0.09521484375	0.011962890625	-1.0	1.0	22
╋	0.08203125	0.0	0.08837890625	0.011962890625	-1.0	1.0	22
═	0.642333984375	0.96533203125	0.649658203125	0.968505859375	-1.0	19.0	27
║	0.34765625	0.0	0.350830078125	0.0107421875	7.0	4.0	27
╒	0.827392578125	0.945068359375	0.831787109375	0.9521484375	10.0	19.0	27
╓	0.904052734375	0.95166015625	0.9091796875	0.957763671875	7.0	23.0	27
╔	0.80078125	0.9453125	0.805908203125	0.952392578125	7.0	19.0	27
╕	0.822509765625	0.9453125	0.826904296875	0.952392578125	-1.0	19.0	27
╖	0.90966796875	0.95166015625	0.914794921875	0.957763671875	-1.0	23.0	27
╗	0.806396484375	0.9453125	0.8115234375	0.952392578125	-1.0	19.0	27
╘	0.097900390625	0.956298828125	0.102294921875	0.963134765625	10.0	4.0	27
╙	0.915283203125	0.95166015625	0.92041015625	0.957763671875	7.0	4.0	27
╚	0.0712890625	0.956298828125	0.076416015625	0.963134765625	7.0	4.0	27
╛	0.127197265625	0.956298828125	0.131591796875	0.963134765625	-1.0	4.0	27
╜	0.8984375	0.95166015625	0.903564453125	0.957763671875	-1.0	4.0	27
╝	0.065673828125	0.956298828125	0.07080078125	0.963134765625	-1.0	4.0	27
╞	0.319091796875	0.0	0.323486328125	0.0107421875	10.0	4.0	27
╟	0.296630859375	0.0	0.3017578125	0.0107421875	7.0	4.0	27
╠	0.307861328125	0.0	0.31298828125	0.0107421875	7.0	4.0	27
╡	0.328857421875	0.0	0.333251953125	0.0107421875	-1.0	4.0	27
╢	0.30224609375	0.0	0.307373046875	0.0107421875	-1.0	4.0	27
╣	0.3134765625	0.0	0.318603515625	0.0107421875	-1.0	4.0	27
╤	0.56201171875	0.945556640625	0.5693359375	0.95263671875	-1.0	19.0	27
╥	0.82275390625	0.95263671875	0.830078125	0.958740234375	-1.0	23.0	27
╦	0.56982421875	0.945556640625	0.5771484375	0.95263671875	-1.0	19.0	27
╧	0.901611328125	0.944580078125	0.908935546875	0.951416015625	-1.0	4.0	27
╨	0.81494140625	0.95263671875	0.822265625	0.958740234375	-1.0	4.0	27
╩	0.917236328125	0.944580078125	0.924560546875	0.951416015625	-1.0	4.0	27
╪	0.244384765625	0.0	0.251708984375	0.0107421875	-1.0	4.0	27
╫	0.260009765625	0.0	0.267333984375	0.0107421875	-1.0	4.0	27
╬	0.236572265625	0.0	0.243896484375	0.0107421875	-1.0	4.0	27
╭	0.27880859375	0.96875	0.28271484375	0.972900390625	8.0	22.0	22
╮	0.30078125	0.968017578125	0.3046875	0.97216796875	-1.0	22.0	22
╯	0.283203125	0.96875	0.287109375	0.972900390625	-1.0	12.0	22
╰	0.30517578125	0.9677734375	0.30908203125	0.971923828125	8.0	12.0	22
╱	0.852294921875	0.951904296875	0.858642578125	0.9580078125	-1.0	13.0	22
╲	0.859130859375	0.951904296875	0.865478515625	0.9580078125	-1.0	13.0	22
╳	0.845458984375	0.9521484375	0.851806640625	0.958251953125	-1.0	13.0	22
▁	0.9638671875	0.962646484375	0.97021484375	0.96484375	-1.0	41.0	22
▂	0.572998046875	0.96533203125	0.579345703125	0.96875	-1.0	36.0	22
▃	0.8701171875	0.958251953125	0.87646484375	0.963134765625	-1.0	30.0	22
▄	0.909423828125	0.944580078125	0.916748046875	0.951416015625	-1.0	20.0	27
▅	0.2744140625	0.93994140625	0.28076171875	0.94775390625	-1.0	18.0	22
▆	0.201416015625	0.887451171875	0.207763671875	0.896484375	-1.0	13.0	22
▇	0.52783203125	0.0	0.5341796875	0.010498046875	-1.0	7.0	22
█	0.267822265625	0.0	0.275146484375	0.0107421875	-1.0	4.0	27
▉	0.1025390625	0.0	0.108154296875	0.011962890625	-1.0	1.0	22
▊	0.108642578125	0.0	0.113525390625	0.011962890625	-1.0	1.0	22
▋	0.172607421875	0.0	0.1767578125	0.011962890625	-1.0	1.0	22
▌	0.34326171875	0.0	0.34716796875	0.0107421875	-1.0	4.0	27
▍	0.18603515625	0.0	0.18896484375	0.011962890625	-1.0	1.0	22
▎	0.192138671875	0.0	0.1943359375	0.011962890625	-1.0	1.0	22
▏	0.2001953125	0.0	0.20166015625	0.011962890625	-1.0	1.0	22
▓	0.228759765625	0.0	0.236083984375	0.0107421875	-1.0	4.0	27
▔	0.9912109375	0.962646484375	0.99755859375	0.96484375	-1.0	1.0	22
▕	0.2041015625	0.0	0.20556640625	0.011962890625	18.0	1.0	22
■	0.795166015625	0.958984375	0.800048828125	0.964111328125	1.0	21.0	23
□	0.666259765625	0.95947265625	0.671630859375	0.96484375	1.0	20.0	24
▪	0.831298828125	0.96435546875	0.834228515625	0.96728515625	1.0	21.0	14
▫	0.834716796875	0.964111328125	0.837646484375	0.967041015625	1.0	21.0	14
▯	0.20703125	0.9482421875	0.21240234375	0.955810546875	2.0	11.0	26
▲	0.615478515625	0.945556640625	0.62255859375	0.95263671875	4.0	13.0	37
△	0.15283203125	0.96923828125	0.157470703125	0.9736328125	2.0	16.0	22
▼	0.60791015625	0.945556640625	0.614990234375	0.95263671875	4.0	13.0	37
▽	0.147705078125	0.969482421875	0.15234375	0.973876953125	2.0	18.0	22
◆	0.8876953125	0.958251953125	0.892578125	0.963134765625	1.0	16.0	22
◇	0.89306640625	0.958251953125	0.89794921875	0.963134765625	1.0	16.0	22
◊	0.404296875	0.93798828125	0.409912109375	0.94580078125	0.0	10.0	22
○	0.010498046875	0.9697265625	0.01513671875	0.974365234375	2.0	20.0	23
◌	0.779052734375	0.959228515625	0.783935546875	0.96435546875	-1.0	16.0	19
◎	0.8984375	0.9580078125	0.903076171875	0.962890625	2.0	16.0	22
●	0.773681640625	0.959228515625	0.778564453125	0.96435546875	2.0	18.0	24
◢	0.90869140625	0.9580078125	0.913330078125	0.962890625	2.0	16.0	22
◣	0.913818359375	0.9580078125	0.91845703125	0.962890625	2.0	16.0	22
◤	0.9189453125	0.9580078125	0.923583984375	0.962890625	2.0	16.0	22
◥	0.903564453125	0.9580078125	0.908203125	0.962890625	2.0	16.0	22
◦	0.698974609375	0.965087890625	0.7021484375	0.96826171875	1.0	20.0	14
★	0.016357421875	0.94873046875	0.02392578125	0.956298828125	0.0	11.0	31
☆	0.048583984375	0.94873046875	0.05615234375	0.956298828125	0.0	11.0	31
☉	0.9619140625	0.944580078125	0.96875	0.951416015625	1.0	14.0	30
♀	0.323486328125	0.715576171875	0.328857421875	0.72509765625	3.0	9.0	28
♂	0.0908203125	0.850341796875	0.097412109375	0.859619140625	0.0	9.0	28
⺀	0.789794921875	0.958984375	0.794677734375	0.964111328125	8.0	18.0	38
⺁	0.87353515625	0.828857421875	0.882568359375	0.838134765625	-1.0	9.0	38
⺂	0.633056640625	0.96533203125	0.641845703125	0.968505859375	1.0	11.0	38
⺃	0.081787109375	0.906005859375	0.0888671875	0.914794921875	6.0	7.0	38
⺄	0.2958984375	0.89599609375	0.30517578125	0.90478515625	1.0	10.0	38
⺅	0.294677734375	0.905029296875	0.29833984375	0.913818359375	10.0	8.0	38
⺆	0.0419921875	0.906005859375	0.049560546875	0.914794921875	3.0	8.0	38
⺇	0.666259765625	0.894775390625	0.675048828125	0.903564453125	1.0	8.0	38
⺈	0.109619140625	0.969482421875	0.116943359375	0.973876953125	0.0	7.0	38
⺉	0.29638671875	0.886474609375	0.300048828125	0.8955078125	12.0	7.0	38
⺊	0.2919921875	0.88671875	0.2958984375	0.895751953125	13.0	7.0	38
⺋	0.782470703125	0.95263671875	0.79052734375	0.958740234375	4.0	21.0	38
⺌	0.376220703125	0.966796875	0.38427734375	0.970703125	2.0	8.0	38
⺍	0.787109375	0.96435546875	0.79443359375	0.96728515625	4.0	9.0	38
⺎	0.684814453125	0.894775390625	0.693603515625	0.903564453125	1.0	8.0	38
⺏	0.734130859375	0.87646484375	0.742919921875	0.885498046875	1.0	7.0	38
⺐	0.724853515625	0.87646484375	0.733642578125	0.885498046875	1.0	7.0	38
⺑	0.780517578125	0.876220703125	0.789306640625	0.88525390625	1.0	7.0	38
⺒	0.14990234375	0.9150390625	0.15771484375	0.923583984375	3.0	8.0	38
⺓	0.147216796875	0.887451171875	0.155029296875	0.896484375	3.0	7.0	38
⺔	0.545654296875	0.894775390625	0.554443359375	0.903564453125	1.0	7.0	38
⺕	0.7939453125	0.903564453125	0.802734375	0.912109375	1.0	8.0	38
⺖	0.281982421875	0.90576171875	0.285888671875	0.91455078125	11.0	8.0	38
⺗	0.642822265625	0.95947265625	0.652099609375	0.96484375	0.0	24.0	38
⺘	0.25927734375	0.90576171875	0.263427734375	0.91455078125	10.0	7.0	38
⺙	0.208251953125	0.887451171875	0.2138671875	0.896484375	8.0	7.0	38
⺛	0.536376953125	0.894775390625	0.545166015625	0.903564453125	1.0	8.0	38
⺜	0.548583984375	0.96533203125	0.556396484375	0.96875	3.0	9.0	38
⺝	0.9853515625	0.89404296875	0.993408203125	0.90283203125	1.0	8.0	38
⺞	0.814697265625	0.894287109375	0.823486328125	0.903076171875	1.0	8.0	38
⺟	0.768310546875	0.89453125	0.777099609375	0.9033203125	1.0	8.0	38
⺠	0.9501953125	0.89404296875	0.95849609375	0.90283203125	3.0	8.0	38
⺡	0.30419921875	0.88623046875	0.307373046875	0.895263671875	12.0	7.0	38
⺢	0.796142578125	0.89453125	0.804931640625	0.9033203125	1.0	8.0	38
⺣	0.53955078125	0.96533203125	0.548095703125	0.96875	1.0	18.0	38
⺤	0.241943359375	0.96875	0.250244140625	0.972900390625	2.0	8.0	38
⺥	0.250732421875	0.96875	0.2587890625	0.972900390625	2.0	7.0	38
⺦	0.286376953125	0.905029296875	0.2900390625	0.913818359375	10.0	8.0	38
⺧	0.73583984375	0.95947265625	0.745361328125	0.964599609375	-1.0	7.0	38
⺨	0.244873046875	0.90576171875	0.249267578125	0.91455078125	9.0	8.0	38
⺩	0.27783203125	0.947998046875	0.281982421875	0.95556640625	1.0	10.0	38
⺪	0.119384765625	0.923828125	0.124267578125	0.93212890625	-1.0	10.0	38
⺫	0.56494140625	0.96533203125	0.572509765625	0.96875	4.0	9.0	38
⺬	0.994873046875	0.885009765625	0.99951171875	0.893798828125	1.0	8.0	38
⺭	0.24755859375	0.887451171875	0.25244140625	0.896484375	9.0	7.0	38
⺮	0.193115234375	0.968994140625	0.20263671875	0.97314453125	-1.0	8.0	38
⺯	0.22998046875	0.90576171875	0.234619140625	0.91455078125	1.0	7.0	38
⺰	0.249755859375	0.90576171875	0.254150390625	0.91455078125	10.0	7.0	38
⺱	0.9560546875	0.957763671875	0.9638671875	0.96240234375	3.0	9.0	38
⺲	0.556884765625	0.96533203125	0.564453125	0.96875	4.0	9.0	38
⺳	0.091064453125	0.969482421875	0.100341796875	0.973876953125	0.0	10.0	38
⺴	0.564208984375	0.894775390625	0.572998046875	0.903564453125	1.0	8.0	38
⺵	0.431640625	0.960205078125	0.43896484375	0.9658203125	4.0	14.0	38
⺶	0.240966796875	0.923583984375	0.25048828125	0.931640625	-1.0	7.0	38
⺷	0.382080078125	0.953857421875	0.391357421875	0.960205078125	0.0	7.0	38
⺸	0.869384765625	0.89404296875	0.8779296875	0.90283203125	1.0	8.0	38
⺹	0.420166015625	0.95361328125	0.428955078125	0.9599609375	1.0	7.0	38
⺺	0.656982421875	0.894775390625	0.665771484375	0.903564453125	1.0	8.0	38
⺻	0.40380859375	0.960205078125	0.413330078125	0.9658203125	-1.0	7.0	38
⺼	0.2197265625	0.90576171875	0.224365234375	0.91455078125	9.0	8.0	38
⺽	0.711181640625	0.91259765625	0.718994140625	0.9208984375	3.0	8.0	38
⺾	0.75927734375	0.964599609375	0.76806640625	0.967529296875	1.0	8.0	38
⺿	0.5302734375	0.96533203125	0.5390625	0.96875	1.0	8.0	38
⻀	0.789794921875	0.876220703125	0.798583984375	0.88525390625	1.0	7.0	38
⻁	0.694091796875	0.894775390625	0.702880859375	0.903564453125	1.0	8.0	38
⻂	0.23681640625	0.887451171875	0.24169921875	0.896484375	9.0	7.0	38
⻃	0.232666015625	0.968994140625	0.241455078125	0.97314453125	1.0	8.0	38
⻄	0.712646484375	0.894775390625	0.721435546875	0.903564453125	1.0	8.0	38
⻅	0.731201171875	0.894775390625	0.739990234375	0.903564453125	1.0	8.0	38
⻆	0.052734375	0.8876953125	0.06103515625	0.896728515625	1.0	7.0	38
⻇	0.94140625	0.89404296875	0.94970703125	0.90283203125	0.0	8.0	38
⻈	0.426025390625	0.912841796875	0.43017578125	0.92138671875	11.0	8.0	38
⻉	0.749755859375	0.894775390625	0.758544921875	0.903564453125	1.0	8.0	38
⻊	0.214599609375	0.90576171875	0.21923828125	0.91455078125	-1.0	9.0	38
⻋	0.826904296875	0.875732421875	0.835693359375	0.884765625	1.0	7.0	38
⻌	0.823974609375	0.894287109375	0.832763671875	0.903076171875	1.0	8.0	38
⻍	0.6640625	0.90380859375	0.6728515625	0.912353515625	1.0	8.0	38
⻎	0.554931640625	0.894775390625	0.563720703125	0.903564453125	1.0	8.0	38
⻏	0.306640625	0.904541015625	0.31005859375	0.913330078125	23.0	8.0	38
⻐	0.235107421875	0.90576171875	0.239501953125	0.91455078125	9.0	7.0	38
⻑	0.7197265625	0.90380859375	0.728515625	0.912353515625	1.0	8.0	38
⻒	0.582763671875	0.894775390625	0.591552734375	0.903564453125	1.0	8.0	38
⻓	0.799072265625	0.876220703125	0.807861328125	0.88525390625	1.0	7.0	38
⻔	0.0	0.906005859375	0.008056640625	0.914794921875	3.0	8.0	38
⻕	0.993408203125	0.857177734375	0.99951171875	0.8662109375	6.0	7.0	38
⻖	0.298828125	0.905029296875	0.30224609375	0.913818359375	2.0	8.0	38
⻗	0.100830078125	0.969482421875	0.109130859375	0.973876953125	2.0	8.0	38
⻘	0.845458984375	0.875732421875	0.85400390625	0.884765625	1.0	7.0	38
⻙	0.851318359375	0.89404296875	0.85986328125	0.90283203125	1.0	8.0	38
⻚	0.629150390625	0.894775390625	0.637939453125	0.903564453125	1.0	8.0	38
⻛	0.638427734375	0.894775390625	0.647216796875	0.903564453125	1.0	8.0	38
⻜	0.647705078125	0.894775390625	0.656494140625	0.903564453125	1.0	8.0	38
⻝	0.752685546875	0.876220703125	0.761474609375	0.88525390625	1.0	7.0	38
⻞	0.268798828125	0.887451171875	0.273193359375	0.896484375	1.0	7.0	38
⻟	0.20947265625	0.90576171875	0.214111328125	0.91455078125	1.0	7.0	38
⻠	0.239990234375	0.90576171875	0.244384765625	0.91455078125	9.0	7.0	38
⿰	0.848388671875	0.903076171875	0.85693359375	0.91162109375	1.0	9.0	38
⿱	0.98388671875	0.903076171875	0.992431640625	0.91162109375	1.0	9.0	38
⿲	0.884521484375	0.903076171875	0.89306640625	0.91162109375	1.0	9.0	38
⿳	0.956787109375	0.903076171875	0.96533203125	0.91162109375	1.0	9.0	38
⿴	0.974853515625	0.903076171875	0.9833984375	0.91162109375	1.0	9.0	38
⿵	0.94775390625	0.903076171875	0.956298828125	0.91162109375	1.0	9.0	38
⿶	0.866455078125	0.903076171875	0.875	0.91162109375	1.0	9.0	38
⿷	0.857421875	0.903076171875	0.865966796875	0.91162109375	1.0	9.0	38
⿸	0.9296875	0.903076171875	0.938232421875	0.91162109375	1.0	9.0	38
⿹	0.8212890625	0.9033203125	0.829833984375	0.911865234375	1.0	9.0	38
⿺	0.027099609375	0.9150390625	0.03564453125	0.923583984375	1.0	9.0	38
⿻	0.045166015625	0.9150390625	0.0537109375	0.923583984375	1.0	9.0	38
　	0.998779296875	0.0	0.99951171875	0.000732421875	-1.0	49.0	38
、	0.904296875	0.963134765625	0.9072265625	0.9658203125	1.0	35.0	38
。	0.824462890625	0.96435546875	0.827392578125	0.96728515625	1.0	34.0	38
〃	0.172607421875	0.96923828125	0.1767578125	0.9736328125	11.0	18.0	38
〄	0.41259765625	0.89501953125	0.421630859375	0.90380859375	1.0	9.0	38
々	0.865966796875	0.951904296875	0.872314453125	0.9580078125	3.0	14.0	38
〆	0.47314453125	0.95361328125	0.480224609375	0.9599609375	3.0	13.0	38
〇	0.6435546875	0.91259765625	0.651611328125	0.9208984375	4.0	10.0	38
〈	0.99609375	0.410400390625	0.99951171875	0.420166015625	21.0	7.0	38
〉	0.99609375	0.400390625	0.99951171875	0.41015625	3.0	7.0	38
《	0.99462890625	0.110107421875	0.999267578125	0.119873046875	17.0	7.0	38
》	0.99462890625	0.1201171875	0.999267578125	0.1298828125	1.0	7.0	38
「	0.711181640625	0.4609375	0.71435546875	0.470703125	23.0	7.0	38
」	0.699951171875	0.4609375	0.703369140625	0.470703125	1.0	7.0	38
『	0.67626953125	0.4609375	0.679931640625	0.470703125	21.0	7.0	38
』	0.672119140625	0.4609375	0.67578125	0.470703125	1.0	7.0	38
【	0.99462890625	0.450439453125	0.99853515625	0.460205078125	20.0	7.0	38
】	0.66796875	0.4609375	0.671630859375	0.470703125	2.0	7.0	38
〒	0.522216796875	0.921142578125	0.5302734375	0.92919921875	2.0	11.0	38
〓	0.90087890625	0.936767578125	0.9091796875	0.9443359375	2.0	11.0	38
〔	0.703857421875	0.4609375	0.70703125	0.470703125	23.0	7.0	38
〕	0.70751953125	0.4609375	0.710693359375	0.470703125	2.0	7.0	38
〖	0.99462890625	0.240234375	0.998779296875	0.25	19.0	7.0	38
〗	0.99462890625	0.22021484375	0.998779296875	0.22998046875	1.0	7.0	38
〘	0.99609375	0.430419921875	0.99951171875	0.440185546875	22.0	7.0	38
〙	0.684326171875	0.4609375	0.687744140625	0.470703125	1.0	7.0	38
〚	0.692138671875	0.4609375	0.695556640625	0.470703125	22.0	7.0	38
〛	0.696044921875	0.4609375	0.699462890625	0.470703125	1.0	7.0	38
〜	0.794921875	0.96435546875	0.80224609375	0.96728515625	4.0	21.0	38
〝	0.685791015625	0.965087890625	0.689697265625	0.96826171875	20.0	7.0	38
〞	0.694580078125	0.965087890625	0.698486328125	0.96826171875	1.0	7.0	38
〟	0.690185546875	0.965087890625	0.694091796875	0.96826171875	1.0	34.0	38
〠	0.45654296875	0.95361328125	0.464599609375	0.9599609375	3.0	14.0	38
〡	0.1484375	0.956298828125	0.14990234375	0.963134765625	16.0	13.0	38
〢	0.36767578125	0.953857421875	0.371337890625	0.96044921875	12.0	13.0	38
〣	0.334228515625	0.954345703125	0.339111328125	0.9609375	9.0	13.0	38
〤	0.302978515625	0.954833984375	0.30908203125	0.96142578125	5.0	13.0	38
〥	0.0927734375	0.956298828125	0.097412109375	0.963134765625	9.0	12.0	38
〦	0.124755859375	0.969482421875	0.131103515625	0.973876953125	6.0	16.0	38
〧	0.652587890625	0.95947265625	0.658935546875	0.96484375	6.0	14.0	38
〨	0.872802734375	0.951904296875	0.879150390625	0.9580078125	6.0	13.0	38
〩	0.034423828125	0.95654296875	0.04052734375	0.96337890625	6.0	12.0	38
〪	0.716796875	0.965087890625	0.7197265625	0.96826171875	5.0	28.0	38
〫	0.817626953125	0.96435546875	0.820556640625	0.96728515625	5.0	13.0	38
〬	0.821044921875	0.96435546875	0.823974609375	0.96728515625	20.0	13.0	38
〭	0.71337890625	0.965087890625	0.71630859375	0.96826171875	20.0	28.0	38
〮	0.070556640625	0.974365234375	0.072509765625	0.976318359375	3.0	23.0	38
〯	0.43408203125	0.966064453125	0.43603515625	0.969970703125	3.0	19.0	38
〰	0.932373046875	0.963134765625	0.94140625	0.965576171875	0.0	22.0	38
〱	0.41650390625	0.912841796875	0.4208984375	0.92138671875	7.0	8.0	38
〲	0.293212890625	0.9140625	0.299560546875	0.922607421875	7.0	8.0	38
〳	0.860595703125	0.92041015625	0.866455078125	0.928466796875	5.0	10.0	38
〴	0.654052734375	0.921142578125	0.661376953125	0.92919921875	5.0	10.0	38
〵	0.955322265625	0.92041015625	0.960205078125	0.928466796875	8.0	10.0	38
〶	0.771240234375	0.876220703125	0.780029296875	0.88525390625	1.0	8.0	38
〷	0.06298828125	0.9150390625	0.0712890625	0.923583984375	2.0	9.0	38
〸	0.158203125	0.914794921875	0.166015625	0.92333984375	3.0	9.0	38
〹	0.5478515625	0.921142578125	0.555908203125	0.92919921875	2.0	10.0	38
〺	0.830322265625	0.9033203125	0.8388671875	0.911865234375	1.0	9.0	38
〻	0.949462890625	0.9580078125	0.952392578125	0.962890625	13.0	17.0	38
〼	0.565185546875	0.952880859375	0.5712890625	0.959228515625	6.0	14.0	38
〽	0.754638671875	0.945556640625	0.760986328125	0.95263671875	4.0	13.0	38
〾	0.8935546875	0.903076171875	0.902099609375	0.91162109375	1.0	9.0	38
〿	0.3583984375	0.9130859375	0.363525390625	0.921630859375	8.0	8.0	38
ぁ	0.713623046875	0.945556640625	0.719970703125	0.95263671875	6.0	16.0	38
あ	0.1220703125	0.8876953125	0.130126953125	0.896728515625	3.0	8.0	38
ぃ	0.4462890625	0.960205078125	0.45263671875	0.9658203125	8.0	21.0	38
い	0.5458984375	0.945556640625	0.5537109375	0.95263671875	3.0	12.0	38
ぅ	0.082275390625	0.956298828125	0.087158203125	0.963134765625	8.0	16.0	38
う	0.176025390625	0.90576171875	0.181884765625	0.91455078125	6.0	9.0	38
ぇ	0.282958984375	0.955810546875	0.289306640625	0.96240234375	7.0	18.0	38
え	0.589599609375	0.921142578125	0.597412109375	0.92919921875	3.0	11.0	38
ぉ	0.693115234375	0.945556640625	0.699462890625	0.95263671875	6.0	16.0	38
お	0.0263671875	0.8876953125	0.03466796875	0.896728515625	3.0	8.0	38
か	0.01806640625	0.9150390625	0.026611328125	0.923583984375	1.0	9.0	38
が	0.56982421875	0.90380859375	0.578857421875	0.912353515625	1.0	9.0	38
き	0.05810546875	0.906005859375	0.065673828125	0.914794921875	4.0	9.0	38
ぎ	0.10498046875	0.8876953125	0.113037109375	0.896728515625	4.0	8.0	38
く	0.193359375	0.90576171875	0.1982421875	0.91455078125	8.0	9.0	38
ぐ	0.11962890625	0.906005859375	0.12646484375	0.914794921875	8.0	9.0	38
け	0.025390625	0.906005859375	0.033203125	0.914794921875	4.0	9.0	38
げ	0.0087890625	0.8876953125	0.01708984375	0.896728515625	4.0	8.0	38
こ	0.95458984375	0.944580078125	0.96142578125	0.951416015625	5.0	13.0	38
ご	0.669189453125	0.91259765625	0.67724609375	0.9208984375	5.0	7.0	38
さ	0.1826171875	0.914794921875	0.190185546875	0.92333984375	4.0	9.0	38
ざ	0.096435546875	0.8876953125	0.1044921875	0.896728515625	4.0	7.0	38
し	0.876220703125	0.911865234375	0.882568359375	0.920166015625	8.0	9.0	38
じ	0.924072265625	0.911865234375	0.930419921875	0.920166015625	8.0	9.0	38
す	0.81787109375	0.83837890625	0.826416015625	0.84765625	1.0	8.0	38
ず	0.4453125	0.839111328125	0.4541015625	0.848388671875	1.0	8.0	38
せ	0.572509765625	0.91259765625	0.581298828125	0.9208984375	1.0	10.0	38
ぜ	0.598388671875	0.90380859375	0.607421875	0.912353515625	1.0	9.0	38
そ	0.66064453125	0.91259765625	0.668701171875	0.9208984375	2.0	10.0	38
ぞ	0.72900390625	0.90380859375	0.73779296875	0.912353515625	2.0	9.0	38
た	0.11572265625	0.9150390625	0.123779296875	0.923583984375	2.0	9.0	38
だ	0.08056640625	0.9150390625	0.0888671875	0.923583984375	2.0	9.0	38
ち	0.179443359375	0.887451171875	0.1865234375	0.896484375	3.0	8.0	38
ぢ	0.0615234375	0.8876953125	0.06982421875	0.896728515625	3.0	8.0	38
っ	0.7548828125	0.959228515625	0.761474609375	0.96435546875	5.0	21.0	38
つ	0.159423828125	0.956298828125	0.167724609375	0.962890625	1.0	15.0	38
づ	0.544189453125	0.91259765625	0.55322265625	0.9208984375	1.0	8.0	38
て	0.335205078125	0.94677734375	0.34326171875	0.9541015625	3.0	13.0	38
で	0.352294921875	0.946533203125	0.3603515625	0.953857421875	3.0	13.0	38
と	0.313720703125	0.91357421875	0.320068359375	0.922119140625	5.0	9.0	38
ど	0.190673828125	0.914794921875	0.197998046875	0.92333984375	5.0	9.0	38
な	0.944580078125	0.875732421875	0.952880859375	0.884765625	2.0	8.0	38
に	0.597900390625	0.921142578125	0.605712890625	0.92919921875	3.0	10.0	38
ぬ	0.563232421875	0.91259765625	0.572021484375	0.9208984375	2.0	9.0	38
ね	0.3935546875	0.89501953125	0.402587890625	0.90380859375	1.0	8.0	38
の	0.935546875	0.936767578125	0.943603515625	0.9443359375	3.0	12.0	38
は	0.495849609375	0.921142578125	0.504150390625	0.92919921875	3.0	10.0	38
ば	0.887451171875	0.89404296875	0.89599609375	0.90283203125	3.0	7.0	38
ぱ	0.91162109375	0.903076171875	0.920166015625	0.91162109375	3.0	8.0	38
ひ	0.41259765625	0.929931640625	0.421142578125	0.937744140625	1.0	11.0	38
び	0.675537109375	0.894775390625	0.684326171875	0.903564453125	1.0	7.0	38
ぴ	0.938720703125	0.903076171875	0.947265625	0.91162109375	1.0	8.0	38
ふ	0.521484375	0.90380859375	0.53076171875	0.912353515625	0.0	9.0	38
ぶ	0.4921875	0.90380859375	0.50146484375	0.912353515625	0.0	9.0	38
ぷ	0.51171875	0.90380859375	0.52099609375	0.912353515625	0.0	9.0	38
へ	0.85302734375	0.958251953125	0.86181640625	0.963134765625	1.0	17.0	38
べ	0.429443359375	0.95361328125	0.438232421875	0.9599609375	1.0	11.0	38
ぺ	0.773193359375	0.952880859375	0.781982421875	0.958984375	1.0	12.0	38
ほ	0.617431640625	0.91259765625	0.625732421875	0.9208984375	2.0	10.0	38
ぼ	0.610595703125	0.894775390625	0.619384765625	0.903564453125	2.0	8.0	38
ぽ	0.920654296875	0.903076171875	0.92919921875	0.91162109375	2.0	8.0	38
ま	0.1328125	0.9150390625	0.140869140625	0.923583984375	2.0	9.0	38
み	0.53466796875	0.91259765625	0.543701171875	0.9208984375	1.0	10.0	38
む	0.592041015625	0.894775390625	0.600830078125	0.903564453125	1.0	8.0	38
め	0.141357421875	0.9150390625	0.1494140625	0.923583984375	3.0	9.0	38
も	0.236572265625	0.914794921875	0.243408203125	0.92333984375	4.0	9.0	38
ゃ	0.585205078125	0.945556640625	0.59228515625	0.95263671875	4.0	16.0	38
や	0.91455078125	0.89404296875	0.923095703125	0.90283203125	0.0	9.0	38
ゅ	0.64501953125	0.945556640625	0.651611328125	0.95263671875	7.0	16.0	38
ゆ	0.008544921875	0.850341796875	0.0166015625	0.859619140625	4.0	8.0	38
ょ	0.316162109375	0.954833984375	0.322021484375	0.96142578125	8.0	16.0	38
よ	0.735595703125	0.91259765625	0.7431640625	0.9208984375	4.0	9.0	38
ら	0.141357421875	0.906005859375	0.14794921875	0.914794921875	5.0	9.0	38
り	0.22021484375	0.887451171875	0.225341796875	0.896484375	8.0	8.0	38
る	0.206298828125	0.914794921875	0.21337890625	0.92333984375	4.0	9.0	38
れ	0.3837890625	0.89501953125	0.39306640625	0.90380859375	0.0	9.0	38
ろ	0.790283203125	0.912353515625	0.79736328125	0.920654296875	4.0	10.0	38
ゎ	0.57763671875	0.945556640625	0.584716796875	0.95263671875	4.0	16.0	38
わ	0.881591796875	0.875732421875	0.89013671875	0.884765625	1.0	8.0	38
ゐ	0.487060546875	0.921142578125	0.495361328125	0.92919921875	3.0	10.0	38
ゑ	0.441162109375	0.89501953125	0.4501953125	0.90380859375	1.0	9.0	38
を	0.16357421875	0.887451171875	0.171142578125	0.896484375	3.0	8.0	38
ん	0.5908203125	0.91259765625	0.599365234375	0.9208984375	1.0	9.0	38
ゔ	0.138916015625	0.8876953125	0.146728515625	0.896728515625	5.0	8.0	38
ゕ	0.495361328125	0.953125	0.501953125	0.95947265625	6.0	17.0	38
ゖ	0.591552734375	0.952880859375	0.59765625	0.959228515625	9.0	17.0	38
゙	0.889892578125	0.96337890625	0.89306640625	0.966064453125	24.0	7.0	0
゚	0.90771484375	0.963134765625	0.910400390625	0.9658203125	26.0	8.0	0
゛	0.8935546875	0.96337890625	0.896728515625	0.966064453125	13.0	7.0	38
゜	0.917236328125	0.963134765625	0.919921875	0.9658203125	24.0	8.0	38
ゝ	0.32861328125	0.954345703125	0.333740234375	0.9609375	9.0	13.0	38
ゞ	0.59814453125	0.952880859375	0.60400390625	0.959228515625	9.0	13.0	38
ゟ	0.1943359375	0.887451171875	0.200927734375	0.896484375	4.0	8.0	38
゠	0.650146484375	0.965087890625	0.655029296875	0.96826171875	9.0	20.0	38
ァ	0.50244140625	0.953125	0.509033203125	0.95947265625	5.0	18.0	38
ア	0.944091796875	0.936767578125	0.9521484375	0.9443359375	2.0	12.0	38
ィ	0.0537109375	0.95654296875	0.059326171875	0.96337890625	5.0	16.0	38
イ	0.221435546875	0.914794921875	0.228515625	0.92333984375	1.0	9.0	38
ゥ	0.794677734375	0.9453125	0.80029296875	0.952392578125	7.0	16.0	38
ウ	0.112060546875	0.906005859375	0.119140625	0.914794921875	5.0	9.0	38
ェ	0.986572265625	0.957763671875	0.9931640625	0.96240234375	6.0	23.0	38
エ	0.168212890625	0.956298828125	0.176513671875	0.962890625	2.0	13.0	38
ォ	0.9326171875	0.944580078125	0.939453125	0.951416015625	5.0	16.0	38
オ	0.721923828125	0.894775390625	0.730712890625	0.903564453125	1.0	8.0	38
カ	0.198486328125	0.914794921875	0.205810546875	0.92333984375	2.0	9.0	38
ガ	0.896484375	0.89404296875	0.905029296875	0.90283203125	2.0	8.0	38
キ	0.0	0.8876953125	0.00830078125	0.896728515625	1.0	8.0	38
ギ	0.761962890625	0.876220703125	0.770751953125	0.88525390625	1.0	8.0	38
ク	0.126953125	0.906005859375	0.1337890625	0.914794921875	2.0	9.0	38
グ	0.87255859375	0.875732421875	0.881103515625	0.884765625	2.0	8.0	38
ケ	0.113525390625	0.8876953125	0.12158203125	0.896728515625	2.0	8.0	38
ゲ	0.863525390625	0.875732421875	0.8720703125	0.884765625	2.0	8.0	38
コ	0.5166015625	0.952880859375	0.523193359375	0.959228515625	3.0	17.0	38
ゴ	0.626220703125	0.91259765625	0.634521484375	0.9208984375	3.0	9.0	38
サ	0.805419921875	0.89453125	0.814208984375	0.9033203125	0.0	9.0	38
ザ	0.48828125	0.87646484375	0.49755859375	0.885498046875	0.0	8.0	38
シ	0.79443359375	0.92919921875	0.802001953125	0.93701171875	3.0	11.0	38
ジ	0.16650390625	0.914794921875	0.174072265625	0.92333984375	3.0	8.0	38
ス	0.318115234375	0.947265625	0.326171875	0.95458984375	2.0	13.0	38
ズ	0.812255859375	0.903564453125	0.82080078125	0.912109375	2.0	8.0	38
セ	0.556396484375	0.921142578125	0.564208984375	0.92919921875	1.0	10.0	38
ゼ	0.80322265625	0.903564453125	0.811767578125	0.912109375	1.0	8.0	38
ソ	0.637939453125	0.945556640625	0.64453125	0.95263671875	3.0	15.0	38
ゾ	0.124267578125	0.9150390625	0.13232421875	0.923583984375	3.0	9.0	38
タ	0.13427734375	0.906005859375	0.140869140625	0.914794921875	3.0	9.0	38
ダ	0.935791015625	0.875732421875	0.944091796875	0.884765625	3.0	8.0	38
チ	0.599853515625	0.91259765625	0.608154296875	0.9208984375	2.0	11.0	38
ヂ	0.3525390625	0.83935546875	0.361328125	0.8486328125	2.0	7.0	38
ッ	0.57177734375	0.952880859375	0.577880859375	0.959228515625	6.0	18.0	38
ツ	0.672119140625	0.929443359375	0.679931640625	0.937255859375	2.0	12.0	38
ヅ	0.87548828125	0.903076171875	0.884033203125	0.91162109375	2.0	9.0	38
テ	0.54541015625	0.929443359375	0.5537109375	0.937255859375	1.0	12.0	38
デ	0.498046875	0.87646484375	0.507080078125	0.885498046875	1.0	7.0	38
ト	0.36962890625	0.9130859375	0.374755859375	0.921630859375	12.0	9.0	38
ド	0.346923828125	0.9130859375	0.352294921875	0.921630859375	12.0	9.0	38
ナ	0.573486328125	0.894775390625	0.582275390625	0.903564453125	1.0	9.0	38
ニ	0.4228515625	0.960205078125	0.43115234375	0.9658203125	2.0	15.0	38
ヌ	0.39306640625	0.9462890625	0.400390625	0.95361328125	4.0	12.0	38
ネ	0.0439453125	0.8876953125	0.05224609375	0.896728515625	2.0	8.0	38
ノ	0.188720703125	0.9482421875	0.1943359375	0.955810546875	6.0	11.0	38
ハ	0.413818359375	0.960205078125	0.42236328125	0.9658203125	1.0	15.0	38
バ	0.51025390625	0.945556640625	0.51904296875	0.95263671875	1.0	9.0	38
パ	0.528564453125	0.945556640625	0.537109375	0.95263671875	1.0	9.0	38
ヒ	0.144287109375	0.948486328125	0.150390625	0.9560546875	7.0	11.0	38
ビ	0.751708984375	0.91259765625	0.759033203125	0.9208984375	7.0	8.0	38
ピ	0.6845703125	0.921142578125	0.691650390625	0.92919921875	7.0	9.0	38
フ	0.55419921875	0.945556640625	0.5615234375	0.95263671875	3.0	14.0	38
ブ	0.83935546875	0.903076171875	0.847900390625	0.91162109375	3.0	8.0	38
プ	0.0361328125	0.9150390625	0.044677734375	0.923583984375	3.0	8.0	38
ヘ	0.745849609375	0.95947265625	0.75439453125	0.964599609375	1.0	16.0	38
ベ	0.150390625	0.956298828125	0.158935546875	0.962890625	1.0	10.0	38
ペ	0.438720703125	0.95361328125	0.447265625	0.9599609375	1.0	11.0	38
ホ	0.05419921875	0.9150390625	0.0625	0.923583984375	2.0	9.0	38
ボ	0.8603515625	0.89404296875	0.868896484375	0.90283203125	2.0	8.0	38
ポ	0.9326171875	0.89404296875	0.94091796875	0.90283203125	2.0	8.0	38
マ	0.193603515625	0.9560546875	0.201416015625	0.962646484375	3.0	15.0	38
ミ	0.17626953125	0.9482421875	0.18212890625	0.955810546875	7.0	11.0	38
ム	0.891845703125	0.936767578125	0.900390625	0.9443359375	2.0	11.0	38
メ	0.750732421875	0.921142578125	0.757568359375	0.92919921875	4.0	10.0	38
モ	0.51953125	0.945556640625	0.528076171875	0.95263671875	2.0	12.0	38
ャ	0.947265625	0.944580078125	0.9541015625	0.951416015625	4.0	16.0	38
ヤ	0.09814453125	0.9150390625	0.1064453125	0.923583984375	1.0	9.0	38
ュ	0.97216796875	0.957763671875	0.97900390625	0.96240234375	5.0	23.0	38
ユ	0.763671875	0.952880859375	0.772705078125	0.958984375	0.0	14.0	38
ョ	0.500732421875	0.959716796875	0.505615234375	0.96533203125	8.0	21.0	38
ヨ	0.78173828125	0.9453125	0.787841796875	0.952392578125	6.0	13.0	38
ラ	0.759521484375	0.91259765625	0.766845703125	0.9208984375	4.0	10.0	38
リ	0.352783203125	0.9130859375	0.35791015625	0.921630859375	8.0	9.0	38
ル	0.864013671875	0.936767578125	0.873046875	0.9443359375	1.0	11.0	38
レ	0.416015625	0.946044921875	0.4228515625	0.953369140625	6.0	11.0	38
ロ	0.29638671875	0.955078125	0.302490234375	0.961669921875	6.0	14.0	38
ヮ	0.661376953125	0.952880859375	0.666748046875	0.959228515625	8.0	18.0	38
ワ	0.007568359375	0.940673828125	0.014404296875	0.948486328125	5.0	13.0	38
ヰ	0.73828125	0.90380859375	0.7470703125	0.912353515625	1.0	9.0	38
ヱ	0.391845703125	0.953857421875	0.40087890625	0.960205078125	1.0	14.0	38
ヲ	0.888916015625	0.9287109375	0.896240234375	0.9365234375	4.0	11.0	38
ン	0.376953125	0.9462890625	0.384521484375	0.95361328125	4.0	12.0	38
ヴ	0.03515625	0.8876953125	0.04345703125	0.896728515625	3.0	8.0	38
ヵ	0.041015625	0.95654296875	0.046875	0.96337890625	7.0	16.0	38
ヶ	0.027587890625	0.95654296875	0.033935546875	0.96337890625	6.0	16.0	38
ヷ	0.050048828125	0.906005859375	0.0576171875	0.914794921875	7.0	8.0	38
ヸ	0.9658203125	0.903076171875	0.974365234375	0.91162109375	2.0	9.0	38
ヹ	0.3759765625	0.93017578125	0.384765625	0.93798828125	1.0	8.0	38
ヺ	0.958984375	0.89404296875	0.96728515625	0.90283203125	4.0	8.0	38
・	0.06298828125	0.974365234375	0.065185546875	0.976318359375	14.0	23.0	38
ー	0.187744140625	0.9736328125	0.19580078125	0.97509765625	2.0	24.0	38
ヽ	0.181884765625	0.968994140625	0.185791015625	0.973388671875	11.0	19.0	38
ヾ	0.2216796875	0.962890625	0.226806640625	0.96875	11.0	13.0	38
ヿ	0.339599609375	0.954345703125	0.34423828125	0.9609375	7.0	14.0	38
ㄅ	0.79345703125	0.9208984375	0.800048828125	0.928955078125	6.0	10.0	38
ㄆ	0.74365234375	0.91259765625	0.751220703125	0.9208984375	3.0	9.0	38
ㄇ	0.9912109375	0.944580078125	0.998046875	0.951416015625	5.0	13.0	38
ㄈ	0.268798828125	0.955810546875	0.275390625	0.96240234375	6.0	13.0	38
ㄉ	0.775146484375	0.912353515625	0.7822265625	0.920654296875	3.0	9.0	38
ㄊ	0.652099609375	0.91259765625	0.66015625	0.9208984375	3.0	9.0	38
ㄋ	0.087890625	0.948486328125	0.0947265625	0.9560546875	5.0	11.0	38
ㄌ	0.767333984375	0.912353515625	0.774658203125	0.920654296875	2.0	9.0	38
ㄍ	0.805419921875	0.912353515625	0.81201171875	0.920654296875	5.0	10.0	38
ㄎ	0.056640625	0.948486328125	0.064208984375	0.9560546875	3.0	11.0	38
ㄏ	0.9697265625	0.936767578125	0.977783203125	0.9443359375	2.0	11.0	38
ㄐ	0.375244140625	0.9130859375	0.380126953125	0.921630859375	9.0	9.0	38
ㄑ	0.41162109375	0.912841796875	0.416015625	0.92138671875	9.0	9.0	38
ㄒ	0.0244140625	0.94873046875	0.031982421875	0.956298828125	3.0	13.0	38
ㄓ	0.614013671875	0.929443359375	0.621826171875	0.937255859375	3.0	10.0	38
ㄔ	0.828125	0.920654296875	0.834228515625	0.9287109375	4.0	10.0	38
ㄕ	0.770263671875	0.929443359375	0.77783203125	0.937255859375	3.0	12.0	38
ㄖ	0.1826171875	0.9482421875	0.188232421875	0.955810546875	7.0	12.0	38
ㄗ	0.109619140625	0.948486328125	0.1162109375	0.9560546875	5.0	12.0	38
ㄘ	0.7275390625	0.91259765625	0.735107421875	0.9208984375	4.0	10.0	38
ㄙ	0.881103515625	0.9287109375	0.888427734375	0.9365234375	4.0	11.0	38
ㄚ	0.847900390625	0.911865234375	0.8544921875	0.920166015625	6.0	10.0	38
ㄛ	0.385009765625	0.9462890625	0.392578125	0.95361328125	4.0	12.0	38
ㄜ	0.826416015625	0.92919921875	0.833740234375	0.93701171875	4.0	11.0	38
ㄝ	0.032470703125	0.94873046875	0.0400390625	0.956298828125	3.0	11.0	38
ㄞ	0.663818359375	0.929443359375	0.671630859375	0.937255859375	2.0	11.0	38
ㄟ	0.309326171875	0.947265625	0.317626953125	0.95458984375	2.0	12.0	38
ㄠ	0.78271484375	0.912353515625	0.789794921875	0.920654296875	4.0	10.0	38
ㄡ	0.986572265625	0.936767578125	0.994384765625	0.9443359375	3.0	12.0	38
ㄢ	0.834228515625	0.928955078125	0.841552734375	0.936767578125	4.0	12.0	38
ㄣ	0.76513671875	0.921142578125	0.771728515625	0.92919921875	5.0	10.0	38
ㄤ	0.702880859375	0.91259765625	0.710693359375	0.9208984375	3.0	10.0	38
ㄥ	0.600341796875	0.945556640625	0.607421875	0.95263671875	5.0	12.0	38
ㄦ	0.961181640625	0.936767578125	0.96923828125	0.9443359375	3.0	11.0	38
ㄧ	0.1962890625	0.973388671875	0.203857421875	0.974853515625	3.0	24.0	38
ㄨ	0.072509765625	0.948486328125	0.079833984375	0.9560546875	3.0	11.0	38
ㄩ	0.007080078125	0.95654296875	0.013427734375	0.96337890625	6.0	13.0	38
ㄪ	0.978271484375	0.936767578125	0.986083984375	0.9443359375	3.0	12.0	38
ㄫ	0.0	0.94873046875	0.0078125	0.956298828125	3.0	11.0	38
ㄬ	0.63623046875	0.90380859375	0.64501953125	0.912353515625	1.0	8.0	38
ㄭ	0.925048828125	0.944580078125	0.93212890625	0.951416015625	5.0	12.0	38
㆐	0.841796875	0.95849609375	0.84326171875	0.963623046875	16.0	6.0	38
㆑	0.8056640625	0.958984375	0.810302734375	0.964111328125	12.0	6.0	38
㆒	0.27880859375	0.97314453125	0.282958984375	0.97412109375	1.0	14.0	38
㆓	0.671142578125	0.965087890625	0.675537109375	0.96826171875	1.0	10.0	38
㆔	0.4814453125	0.966064453125	0.48583984375	0.9697265625	1.0	9.0	38
㆕	0.3095703125	0.9677734375	0.3134765625	0.971923828125	2.0	9.0	38
㆖	0.269287109375	0.96875	0.273681640625	0.972900390625	1.0	8.0	38
㆗	0.030517578125	0.9697265625	0.034423828125	0.974365234375	2.0	8.0	38
㆘	0.264404296875	0.96875	0.268798828125	0.972900390625	1.0	9.0	38
㆙	0.28759765625	0.96875	0.29150390625	0.972900390625	2.0	9.0	38
㆚	0.2919921875	0.96875	0.2958984375	0.972900390625	2.0	8.0	38
㆛	0.025634765625	0.9697265625	0.030029296875	0.974365234375	1.0	8.0	38
㆜	0.17724609375	0.96923828125	0.181396484375	0.9736328125	0.0	8.0	38
㆝	0.020751953125	0.9697265625	0.025146484375	0.974365234375	1.0	8.0	38
㆞	0.015625	0.9697265625	0.020263671875	0.974365234375	1.0	8.0	38
㆟	0.162841796875	0.96923828125	0.167236328125	0.9736328125	1.0	8.0	38
ㆠ	0.883056640625	0.911865234375	0.889404296875	0.920166015625	6.0	9.0	38
ㆡ	0.123046875	0.9404296875	0.129638671875	0.9482421875	6.0	11.0	38
ㆢ	0.960693359375	0.92041015625	0.965576171875	0.928466796875	8.0	10.0	38
ㆣ	0.174560546875	0.914794921875	0.18212890625	0.92333984375	3.0	9.0	38
ㆤ	0.638916015625	0.929443359375	0.646728515625	0.937255859375	3.0	10.0	38
ㆥ	0.581298828125	0.921142578125	0.589111328125	0.92919921875	3.0	10.0	38
ㆦ	0.064697265625	0.948486328125	0.072021484375	0.9560546875	4.0	11.0	38
ㆧ	0.04052734375	0.94873046875	0.048095703125	0.956298828125	4.0	11.0	38
ㆨ	0.45751953125	0.929931640625	0.4658203125	0.937744140625	2.0	11.0	38
ㆩ	0.786376953125	0.9208984375	0.79296875	0.928955078125	5.0	10.0	38
ㆪ	0.465087890625	0.966064453125	0.472900390625	0.9697265625	3.0	18.0	38
ㆫ	0.388916015625	0.921630859375	0.3974609375	0.9296875	1.0	10.0	38
ㆬ	0.53759765625	0.945556640625	0.54541015625	0.95263671875	2.0	13.0	38
ㆭ	0.32666015625	0.94677734375	0.334716796875	0.9541015625	2.0	13.0	38
ㆮ	0.688720703125	0.929443359375	0.696533203125	0.937255859375	3.0	11.0	38
ㆯ	0.646240234375	0.921142578125	0.653564453125	0.92919921875	4.0	10.0	38
ㆰ	0.243896484375	0.914794921875	0.250732421875	0.92333984375	5.0	9.0	38
ㆱ	0.513427734375	0.921142578125	0.521728515625	0.92919921875	2.0	10.0	38
ㆲ	0.893310546875	0.944580078125	0.901123046875	0.951416015625	3.0	13.0	38
ㆳ	0.0400390625	0.932373046875	0.04296875	0.9404296875	10.0	10.0	38
ㆴ	0.039306640625	0.9697265625	0.043212890625	0.974365234375	3.0	24.0	38
ㆵ	0.167724609375	0.96923828125	0.172119140625	0.9736328125	1.0	25.0	38
ㆶ	0.41259765625	0.966064453125	0.4169921875	0.969970703125	1.0	28.0	38
ㆷ	0.142578125	0.969482421875	0.147216796875	0.973876953125	0.0	27.0	38
㇀	0.465087890625	0.95361328125	0.47265625	0.9599609375	3.0	12.0	38
㇁	0.03173828125	0.932373046875	0.035400390625	0.9404296875	7.0	11.0	38
㇂	0.506103515625	0.945556640625	0.509765625	0.952880859375	12.0	11.0	38
㇃	0.3671875	0.966796875	0.375732421875	0.970703125	1.0	17.0	38
㇄	0.16259765625	0.90576171875	0.169189453125	0.91455078125	6.0	7.0	38
㇅	0.83056640625	0.952392578125	0.837646484375	0.95849609375	5.0	13.0	38
㇆	0.40087890625	0.946044921875	0.407958984375	0.953369140625	4.0	11.0	38
㇇	0.630615234375	0.945556640625	0.637451171875	0.95263671875	4.0	11.0	38
㇈	0.34375	0.946533203125	0.351806640625	0.953857421875	3.0	11.0	38
㇉	0.736083984375	0.921142578125	0.742919921875	0.92919921875	6.0	8.0	38
㇊	0.368896484375	0.9462890625	0.37646484375	0.95361328125	4.0	12.0	38
㇋	0.2607421875	0.93994140625	0.26708984375	0.94775390625	7.0	11.0	38
㇌	0.806396484375	0.937255859375	0.81005859375	0.945068359375	12.0	11.0	38
㇍	0.225341796875	0.9560546875	0.232421875	0.962646484375	5.0	13.0	38
㇎	0.1572265625	0.948486328125	0.1630859375	0.9560546875	6.0	11.0	38
㇏	0.059814453125	0.956298828125	0.065185546875	0.963134765625	8.0	12.0	38
㇐	0.255615234375	0.97314453125	0.264404296875	0.974365234375	1.0	22.0	38
㇑	0.996826171875	0.82861328125	0.998046875	0.83740234375	17.0	8.0	38
㇒	0.439453125	0.960205078125	0.44580078125	0.9658203125	6.0	14.0	38
㇓	0.29052734375	0.905029296875	0.294189453125	0.913818359375	7.0	8.0	38
㇔	0.486328125	0.9658203125	0.489990234375	0.969482421875	11.0	18.0	38
㇕	0.09521484375	0.948486328125	0.10205078125	0.9560546875	5.0	11.0	38
㇖	0.614501953125	0.96533203125	0.623291015625	0.968505859375	1.0	11.0	38
㇗	0.942626953125	0.9287109375	0.94970703125	0.9365234375	5.0	9.0	38
㇘	0.677001953125	0.921142578125	0.68408203125	0.92919921875	4.0	9.0	38
㇙	0.004638671875	0.932373046875	0.0087890625	0.9404296875	13.0	9.0	38
㇚	0.314697265625	0.88623046875	0.317626953125	0.895263671875	10.0	7.0	38
㇛	0.013916015625	0.932373046875	0.01806640625	0.9404296875	9.0	9.0	38
㇜	0.408447265625	0.946044921875	0.41552734375	0.953369140625	4.0	10.0	38
㇝	0.36083984375	0.9462890625	0.368408203125	0.95361328125	3.0	11.0	38
㇞	0.84130859375	0.92041015625	0.847412109375	0.928466796875	7.0	9.0	38
㇟	0.1044921875	0.906005859375	0.111572265625	0.914794921875	6.0	7.0	38
㇠	0.10693359375	0.9150390625	0.115234375	0.923583984375	2.0	8.0	38
㇡	0.03369140625	0.906005859375	0.04150390625	0.914794921875	3.0	8.0	38
㇢	0.714111328125	0.921142578125	0.720947265625	0.92919921875	4.0	10.0	38
㇣	0.8623046875	0.958251953125	0.86962890625	0.963134765625	4.0	16.0	38
ㇰ	0.788330078125	0.9453125	0.794189453125	0.952392578125	4.0	16.0	38
ㇱ	0.27587890625	0.955810546875	0.282470703125	0.96240234375	5.0	16.0	38
ㇲ	0.09375	0.96337890625	0.10009765625	0.96923828125	5.0	18.0	38
ㇳ	0.136962890625	0.956298828125	0.14111328125	0.963134765625	14.0	16.0	38
ㇴ	0.120361328125	0.96337890625	0.12646484375	0.96923828125	7.0	18.0	38
ㇵ	0.96435546875	0.957763671875	0.9716796875	0.96240234375	4.0	19.0	38
ㇶ	0.92626953125	0.95166015625	0.93115234375	0.957763671875	9.0	17.0	38
ㇷ	0.46630859375	0.960205078125	0.47216796875	0.9658203125	5.0	20.0	38
ㇸ	0.117431640625	0.969482421875	0.124267578125	0.973876953125	4.0	20.0	38
ㇹ	0.623046875	0.945556640625	0.630126953125	0.95263671875	4.0	15.0	38
ㇺ	0.838134765625	0.9521484375	0.844970703125	0.958251953125	5.0	17.0	38
ㇻ	0.04736328125	0.95654296875	0.05322265625	0.96337890625	7.0	16.0	38
ㇼ	0.076904296875	0.956298828125	0.081787109375	0.963134765625	9.0	16.0	38
ㇽ	0.791015625	0.95263671875	0.798828125	0.958740234375	4.0	17.0	38
ㇾ	0.15185546875	0.963134765625	0.157470703125	0.968994140625	9.0	17.0	38
ㇿ	0.683837890625	0.95947265625	0.689208984375	0.96484375	8.0	19.0	38
㈠	0.283203125	0.81103515625	0.29248046875	0.8203125	0.0	8.0	38
㈡	0.25390625	0.812255859375	0.26318359375	0.821533203125	0.0	8.0	38
㈢	0.234375	0.812255859375	0.24365234375	0.821533203125	0.0	8.0	38
㈣	0.205078125	0.812255859375	0.21435546875	0.821533203125	0.0	8.0	38
㈤	0.1953125	0.812255859375	0.20458984375	0.821533203125	0.0	8.0	38
㈥	0.17578125	0.812255859375	0.18505859375	0.821533203125	0.0	8.0	38
㈦	0.15625	0.812255859375	0.16552734375	0.821533203125	0.0	8.0	38
㈧	0.13671875	0.812255859375	0.14599609375	0.821533203125	0.0	8.0	38
㈨	0.107421875	0.812255859375	0.11669921875	0.821533203125	0.0	8.0	38
㈩	0.09765625	0.812255859375	0.10693359375	0.821533203125	0.0	8.0	38
㈪	0.13671875	0.6875	0.14599609375	0.697021484375	0.0	6.0	38
㈫	0.126953125	0.6875	0.13623046875	0.697021484375	0.0	6.0	38
㈬	0.1171875	0.6875	0.12646484375	0.697021484375	0.0	6.0	38
㈭	0.107421875	0.6875	0.11669921875	0.697021484375	0.0	6.0	38
㈮	0.09765625	0.6875	0.10693359375	0.697021484375	0.0	6.0	38
㈯	0.048828125	0.6875	0.05810546875	0.697021484375	0.0	6.0	38
㈰	0.0390625	0.6875	0.04833984375	0.697021484375	0.0	6.0	38
㈱	0.05859375	0.812255859375	0.06787109375	0.821533203125	0.0	8.0	38
㈳	0.048828125	0.66796875	0.05810546875	0.677490234375	0.0	6.0	38
㈴	0.9375	0.675537109375	0.94677734375	0.68505859375	0.0	6.0	38
㈵	0.888671875	0.675537109375	0.89794921875	0.68505859375	0.0	6.0	38
㈶	0.849609375	0.675537109375	0.85888671875	0.68505859375	0.0	6.0	38
㈷	0.80078125	0.675537109375	0.81005859375	0.68505859375	0.0	6.0	38
㈸	0.791015625	0.675537109375	0.80029296875	0.68505859375	0.0	6.0	38
㈺	0.771484375	0.675537109375	0.78076171875	0.68505859375	0.0	6.0	38
㈻	0.7421875	0.67578125	0.75146484375	0.685302734375	0.0	6.0	38
㈼	0.732421875	0.67578125	0.74169921875	0.685302734375	0.0	6.0	38
㈽	0.72265625	0.676025390625	0.73193359375	0.685546875	0.0	6.0	38
㈾	0.703125	0.676025390625	0.71240234375	0.685546875	0.0	6.0	38
㈿	0.693359375	0.676025390625	0.70263671875	0.685546875	0.0	6.0	38
㉀	0.6640625	0.67626953125	0.67333984375	0.685791015625	0.0	6.0	38
㉁	0.654296875	0.67626953125	0.66357421875	0.685791015625	0.0	6.0	38
㉂	0.615234375	0.67626953125	0.62451171875	0.685791015625	0.0	6.0	38
㉃	0.60546875	0.67626953125	0.61474609375	0.685791015625	0.0	6.0	38
㉐	0.281494140625	0.931884765625	0.29052734375	0.939697265625	2.0	10.0	38
㉑	0.576171875	0.67626953125	0.58544921875	0.685791015625	0.0	6.0	38
㉒	0.56640625	0.67626953125	0.57568359375	0.685791015625	0.0	6.0	38
㉓	0.556640625	0.67626953125	0.56591796875	0.685791015625	0.0	6.0	38
㉔	0.48828125	0.67626953125	0.49755859375	0.685791015625	0.0	6.0	38
㉕	0.46875	0.67626953125	0.47802734375	0.685791015625	0.0	6.0	38
㉖	0.44921875	0.67626953125	0.45849609375	0.685791015625	0.0	6.0	38
㉗	0.439453125	0.67626953125	0.44873046875	0.685791015625	0.0	6.0	38
㉘	0.419921875	0.67626953125	0.42919921875	0.685791015625	0.0	6.0	38
㉙	0.41015625	0.67626953125	0.41943359375	0.685791015625	0.0	6.0	38
㉚	0.380859375	0.676513671875	0.39013671875	0.68603515625	0.0	6.0	38
㉛	0.37109375	0.676513671875	0.38037109375	0.68603515625	0.0	6.0	38
㉜	0.3515625	0.676513671875	0.36083984375	0.68603515625	0.0	6.0	38
㉝	0.341796875	0.676513671875	0.35107421875	0.68603515625	0.0	6.0	38
㉞	0.322265625	0.676513671875	0.33154296875	0.68603515625	0.0	6.0	38
㉟	0.3125	0.676513671875	0.32177734375	0.68603515625	0.0	6.0	38
㊀	0.302734375	0.676513671875	0.31201171875	0.68603515625	0.0	6.0	38
㊁	0.29296875	0.676513671875	0.30224609375	0.68603515625	0.0	6.0	38
㊂	0.2734375	0.676513671875	0.28271484375	0.68603515625	0.0	6.0	38
㊃	0.244140625	0.677001953125	0.25341796875	0.6865234375	0.0	6.0	38
㊄	0.224609375	0.677734375	0.23388671875	0.687255859375	0.0	6.0	38
㊅	0.205078125	0.677734375	0.21435546875	0.687255859375	0.0	6.0	38
㊆	0.17578125	0.677734375	0.18505859375	0.687255859375	0.0	6.0	38
㊇	0.15625	0.677734375	0.16552734375	0.687255859375	0.0	6.0	38
㊈	0.126953125	0.677734375	0.13623046875	0.687255859375	0.0	6.0	38
㊉	0.107421875	0.677734375	0.11669921875	0.687255859375	0.0	6.0	38
㊊	0.048828125	0.677734375	0.05810546875	0.687255859375	0.0	6.0	38
㊋	0.029296875	0.677734375	0.03857421875	0.687255859375	0.0	6.0	38
㊌	0.0	0.677734375	0.00927734375	0.687255859375	0.0	6.0	38
㊍	0.986328125	0.66552734375	0.99560546875	0.675048828125	0.0	6.0	38
㊎	0.9765625	0.665771484375	0.98583984375	0.67529296875	0.0	6.0	38
㊏	0.966796875	0.665771484375	0.97607421875	0.67529296875	0.0	6.0	38
㊐	0.95703125	0.665771484375	0.96630859375	0.67529296875	0.0	6.0	38
㊑	0.9375	0.665771484375	0.94677734375	0.67529296875	0.0	6.0	38
㊒	0.91796875	0.665771484375	0.92724609375	0.67529296875	0.0	6.0	38
㊓	0.8984375	0.665771484375	0.90771484375	0.67529296875	0.0	6.0	38
㊔	0.888671875	0.665771484375	0.89794921875	0.67529296875	0.0	6.0	38
㊕	0.869140625	0.665771484375	0.87841796875	0.67529296875	0.0	6.0	38
㊖	0.849609375	0.665771484375	0.85888671875	0.67529296875	0.0	6.0	38
㊘	0.7421875	0.666015625	0.75146484375	0.675537109375	0.0	6.0	38
㊚	0.712890625	0.666259765625	0.72216796875	0.67578125	0.0	6.0	38
㊛	0.703125	0.666259765625	0.71240234375	0.67578125	0.0	6.0	38
㊜	0.68359375	0.66650390625	0.69287109375	0.676025390625	0.0	6.0	38
㊝	0.654296875	0.66650390625	0.66357421875	0.676025390625	0.0	6.0	38
㊞	0.64453125	0.66650390625	0.65380859375	0.676025390625	0.0	6.0	38
㊟	0.634765625	0.66650390625	0.64404296875	0.676025390625	0.0	6.0	38
㊠	0.60546875	0.66650390625	0.61474609375	0.676025390625	0.0	6.0	38
㊡	0.595703125	0.66650390625	0.60498046875	0.676025390625	0.0	6.0	38
㊢	0.5859375	0.66650390625	0.59521484375	0.676025390625	0.0	6.0	38
㊣	0.58056640625	0.3310546875	0.590087890625	0.3408203125	-1.0	7.0	38
㊩	0.576171875	0.66650390625	0.58544921875	0.676025390625	0.0	6.0	38
㊪	0.56640625	0.66650390625	0.57568359375	0.676025390625	0.0	6.0	38
㊫	0.546875	0.66650390625	0.55615234375	0.676025390625	0.0	6.0	38
㊬	0.517578125	0.66650390625	0.52685546875	0.676025390625	0.0	6.0	38
㊭	0.5078125	0.66650390625	0.51708984375	0.676025390625	0.0	6.0	38
㊮	0.478515625	0.66650390625	0.48779296875	0.676025390625	0.0	6.0	38
㊯	0.46875	0.66650390625	0.47802734375	0.676025390625	0.0	6.0	38
㊰	0.458984375	0.66650390625	0.46826171875	0.676025390625	0.0	6.0	38
㊱	0.44921875	0.66650390625	0.45849609375	0.676025390625	0.0	6.0	38
㊲	0.439453125	0.66650390625	0.44873046875	0.676025390625	0.0	6.0	38
㊳	0.419921875	0.66650390625	0.42919921875	0.676025390625	0.0	6.0	38
㊴	0.390625	0.66650390625	0.39990234375	0.676025390625	0.0	6.0	38
㊵	0.341796875	0.666748046875	0.35107421875	0.67626953125	0.0	6.0	38
㊶	0.33203125	0.666748046875	0.34130859375	0.67626953125	0.0	6.0	38
㊷	0.322265625	0.666748046875	0.33154296875	0.67626953125	0.0	6.0	38
㊸	0.3125	0.666748046875	0.32177734375	0.67626953125	0.0	6.0	38
㊹	0.29296875	0.666748046875	0.30224609375	0.67626953125	0.0	6.0	38
㊺	0.283203125	0.666748046875	0.29248046875	0.67626953125	0.0	6.0	38
㊻	0.2734375	0.666748046875	0.28271484375	0.67626953125	0.0	6.0	38
㊼	0.263671875	0.666748046875	0.27294921875	0.67626953125	0.0	6.0	38
㊽	0.234375	0.66796875	0.24365234375	0.677490234375	0.0	6.0	38
㊾	0.224609375	0.66796875	0.23388671875	0.677490234375	0.0	6.0	38
㊿	0.21484375	0.66796875	0.22412109375	0.677490234375	0.0	6.0	38
㋀	0.53076171875	0.921142578125	0.538818359375	0.92919921875	2.0	9.0	38
㋁	0.469482421875	0.92138671875	0.477783203125	0.929443359375	1.0	9.0	38
㋂	0.460693359375	0.92138671875	0.468994140625	0.929443359375	1.0	9.0	38
㋃	0.49267578125	0.929443359375	0.5009765625	0.937255859375	1.0	10.0	38
㋄	0.50146484375	0.929443359375	0.509765625	0.937255859375	1.0	10.0	38
㋅	0.451904296875	0.921630859375	0.460205078125	0.9296875	1.0	9.0	38
㋆	0.44873046875	0.929931640625	0.45703125	0.937744140625	1.0	10.0	38
㋇	0.504638671875	0.921142578125	0.512939453125	0.92919921875	1.0	9.0	38
㋈	0.421630859375	0.929931640625	0.43017578125	0.937744140625	1.0	10.0	38
㋉	0.406982421875	0.921630859375	0.41552734375	0.9296875	1.0	9.0	38
㋊	0.416015625	0.921630859375	0.424560546875	0.9296875	1.0	9.0	38
㋋	0.425048828125	0.921630859375	0.43359375	0.9296875	1.0	9.0	38
㋌	0.964111328125	0.704833984375	0.972900390625	0.71435546875	1.0	11.0	38
㋍	0.145263671875	0.932373046875	0.15478515625	0.940185546875	-1.0	18.0	38
㋎	0.844970703125	0.936767578125	0.85400390625	0.9443359375	0.0	11.0	38
㋏	0.83544921875	0.93701171875	0.844482421875	0.944580078125	1.0	11.0	38
㎅	0.90966796875	0.936767578125	0.91796875	0.9443359375	2.0	11.0	38
㎆	0.87353515625	0.936767578125	0.88232421875	0.9443359375	2.0	11.0	38
㎇	0.8828125	0.936767578125	0.891357421875	0.9443359375	1.0	11.0	38
㎎	0.43408203125	0.921630859375	0.442626953125	0.9296875	1.0	18.0	38
㎏	0.42529296875	0.0	0.432861328125	0.010498046875	3.0	8.0	38
㎜	0.96484375	0.95166015625	0.973388671875	0.95751953125	1.0	18.0	38
㎝	0.0087890625	0.963623046875	0.01708984375	0.969482421875	1.0	18.0	38
㎞	0.608642578125	0.91259765625	0.616943359375	0.9208984375	2.0	8.0	38
㎡	0.539306640625	0.921142578125	0.54736328125	0.92919921875	3.0	9.0	38
㏄	0.03466796875	0.963623046875	0.042236328125	0.969482421875	3.0	18.0	38
㏋	0.00830078125	0.94873046875	0.015869140625	0.956298828125	4.0	11.0	38
㏌	0.91845703125	0.936767578125	0.926513671875	0.9443359375	2.0	11.0	38
㏎	0.927001953125	0.936767578125	0.93505859375	0.9443359375	2.0	11.0	38
㏑	0.779296875	0.9208984375	0.785888671875	0.928955078125	5.0	9.0	38
㏒	0.6376953125	0.0	0.646240234375	0.01025390625	2.0	9.0	38
㏔	0.75390625	0.952880859375	0.76318359375	0.958984375	0.0	15.0	38
㏕	0.39794921875	0.921630859375	0.406494140625	0.9296875	1.0	9.0	38
㏗	0.47314453125	0.839111328125	0.48193359375	0.848388671875	1.0	11.0	38
㏙	0.82568359375	0.937255859375	0.8349609375	0.94482421875	0.0	11.0	38
㏚	0.8544921875	0.936767578125	0.863525390625	0.9443359375	1.0	11.0	38
㏞	0.094970703125	0.932373046875	0.104736328125	0.940185546875	-1.0	10.0	38
㏟	0.115234375	0.932373046875	0.124755859375	0.940185546875	-1.0	10.0	38
一	0.159423828125	0.973876953125	0.169189453125	0.975341796875	-1.0	23.0	38
丁	0.2568359375	0.896728515625	0.26611328125	0.905517578125	0.0	10.0	38
七	0.70068359375	0.627197265625	0.710205078125	0.63671875	-1.0	7.0	38
万	0.773193359375	0.857666015625	0.78271484375	0.86669921875	-1.0	10.0	38
丈	0.710693359375	0.627197265625	0.72021484375	0.63671875	-1.0	8.0	38
三	0.27099609375	0.923583984375	0.280517578125	0.931640625	0.0	11.0	38
上	0.674560546875	0.8857421875	0.68408203125	0.89453125	-1.0	8.0	38
下	0.66455078125	0.8857421875	0.674072265625	0.89453125	-1.0	10.0	38
丌	0.383056640625	0.904052734375	0.392578125	0.91259765625	-1.0	11.0	38
不	0.7236328125	0.8486328125	0.7333984375	0.857666015625	-1.0	10.0	38
与	0.720703125	0.627197265625	0.730224609375	0.63671875	-1.0	7.0	38
丐	0.3056640625	0.8955078125	0.31494140625	0.904296875	0.0	10.0	38
丑	0.485595703125	0.91259765625	0.4951171875	0.9208984375	-1.0	10.0	38
专	0.030029296875	0.342529296875	0.03955078125	0.352294921875	-1.0	7.0	38
且	0.420654296875	0.885986328125	0.430419921875	0.894775390625	-1.0	9.0	38
丕	0.331787109375	0.904541015625	0.341552734375	0.9130859375	-1.0	9.0	38
世	0.653076171875	0.85791015625	0.66259765625	0.866943359375	-1.0	8.0	38
丘	0.634521484375	0.8857421875	0.64404296875	0.89453125	-1.0	8.0	38
丙	0.52294921875	0.85791015625	0.532470703125	0.866943359375	-1.0	9.0	38
业	0.62451171875	0.8857421875	0.634033203125	0.89453125	-1.0	8.0	38
丛	0.613037109375	0.85791015625	0.62255859375	0.866943359375	0.0	8.0	38
东	0.33837890625	0.559326171875	0.34814453125	0.56884765625	-1.0	7.0	38
丝	0.770751953125	0.790771484375	0.7802734375	0.800048828125	-1.0	7.0	38
丞	0.614501953125	0.8857421875	0.6240234375	0.89453125	-1.0	9.0	38
丟	0.5830078125	0.85791015625	0.592529296875	0.866943359375	-1.0	10.0	38
丢	0.70068359375	0.79150390625	0.710205078125	0.80078125	-1.0	9.0	38
两	0.56298828125	0.85791015625	0.572509765625	0.866943359375	-1.0	9.0	38
严	0.670654296875	0.79150390625	0.68017578125	0.80078125	-1.0	9.0	38
並	0.66064453125	0.79150390625	0.670166015625	0.80078125	-1.0	7.0	38
丧	0.090087890625	0.342529296875	0.099609375	0.352294921875	-1.0	7.0	38
丨	0.998046875	0.752685546875	0.99951171875	0.761962890625	16.0	8.0	38
个	0.37939453125	0.559326171875	0.38916015625	0.56884765625	-1.0	8.0	38
丫	0.45458984375	0.839111328125	0.46337890625	0.848388671875	1.0	8.0	38
丬	0.99462890625	0.0400390625	0.99951171875	0.0498046875	7.0	7.0	38
中	0.990966796875	0.34033203125	0.99951171875	0.35009765625	2.0	7.0	38
丰	0.130126953125	0.342529296875	0.1396484375	0.352294921875	-1.0	7.0	38
串	0.40576171875	0.461181640625	0.4140625	0.470947265625	2.0	7.0	38
临	0.33203125	0.431396484375	0.34130859375	0.441162109375	1.0	7.0	38
丶	0.29638671875	0.96875	0.30029296875	0.972900390625	4.0	18.0	38
丸	0.01025390625	0.162353515625	0.02001953125	0.172119140625	-1.0	7.0	38
丹	0.74853515625	0.724609375	0.75830078125	0.73388671875	-1.0	9.0	38
为	0.1298828125	0.462646484375	0.138671875	0.472412109375	0.0	7.0	38
主	0.532958984375	0.85791015625	0.54248046875	0.866943359375	-1.0	7.0	38
丽	0.58056640625	0.79150390625	0.590087890625	0.80078125	-1.0	9.0	38
举	0.0615234375	0.162353515625	0.0712890625	0.172119140625	-1.0	7.0	38
丿	0.99462890625	0.48974609375	0.9990234375	0.499267578125	7.0	8.0	38
乃	0.990234375	0.847900390625	0.99951171875	0.85693359375	-1.0	10.0	38
久	0.09228515625	0.162353515625	0.10205078125	0.172119140625	-1.0	7.0	38
乇	0.574462890625	0.8857421875	0.583984375	0.89453125	-1.0	10.0	38
么	0.74072265625	0.626953125	0.750244140625	0.636474609375	-1.0	7.0	38
义	0.123046875	0.162353515625	0.1328125	0.172119140625	-1.0	7.0	38
之	0.70751953125	0.724609375	0.71728515625	0.73388671875	-1.0	7.0	38
乌	0.24755859375	0.706298828125	0.256591796875	0.7158203125	-1.0	7.0	38
乍	0.230224609375	0.341552734375	0.23974609375	0.351318359375	-1.0	7.0	38
乎	0.44677734375	0.8486328125	0.45654296875	0.857666015625	-1.0	9.0	38
乏	0.4365234375	0.8486328125	0.4462890625	0.857666015625	-1.0	9.0	38
乐	0.90087890625	0.866455078125	0.910400390625	0.87548828125	-1.0	9.0	38
乒	0.750732421875	0.626708984375	0.76025390625	0.63623046875	-1.0	8.0	38
乓	0.7607421875	0.626708984375	0.770263671875	0.63623046875	-1.0	8.0	38
乔	0.6767578125	0.724853515625	0.6865234375	0.734130859375	-1.0	9.0	38
乖	0.770751953125	0.626708984375	0.7802734375	0.63623046875	-1.0	8.0	38
乘	0.5947265625	0.55908203125	0.6044921875	0.568603515625	-1.0	8.0	38
乙	0.67333984375	0.90380859375	0.68212890625	0.912353515625	1.0	10.0	38
乜	0.3955078125	0.848876953125	0.4052734375	0.85791015625	-1.0	8.0	38
九	0.615234375	0.55908203125	0.625	0.568603515625	-1.0	7.0	38
乞	0.844970703125	0.828857421875	0.85400390625	0.838134765625	0.0	7.0	38
也	0.64599609375	0.724853515625	0.65576171875	0.734130859375	-1.0	7.0	38
习	0.0	0.9150390625	0.008544921875	0.923583984375	1.0	10.0	38
乡	0.990966796875	0.350341796875	0.99951171875	0.360107421875	0.0	7.0	38
书	0.371337890625	0.451416015625	0.38037109375	0.461181640625	-1.0	7.0	38
乩	0.13671875	0.831298828125	0.14599609375	0.840576171875	0.0	8.0	38
买	0.870849609375	0.866455078125	0.88037109375	0.87548828125	-1.0	10.0	38
乱	0.70751953125	0.558837890625	0.71728515625	0.568359375	-1.0	8.0	38
乳	0.5947265625	0.724853515625	0.6044921875	0.734130859375	-1.0	8.0	38
乾	0.78076171875	0.626708984375	0.790283203125	0.63623046875	-1.0	7.0	38
亂	0.712890625	0.695556640625	0.72216796875	0.705078125	1.0	8.0	38
了	0.786865234375	0.89453125	0.795654296875	0.9033203125	0.0	10.0	38
予	0.703369140625	0.894775390625	0.712158203125	0.903564453125	0.0	10.0	38
争	0.80078125	0.626708984375	0.810302734375	0.63623046875	-1.0	7.0	38
事	0.810791015625	0.626708984375	0.8203125	0.63623046875	-1.0	7.0	38
二	0.299560546875	0.947265625	0.308837890625	0.95458984375	0.0	12.0	38
亍	0.58447265625	0.8857421875	0.593994140625	0.89453125	-1.0	10.0	38
于	0.64453125	0.8857421875	0.654052734375	0.89453125	-1.0	10.0	38
亏	0.654541015625	0.8857421875	0.6640625	0.89453125	-1.0	10.0	38
云	0.70458984375	0.8857421875	0.714111328125	0.89453125	-1.0	10.0	38
互	0.50537109375	0.91259765625	0.5146484375	0.9208984375	0.0	10.0	38
亓	0.750732421875	0.866943359375	0.76025390625	0.8759765625	-1.0	10.0	38
五	0.352294921875	0.904296875	0.362060546875	0.912841796875	-1.0	10.0	38
井	0.450439453125	0.341064453125	0.4599609375	0.350830078125	-1.0	7.0	38
亘	0.2373046875	0.896728515625	0.24658203125	0.905517578125	0.0	9.0	38
亙	0.462890625	0.904052734375	0.47216796875	0.91259765625	0.0	10.0	38
亚	0.465576171875	0.912841796875	0.47509765625	0.921142578125	-1.0	10.0	38
些	0.150146484375	0.793212890625	0.15966796875	0.802490234375	-1.0	7.0	38
亞	0.7646484375	0.885498046875	0.774169921875	0.894287109375	-1.0	9.0	38
亟	0.774658203125	0.885498046875	0.7841796875	0.894287109375	-1.0	9.0	38
亠	0.357421875	0.967041015625	0.36669921875	0.970947265625	0.0	8.0	38
亡	0.66064453125	0.8671875	0.670166015625	0.876220703125	-1.0	7.0	38
亢	0.50048828125	0.341064453125	0.510009765625	0.350830078125	0.0	7.0	38
交	0.510498046875	0.341064453125	0.52001953125	0.350830078125	-1.0	7.0	38
亥	0.517578125	0.43115234375	0.52685546875	0.44091796875	0.0	7.0	38
亦	0.6357421875	0.160888671875	0.6455078125	0.170654296875	-1.0	7.0	38
产	0.530517578125	0.341064453125	0.5400390625	0.350830078125	-1.0	7.0	38
亨	0.263671875	0.696044921875	0.27294921875	0.70556640625	0.0	7.0	38
亩	0.25390625	0.6962890625	0.26318359375	0.705810546875	0.0	7.0	38
享	0.82080078125	0.626708984375	0.830322265625	0.63623046875	-1.0	7.0	38
京	0.8408203125	0.626708984375	0.850341796875	0.63623046875	-1.0	7.0	38
亭	0.234375	0.697265625	0.24365234375	0.706787109375	0.0	7.0	38
亮	0.58056640625	0.341064453125	0.590087890625	0.350830078125	-1.0	7.0	38
亲	0.850830078125	0.626708984375	0.8603515625	0.63623046875	-1.0	7.0	38
亳	0.86083984375	0.626708984375	0.870361328125	0.63623046875	0.0	7.0	38
亵	0.610595703125	0.341064453125	0.6201171875	0.350830078125	-1.0	7.0	38
人	0.830810546875	0.78125	0.84033203125	0.79052734375	-1.0	8.0	38
亻	0.639892578125	0.461181640625	0.64501953125	0.470947265625	0.0	7.0	38
亿	0.97412109375	0.55810546875	0.98388671875	0.567626953125	-1.0	7.0	38
什	0.123046875	0.7265625	0.1328125	0.73583984375	-1.0	8.0	38
仁	0.650634765625	0.3408203125	0.66015625	0.3505859375	-1.0	7.0	38
仂	0.95703125	0.685302734375	0.96630859375	0.69482421875	-1.0	8.0	38
仃	0.81005859375	0.160400390625	0.81982421875	0.170166015625	-1.0	7.0	38
仄	0.570556640625	0.8671875	0.580078125	0.876220703125	-1.0	10.0	38
仅	0.83056640625	0.160400390625	0.84033203125	0.170166015625	-1.0	7.0	38
仆	0.0	0.5703125	0.009765625	0.579833984375	-1.0	8.0	38
仇	0.07177734375	0.5703125	0.08154296875	0.579833984375	-1.0	8.0	38
仉	0.861328125	0.160400390625	0.87109375	0.170166015625	-1.0	7.0	38
今	0.87158203125	0.160400390625	0.88134765625	0.170166015625	-1.0	7.0	38
介	0.1025390625	0.5703125	0.1123046875	0.579833984375	-1.0	8.0	38
仍	0.634765625	0.820068359375	0.64404296875	0.829345703125	-1.0	8.0	38
从	0.13330078125	0.5703125	0.14306640625	0.579833984375	-1.0	8.0	38
仑	0.42041015625	0.858154296875	0.43017578125	0.8671875	-1.0	8.0	38
仓	0.21533203125	0.5703125	0.22509765625	0.579833984375	-1.0	7.0	38
仔	0.7607421875	0.781494140625	0.770263671875	0.790771484375	-1.0	8.0	38
仕	0.943359375	0.16015625	0.953125	0.169921875	-1.0	7.0	38
他	0.95361328125	0.16015625	0.96337890625	0.169921875	-1.0	7.0	38
仗	0.2255859375	0.5703125	0.2353515625	0.579833984375	-1.0	8.0	38
付	0.750732421875	0.340576171875	0.76025390625	0.350341796875	-1.0	7.0	38
仙	0.888671875	0.685302734375	0.89794921875	0.69482421875	-1.0	8.0	38
仝	0.41015625	0.858154296875	0.419921875	0.8671875	-1.0	8.0	38
仞	0.869140625	0.685302734375	0.87841796875	0.69482421875	-1.0	8.0	38
仟	0.0205078125	0.17236328125	0.0302734375	0.18212890625	-1.0	7.0	38
仡	0.7607421875	0.340576171875	0.770263671875	0.350341796875	-1.0	7.0	38
代	0.041015625	0.17236328125	0.05078125	0.18212890625	-1.0	7.0	38
令	0.24609375	0.5693359375	0.255859375	0.578857421875	-1.0	8.0	38
以	0.376953125	0.39111328125	0.38623046875	0.40087890625	0.0	7.0	38
仨	0.25634765625	0.569091796875	0.26611328125	0.57861328125	-1.0	8.0	38
仪	0.08203125	0.17236328125	0.091796875	0.18212890625	-1.0	7.0	38
仫	0.09228515625	0.17236328125	0.10205078125	0.18212890625	-1.0	7.0	38
们	0.396484375	0.39111328125	0.40576171875	0.40087890625	-1.0	7.0	38
仰	0.927001953125	0.440673828125	0.93603515625	0.450439453125	-1.0	7.0	38
仲	0.42578125	0.39111328125	0.43505859375	0.40087890625	-1.0	7.0	38
仳	0.13330078125	0.17236328125	0.14306640625	0.18212890625	-1.0	7.0	38
仵	0.1435546875	0.17236328125	0.1533203125	0.18212890625	-1.0	7.0	38
件	0.15380859375	0.17236328125	0.16357421875	0.18212890625	-1.0	7.0	38
价	0.1640625	0.17236328125	0.173828125	0.18212890625	-1.0	7.0	38
任	0.17431640625	0.17236328125	0.18408203125	0.18212890625	-1.0	7.0	38
份	0.1845703125	0.17236328125	0.1943359375	0.18212890625	-1.0	7.0	38
仿	0.19482421875	0.17236328125	0.20458984375	0.18212890625	-1.0	7.0	38
企	0.39990234375	0.858154296875	0.40966796875	0.8671875	-1.0	8.0	38
伉	0.21533203125	0.171630859375	0.22509765625	0.181396484375	-1.0	7.0	38
伊	0.2255859375	0.17138671875	0.2353515625	0.18115234375	-1.0	7.0	38
伋	0.23583984375	0.171142578125	0.24560546875	0.180908203125	-1.0	7.0	38
伍	0.870849609375	0.626708984375	0.88037109375	0.63623046875	-1.0	8.0	38
伎	0.25634765625	0.171142578125	0.26611328125	0.180908203125	-1.0	7.0	38
伏	0.2666015625	0.171142578125	0.2763671875	0.180908203125	-1.0	7.0	38
伐	0.27685546875	0.171142578125	0.28662109375	0.180908203125	-1.0	7.0	38
休	0.287109375	0.171142578125	0.296875	0.180908203125	-1.0	7.0	38
伕	0.29736328125	0.171142578125	0.30712890625	0.180908203125	-1.0	7.0	38
众	0.287109375	0.569091796875	0.296875	0.57861328125	-1.0	8.0	38
优	0.31787109375	0.171142578125	0.32763671875	0.180908203125	-1.0	7.0	38
伙	0.328125	0.171142578125	0.337890625	0.180908203125	-1.0	7.0	38
会	0.29736328125	0.569091796875	0.30712890625	0.57861328125	-1.0	8.0	38
伛	0.880859375	0.626708984375	0.890380859375	0.63623046875	-1.0	8.0	38
伞	0.35888671875	0.1708984375	0.36865234375	0.1806640625	-1.0	7.0	38
伟	0.484375	0.39111328125	0.49365234375	0.40087890625	-1.0	7.0	38
传	0.880859375	0.340576171875	0.890380859375	0.350341796875	-1.0	7.0	38
伢	0.3076171875	0.569091796875	0.3173828125	0.57861328125	-1.0	8.0	38
伤	0.39990234375	0.1708984375	0.40966796875	0.1806640625	-1.0	7.0	38
伥	0.41015625	0.1708984375	0.419921875	0.1806640625	-1.0	7.0	38
伦	0.42041015625	0.1708984375	0.43017578125	0.1806640625	-1.0	7.0	38
伧	0.4306640625	0.1708984375	0.4404296875	0.1806640625	-1.0	7.0	38
伪	0.5234375	0.39111328125	0.53271484375	0.40087890625	-1.0	7.0	38
伫	0.910888671875	0.340576171875	0.92041015625	0.350341796875	-1.0	7.0	38
伯	0.533203125	0.39111328125	0.54248046875	0.40087890625	-1.0	7.0	38
估	0.4716796875	0.1708984375	0.4814453125	0.1806640625	-1.0	7.0	38
伲	0.890869140625	0.626708984375	0.900390625	0.63623046875	-1.0	8.0	38
伴	0.4921875	0.1708984375	0.501953125	0.1806640625	-1.0	7.0	38
伶	0.50244140625	0.1708984375	0.51220703125	0.1806640625	-1.0	7.0	38
伸	0.95556640625	0.4404296875	0.964599609375	0.4501953125	-1.0	7.0	38
伺	0.849609375	0.685302734375	0.85888671875	0.69482421875	-1.0	8.0	38
似	0.533203125	0.1708984375	0.54296875	0.1806640625	-1.0	7.0	38
伽	0.5625	0.39111328125	0.57177734375	0.40087890625	-1.0	7.0	38
佃	0.572265625	0.39111328125	0.58154296875	0.40087890625	-1.0	7.0	38
但	0.56396484375	0.1708984375	0.57373046875	0.1806640625	-1.0	7.0	38
佇	0.33837890625	0.569091796875	0.34814453125	0.57861328125	-1.0	7.0	38
佈	0.98095703125	0.34033203125	0.990478515625	0.35009765625	-1.0	7.0	38
位	0.5947265625	0.1708984375	0.6044921875	0.1806640625	-1.0	7.0	38
低	0.60498046875	0.1708984375	0.61474609375	0.1806640625	-1.0	7.0	38
住	0.615234375	0.1708984375	0.625	0.1806640625	-1.0	7.0	38
佐	0.62548828125	0.1708984375	0.63525390625	0.1806640625	-1.0	7.0	38
佑	0.6357421875	0.1708984375	0.6455078125	0.1806640625	-1.0	7.0	38
体	0.64599609375	0.170654296875	0.65576171875	0.180419921875	-1.0	7.0	38
佔	0.0	0.3525390625	0.009521484375	0.3623046875	-1.0	7.0	38
何	0.66650390625	0.170654296875	0.67626953125	0.180419921875	-1.0	7.0	38
佗	0.010009765625	0.3525390625	0.01953125	0.3623046875	-1.0	7.0	38
佘	0.3486328125	0.569091796875	0.3583984375	0.57861328125	-1.0	7.0	38
余	0.35888671875	0.569091796875	0.36865234375	0.57861328125	-1.0	7.0	38
佚	0.70751953125	0.17041015625	0.71728515625	0.18017578125	-1.0	7.0	38
佛	0.0400390625	0.3525390625	0.049560546875	0.3623046875	-1.0	7.0	38
作	0.72802734375	0.17041015625	0.73779296875	0.18017578125	-1.0	7.0	38
佝	0.611328125	0.39111328125	0.62060546875	0.40087890625	-1.0	7.0	38
佞	0.06005859375	0.3525390625	0.069580078125	0.3623046875	-1.0	7.0	38
佟	0.7587890625	0.17041015625	0.7685546875	0.18017578125	-1.0	7.0	38
你	0.76904296875	0.17041015625	0.77880859375	0.18017578125	-1.0	7.0	38
佣	0.62109375	0.39111328125	0.63037109375	0.40087890625	-1.0	7.0	38
佤	0.369140625	0.569091796875	0.37890625	0.57861328125	-1.0	8.0	38
佥	0.3896484375	0.858154296875	0.3994140625	0.8671875	-1.0	8.0	38
佧	0.10009765625	0.3525390625	0.109619140625	0.3623046875	-1.0	7.0	38
佩	0.8203125	0.17041015625	0.830078125	0.18017578125	-1.0	7.0	38
佬	0.110107421875	0.3525390625	0.11962890625	0.3623046875	-1.0	7.0	38
佯	0.1201171875	0.3525390625	0.129638671875	0.3623046875	-1.0	7.0	38
佰	0.90087890625	0.626708984375	0.910400390625	0.63623046875	-1.0	8.0	38
佳	0.861328125	0.17041015625	0.87109375	0.18017578125	-1.0	7.0	38
佴	0.130126953125	0.3525390625	0.1396484375	0.3623046875	-1.0	7.0	38
併	0.14013671875	0.3525390625	0.149658203125	0.3623046875	-1.0	7.0	38
佶	0.150146484375	0.3525390625	0.15966796875	0.3623046875	-1.0	7.0	38
佺	0.37939453125	0.569091796875	0.38916015625	0.57861328125	-1.0	7.0	38
佻	0.91259765625	0.17041015625	0.92236328125	0.18017578125	-1.0	7.0	38
佼	0.170166015625	0.3525390625	0.1796875	0.3623046875	-1.0	7.0	38
佾	0.03076171875	0.7265625	0.04052734375	0.73583984375	-1.0	8.0	38
使	0.943359375	0.170166015625	0.953125	0.179931640625	-1.0	7.0	38
侃	0.95361328125	0.170166015625	0.96337890625	0.179931640625	-1.0	7.0	38
侄	0.9638671875	0.170166015625	0.9736328125	0.179931640625	-1.0	7.0	38
來	0.190185546875	0.3525390625	0.19970703125	0.3623046875	-1.0	7.0	38
侈	0.2001953125	0.3525390625	0.209716796875	0.3623046875	-1.0	7.0	38
侉	0.0	0.182373046875	0.009765625	0.192138671875	-1.0	7.0	38
例	0.66015625	0.390869140625	0.66943359375	0.400634765625	-1.0	7.0	38
侍	0.0205078125	0.182373046875	0.0302734375	0.192138671875	-1.0	7.0	38
侏	0.03076171875	0.182373046875	0.04052734375	0.192138671875	-1.0	7.0	38
侑	0.041015625	0.182373046875	0.05078125	0.192138671875	-1.0	7.0	38
侔	0.05126953125	0.182373046875	0.06103515625	0.192138671875	-1.0	7.0	38
侖	0.22021484375	0.351806640625	0.229736328125	0.361572265625	-1.0	7.0	38
侗	0.669921875	0.390869140625	0.67919921875	0.400634765625	-1.0	7.0	38
供	0.08203125	0.182373046875	0.091796875	0.192138671875	-1.0	7.0	38
依	0.09228515625	0.182373046875	0.10205078125	0.192138671875	-1.0	7.0	38
侠	0.1025390625	0.182373046875	0.1123046875	0.192138671875	-1.0	7.0	38
侣	0.6796875	0.390869140625	0.68896484375	0.400634765625	-1.0	7.0	38
侥	0.123046875	0.182373046875	0.1328125	0.192138671875	-1.0	7.0	38
侦	0.250244140625	0.351318359375	0.259765625	0.361083984375	-1.0	7.0	38
侧	0.69921875	0.390869140625	0.70849609375	0.400634765625	-1.0	7.0	38
侨	0.15380859375	0.182373046875	0.16357421875	0.192138671875	-1.0	7.0	38
侩	0.1640625	0.182373046875	0.173828125	0.192138671875	-1.0	7.0	38
侪	0.17431640625	0.182373046875	0.18408203125	0.192138671875	-1.0	7.0	38
侬	0.1845703125	0.182373046875	0.1943359375	0.192138671875	-1.0	7.0	38
侮	0.19482421875	0.182373046875	0.20458984375	0.192138671875	-1.0	7.0	38
侯	0.205078125	0.182373046875	0.21484375	0.192138671875	-1.0	7.0	38
侵	0.270263671875	0.351318359375	0.27978515625	0.361083984375	-1.0	7.0	38
侶	0.708984375	0.390869140625	0.71826171875	0.400634765625	-1.0	7.0	38
侷	0.290283203125	0.351318359375	0.2998046875	0.361083984375	-1.0	7.0	38
便	0.24609375	0.18115234375	0.255859375	0.19091796875	-1.0	7.0	38
係	0.25634765625	0.18115234375	0.26611328125	0.19091796875	-1.0	7.0	38
促	0.2666015625	0.18115234375	0.2763671875	0.19091796875	-1.0	7.0	38
俄	0.27685546875	0.18115234375	0.28662109375	0.19091796875	-1.0	7.0	38
俅	0.287109375	0.18115234375	0.296875	0.19091796875	-1.0	7.0	38
俊	0.29736328125	0.18115234375	0.30712890625	0.19091796875	-1.0	7.0	38
俎	0.0205078125	0.7265625	0.0302734375	0.73583984375	-1.0	7.0	38
俏	0.310302734375	0.351318359375	0.31982421875	0.361083984375	-1.0	7.0	38
俐	0.728515625	0.390625	0.73779296875	0.400390625	-1.0	7.0	38
俑	0.748046875	0.390625	0.75732421875	0.400390625	-1.0	7.0	38
俗	0.3486328125	0.18115234375	0.3583984375	0.19091796875	-1.0	7.0	38
俘	0.910888671875	0.626708984375	0.92041015625	0.63623046875	-1.0	8.0	38
俚	0.41015625	0.56884765625	0.419921875	0.578369140625	-1.0	7.0	38
俜	0.37939453125	0.180908203125	0.38916015625	0.190673828125	-1.0	7.0	38
保	0.3896484375	0.180908203125	0.3994140625	0.190673828125	-1.0	7.0	38
俞	0.451171875	0.56884765625	0.4609375	0.578369140625	-1.0	7.0	38
俟	0.41015625	0.180908203125	0.419921875	0.190673828125	-1.0	7.0	38
俠	0.42041015625	0.180908203125	0.43017578125	0.190673828125	-1.0	7.0	38
信	0.4306640625	0.180908203125	0.4404296875	0.190673828125	-1.0	7.0	38
俣	0.44091796875	0.180908203125	0.45068359375	0.190673828125	-1.0	7.0	38
俦	0.3603515625	0.351318359375	0.369873046875	0.361083984375	-1.0	7.0	38
俨	0.46142578125	0.180908203125	0.47119140625	0.190673828125	-1.0	7.0	38
俩	0.370361328125	0.35107421875	0.3798828125	0.36083984375	-1.0	7.0	38
俪	0.38037109375	0.35107421875	0.389892578125	0.36083984375	-1.0	7.0	38
俭	0.4921875	0.180908203125	0.501953125	0.190673828125	-1.0	7.0	38
修	0.50244140625	0.180908203125	0.51220703125	0.190673828125	-1.0	7.0	38
俯	0.390380859375	0.35107421875	0.39990234375	0.36083984375	-1.0	7.0	38
俱	0.46142578125	0.56884765625	0.47119140625	0.578369140625	-1.0	8.0	38
俳	0.410400390625	0.35107421875	0.419921875	0.36083984375	-1.0	7.0	38
俸	0.54345703125	0.180908203125	0.55322265625	0.190673828125	-1.0	7.0	38
俺	0.5537109375	0.180908203125	0.5634765625	0.190673828125	-1.0	7.0	38
俾	0.42041015625	0.35107421875	0.429931640625	0.36083984375	-1.0	7.0	38
倀	0.4716796875	0.56884765625	0.4814453125	0.578369140625	-1.0	8.0	38
倆	0.4404296875	0.35107421875	0.449951171875	0.36083984375	-1.0	7.0	38
倉	0.450439453125	0.35107421875	0.4599609375	0.36083984375	-1.0	7.0	38
個	0.81640625	0.390625	0.82568359375	0.400390625	-1.0	7.0	38
倌	0.826171875	0.390625	0.83544921875	0.400390625	-1.0	7.0	38
倍	0.62548828125	0.180908203125	0.63525390625	0.190673828125	-1.0	7.0	38
倏	0.6357421875	0.180908203125	0.6455078125	0.190673828125	-1.0	7.0	38
們	0.80078125	0.685302734375	0.81005859375	0.69482421875	-1.0	8.0	38
倒	0.845703125	0.390625	0.85498046875	0.400390625	-1.0	7.0	38
倔	0.85546875	0.390625	0.86474609375	0.400390625	-1.0	7.0	38
倖	0.50048828125	0.35107421875	0.510009765625	0.36083984375	-1.0	7.0	38
倘	0.865234375	0.390625	0.87451171875	0.400390625	-1.0	7.0	38
候	0.697265625	0.1806640625	0.70703125	0.1904296875	-1.0	7.0	38
倚	0.5205078125	0.35107421875	0.530029296875	0.36083984375	-1.0	7.0	38
倜	0.875	0.390625	0.88427734375	0.400390625	-1.0	7.0	38
借	0.54052734375	0.35107421875	0.550048828125	0.36083984375	-1.0	7.0	38
倡	0.884765625	0.390625	0.89404296875	0.400390625	-1.0	7.0	38
倣	0.74853515625	0.180419921875	0.75830078125	0.190185546875	-1.0	7.0	38
倥	0.560546875	0.35107421875	0.570068359375	0.36083984375	-1.0	7.0	38
倦	0.76904296875	0.180419921875	0.77880859375	0.190185546875	-1.0	7.0	38
倨	0.779296875	0.180419921875	0.7890625	0.190185546875	-1.0	7.0	38
倩	0.78955078125	0.180419921875	0.79931640625	0.190185546875	-1.0	7.0	38
倪	0.9208984375	0.626708984375	0.930419921875	0.63623046875	-1.0	8.0	38
倫	0.81005859375	0.180419921875	0.81982421875	0.190185546875	-1.0	7.0	38
倬	0.8203125	0.180419921875	0.830078125	0.190185546875	-1.0	7.0	38
倭	0.83056640625	0.180419921875	0.84033203125	0.190185546875	-1.0	7.0	38
倮	0.8408203125	0.180419921875	0.8505859375	0.190185546875	-1.0	7.0	38
债	0.48193359375	0.56884765625	0.49169921875	0.578369140625	-1.0	8.0	38
值	0.861328125	0.180419921875	0.87109375	0.190185546875	-1.0	7.0	38
倾	0.87158203125	0.180419921875	0.88134765625	0.190185546875	-1.0	7.0	38
偃	0.8818359375	0.180419921875	0.8916015625	0.190185546875	-1.0	7.0	38
假	0.89208984375	0.180419921875	0.90185546875	0.190185546875	-1.0	7.0	38
偈	0.904296875	0.390625	0.91357421875	0.400390625	-1.0	7.0	38
偉	0.4921875	0.56884765625	0.501953125	0.578369140625	-1.0	7.0	38
偌	0.6005859375	0.35107421875	0.610107421875	0.36083984375	-1.0	7.0	38
偎	0.93310546875	0.18017578125	0.94287109375	0.18994140625	-1.0	7.0	38
偏	0.923828125	0.390625	0.93310546875	0.400390625	-1.0	7.0	38
偕	0.62060546875	0.35107421875	0.630126953125	0.36083984375	-1.0	7.0	38
做	0.9638671875	0.18017578125	0.9736328125	0.18994140625	-1.0	7.0	38
停	0.630615234375	0.35107421875	0.64013671875	0.36083984375	-1.0	7.0	38
健	0.984375	0.18017578125	0.994140625	0.18994140625	-1.0	7.0	38
偬	0.50244140625	0.56884765625	0.51220703125	0.578369140625	-1.0	7.0	38
偭	0.720703125	0.78173828125	0.730224609375	0.791015625	-1.0	8.0	38
偯	0.0205078125	0.1923828125	0.0302734375	0.2021484375	-1.0	7.0	38
側	0.943359375	0.390380859375	0.95263671875	0.400146484375	-1.0	7.0	38
偵	0.041015625	0.1923828125	0.05078125	0.2021484375	-1.0	7.0	38
偶	0.953125	0.390380859375	0.96240234375	0.400146484375	-1.0	7.0	38
偷	0.0615234375	0.1923828125	0.0712890625	0.2021484375	-1.0	7.0	38
偺	0.07177734375	0.1923828125	0.08154296875	0.2021484375	-1.0	7.0	38
偻	0.08203125	0.1923828125	0.091796875	0.2021484375	-1.0	7.0	38
偽	0.670654296875	0.350830078125	0.68017578125	0.360595703125	-1.0	7.0	38
偾	0.6806640625	0.350830078125	0.690185546875	0.360595703125	-1.0	7.0	38
偿	0.930908203125	0.626708984375	0.9404296875	0.63623046875	-1.0	7.0	38
傀	0.123046875	0.1923828125	0.1328125	0.2021484375	-1.0	7.0	38
傅	0.13330078125	0.1923828125	0.14306640625	0.2021484375	-1.0	7.0	38
傈	0.533203125	0.56884765625	0.54296875	0.578369140625	-1.0	8.0	38
傍	0.710693359375	0.350830078125	0.72021484375	0.360595703125	-1.0	7.0	38
傑	0.1640625	0.1923828125	0.173828125	0.2021484375	-1.0	7.0	38
傖	0.17431640625	0.1923828125	0.18408203125	0.2021484375	-1.0	7.0	38
傘	0.1845703125	0.1923828125	0.1943359375	0.2021484375	-1.0	7.0	38
備	0.01025390625	0.7265625	0.02001953125	0.73583984375	-1.0	8.0	38
傚	0.205078125	0.1923828125	0.21484375	0.2021484375	-1.0	7.0	38
傢	0.21533203125	0.191650390625	0.22509765625	0.201416015625	-1.0	7.0	38
傣	0.2255859375	0.19140625	0.2353515625	0.201171875	-1.0	7.0	38
傥	0.23583984375	0.191162109375	0.24560546875	0.200927734375	-1.0	7.0	38
傧	0.24609375	0.191162109375	0.255859375	0.200927734375	-1.0	7.0	38
储	0.25634765625	0.191162109375	0.26611328125	0.200927734375	-1.0	7.0	38
傩	0.2666015625	0.191162109375	0.2763671875	0.200927734375	-1.0	7.0	38
催	0.720703125	0.3505859375	0.730224609375	0.3603515625	-1.0	7.0	38
傭	0.730712890625	0.3505859375	0.740234375	0.3603515625	-1.0	7.0	38
傯	0.29736328125	0.191162109375	0.30712890625	0.200927734375	-1.0	7.0	38
傲	0.3076171875	0.191162109375	0.3173828125	0.200927734375	-1.0	7.0	38
傳	0.31787109375	0.191162109375	0.32763671875	0.200927734375	-1.0	7.0	38
債	0.328125	0.191162109375	0.337890625	0.200927734375	-1.0	7.0	38
傷	0.33837890625	0.191162109375	0.34814453125	0.200927734375	-1.0	7.0	38
傺	0.3486328125	0.191162109375	0.3583984375	0.200927734375	-1.0	7.0	38
傻	0.74072265625	0.3505859375	0.750244140625	0.3603515625	-1.0	7.0	38
傾	0.369140625	0.19091796875	0.37890625	0.20068359375	-1.0	7.0	38
僅	0.37939453125	0.19091796875	0.38916015625	0.20068359375	-1.0	7.0	38
僇	0.3896484375	0.19091796875	0.3994140625	0.20068359375	-1.0	7.0	38
僎	0.0	0.7265625	0.009765625	0.73583984375	-1.0	8.0	38
像	0.41015625	0.19091796875	0.419921875	0.20068359375	-1.0	7.0	38
僑	0.42041015625	0.19091796875	0.43017578125	0.20068359375	-1.0	7.0	38
僕	0.4306640625	0.19091796875	0.4404296875	0.20068359375	-1.0	7.0	38
僖	0.7607421875	0.3505859375	0.770263671875	0.3603515625	-1.0	7.0	38
僚	0.451171875	0.19091796875	0.4609375	0.20068359375	-1.0	7.0	38
僥	0.46142578125	0.19091796875	0.47119140625	0.20068359375	-1.0	7.0	38
僦	0.4716796875	0.19091796875	0.4814453125	0.20068359375	-1.0	7.0	38
僧	0.982421875	0.390380859375	0.99169921875	0.400146484375	-1.0	7.0	38
僩	0.0	0.402587890625	0.00927734375	0.412353515625	-1.0	7.0	38
僬	0.50244140625	0.19091796875	0.51220703125	0.20068359375	-1.0	7.0	38
僭	0.5126953125	0.19091796875	0.5224609375	0.20068359375	-1.0	7.0	38
僮	0.5537109375	0.56884765625	0.5634765625	0.578369140625	-1.0	7.0	38
僱	0.80078125	0.3505859375	0.810302734375	0.3603515625	-1.0	7.0	38
僳	0.5947265625	0.56884765625	0.6044921875	0.578369140625	-1.0	8.0	38
僵	0.60498046875	0.56884765625	0.61474609375	0.578369140625	-1.0	7.0	38
價	0.56396484375	0.19091796875	0.57373046875	0.20068359375	-1.0	7.0	38
僻	0.57421875	0.19091796875	0.583984375	0.20068359375	-1.0	7.0	38
儀	0.58447265625	0.19091796875	0.59423828125	0.20068359375	-1.0	7.0	38
儂	0.5947265625	0.19091796875	0.6044921875	0.20068359375	-1.0	7.0	38
億	0.60498046875	0.19091796875	0.61474609375	0.20068359375	-1.0	7.0	38
儅	0.830810546875	0.3505859375	0.84033203125	0.3603515625	-1.0	7.0	38
儆	0.62548828125	0.19091796875	0.63525390625	0.20068359375	-1.0	7.0	38
儇	0.6357421875	0.19091796875	0.6455078125	0.20068359375	-1.0	7.0	38
儈	0.64599609375	0.190673828125	0.65576171875	0.200439453125	-1.0	7.0	38
儉	0.65625	0.190673828125	0.666015625	0.200439453125	-1.0	7.0	38
儋	0.8408203125	0.3505859375	0.850341796875	0.3603515625	-1.0	7.0	38
儐	0.6767578125	0.190673828125	0.6865234375	0.200439453125	-1.0	7.0	38
儒	0.850830078125	0.3505859375	0.8603515625	0.3603515625	-1.0	7.0	38
儔	0.86083984375	0.3505859375	0.870361328125	0.3603515625	-1.0	7.0	38
儕	0.70751953125	0.1904296875	0.71728515625	0.2001953125	-1.0	7.0	38
儘	0.7177734375	0.1904296875	0.7275390625	0.2001953125	-1.0	7.0	38
償	0.870849609375	0.3505859375	0.88037109375	0.3603515625	-1.0	7.0	38
儡	0.880859375	0.3505859375	0.890380859375	0.3603515625	-1.0	7.0	38
優	0.62548828125	0.56884765625	0.63525390625	0.578369140625	-1.0	8.0	38
儲	0.7587890625	0.1904296875	0.7685546875	0.2001953125	-1.0	7.0	38
儳	0.76904296875	0.1904296875	0.77880859375	0.2001953125	-1.0	7.0	38
儷	0.779296875	0.1904296875	0.7890625	0.2001953125	-1.0	7.0	38
儸	0.90087890625	0.3505859375	0.910400390625	0.3603515625	-1.0	7.0	38
儻	0.7998046875	0.1904296875	0.8095703125	0.2001953125	-1.0	7.0	38
儼	0.81005859375	0.1904296875	0.81982421875	0.2001953125	-1.0	7.0	38
儿	0.985595703125	0.714599609375	0.995361328125	0.723876953125	-1.0	8.0	38
兀	0.389892578125	0.885986328125	0.399658203125	0.894775390625	-1.0	11.0	38
允	0.8408203125	0.1904296875	0.8505859375	0.2001953125	-1.0	7.0	38
元	0.369140625	0.858154296875	0.37890625	0.8671875	-1.0	10.0	38
兄	0.954833984375	0.714599609375	0.964599609375	0.723876953125	-1.0	9.0	38
充	0.94091796875	0.626708984375	0.950439453125	0.63623046875	-1.0	7.0	38
兆	0.950927734375	0.626708984375	0.96044921875	0.63623046875	-1.0	8.0	38
兇	0.970947265625	0.62646484375	0.98046875	0.635986328125	-1.0	7.0	38
先	0.90234375	0.1904296875	0.912109375	0.2001953125	-1.0	7.0	38
光	0.91259765625	0.1904296875	0.92236328125	0.2001953125	-1.0	7.0	38
克	0.950927734375	0.350341796875	0.96044921875	0.360107421875	-1.0	7.0	38
兌	0.93310546875	0.190185546875	0.94287109375	0.199951171875	-1.0	7.0	38
免	0.943359375	0.190185546875	0.953125	0.199951171875	-1.0	7.0	38
兑	0.9609375	0.350341796875	0.970458984375	0.360107421875	-1.0	7.0	38
兒	0.970947265625	0.350341796875	0.98046875	0.360107421875	-1.0	7.0	38
兔	0.97412109375	0.190185546875	0.98388671875	0.199951171875	-1.0	7.0	38
兕	0.6806640625	0.781982421875	0.690185546875	0.791259765625	-1.0	9.0	38
兖	0.0	0.202392578125	0.009765625	0.212158203125	-1.0	7.0	38
兗	0.0	0.362548828125	0.009521484375	0.372314453125	-1.0	7.0	38
兙	0.0205078125	0.202392578125	0.0302734375	0.212158203125	-1.0	7.0	38
党	0.010009765625	0.362548828125	0.01953125	0.372314453125	0.0	7.0	38
兛	0.041015625	0.202392578125	0.05078125	0.212158203125	-1.0	7.0	38
兜	0.05126953125	0.202392578125	0.06103515625	0.212158203125	-1.0	7.0	38
兝	0.0615234375	0.202392578125	0.0712890625	0.212158203125	-1.0	7.0	38
兞	0.07177734375	0.202392578125	0.08154296875	0.212158203125	-1.0	7.0	38
兡	0.08203125	0.202392578125	0.091796875	0.212158203125	-1.0	7.0	38
兢	0.09228515625	0.202392578125	0.10205078125	0.212158203125	-1.0	7.0	38
兣	0.1025390625	0.202392578125	0.1123046875	0.212158203125	-1.0	7.0	38
入	0.924072265625	0.714599609375	0.933837890625	0.723876953125	-1.0	8.0	38
內	0.162109375	0.716796875	0.170166015625	0.726318359375	2.0	7.0	38
全	0.35888671875	0.858154296875	0.36865234375	0.8671875	-1.0	8.0	38
兩	0.550537109375	0.8671875	0.56005859375	0.876220703125	-1.0	9.0	38
八	0.33837890625	0.8583984375	0.34814453125	0.867431640625	-1.0	9.0	38
公	0.68701171875	0.568603515625	0.69677734375	0.578125	-1.0	8.0	38
六	0.640625	0.781982421875	0.650146484375	0.791259765625	-1.0	8.0	38
兮	0.76904296875	0.568115234375	0.77880859375	0.57763671875	-1.0	7.0	38
兰	0.54052734375	0.8671875	0.550048828125	0.876220703125	-1.0	7.0	38
共	0.62060546875	0.781982421875	0.630126953125	0.791259765625	-1.0	8.0	38
关	0.090087890625	0.362548828125	0.099609375	0.372314453125	-1.0	7.0	38
兴	0.10009765625	0.362548828125	0.109619140625	0.372314453125	-1.0	7.0	38
兵	0.010009765625	0.638671875	0.01953125	0.648193359375	-1.0	8.0	38
其	0.110107421875	0.362548828125	0.11962890625	0.372314453125	-1.0	7.0	38
具	0.852294921875	0.714599609375	0.862060546875	0.723876953125	-1.0	9.0	38
典	0.130126953125	0.362548828125	0.1396484375	0.372314453125	0.0	7.0	38
兹	0.14013671875	0.362548828125	0.149658203125	0.372314453125	-1.0	7.0	38
养	0.150146484375	0.362548828125	0.15966796875	0.372314453125	-1.0	7.0	38
兼	0.29736328125	0.201171875	0.30712890625	0.2109375	-1.0	7.0	38
兽	0.16015625	0.362548828125	0.169677734375	0.372314453125	-1.0	7.0	38
冀	0.170166015625	0.362548828125	0.1796875	0.372314453125	-1.0	7.0	38
冁	0.02001953125	0.638671875	0.029541015625	0.648193359375	0.0	8.0	38
冂	0.008544921875	0.906005859375	0.0166015625	0.914794921875	2.0	10.0	38
内	0.986083984375	0.83837890625	0.994140625	0.84765625	2.0	8.0	38
円	0.953369140625	0.875732421875	0.961669921875	0.884765625	2.0	9.0	38
冈	0.905517578125	0.89404296875	0.9140625	0.90283203125	1.0	10.0	38
冉	0.22021484375	0.36181640625	0.229736328125	0.37158203125	-1.0	7.0	38
冊	0.50048828125	0.8671875	0.510009765625	0.876220703125	-1.0	9.0	38
册	0.560546875	0.781982421875	0.570068359375	0.791259765625	-1.0	9.0	38
再	0.490478515625	0.8671875	0.5	0.876220703125	-1.0	9.0	38
冑	0.423095703125	0.461181640625	0.43115234375	0.470947265625	2.0	7.0	38
冒	0.933837890625	0.83837890625	0.942138671875	0.84765625	2.0	9.0	38
冕	0.5205078125	0.781982421875	0.530029296875	0.791259765625	-1.0	9.0	38
冖	0.77783203125	0.964599609375	0.78662109375	0.967529296875	1.0	11.0	38
冗	0.470458984375	0.8671875	0.47998046875	0.876220703125	-1.0	10.0	38
写	0.146484375	0.878173828125	0.15576171875	0.88720703125	-1.0	9.0	38
军	0.48046875	0.781982421875	0.489990234375	0.791259765625	0.0	9.0	38
农	0.4921875	0.200927734375	0.501953125	0.210693359375	-1.0	7.0	38
冠	0.470458984375	0.781982421875	0.47998046875	0.791259765625	-1.0	9.0	38
冢	0.794677734375	0.885498046875	0.80419921875	0.894287109375	-1.0	10.0	38
冤	0.4404296875	0.867431640625	0.449951171875	0.87646484375	-1.0	10.0	38
冥	0.430419921875	0.867431640625	0.43994140625	0.87646484375	-1.0	10.0	38
冪	0.19482421875	0.859619140625	0.20458984375	0.86865234375	-1.0	10.0	38
冫	0.310546875	0.904541015625	0.313720703125	0.913330078125	4.0	9.0	38
冬	0.56396484375	0.200927734375	0.57373046875	0.210693359375	-1.0	7.0	38
冯	0.09765625	0.87841796875	0.10693359375	0.887451171875	-1.0	9.0	38
冰	0.030029296875	0.638671875	0.03955078125	0.648193359375	0.0	7.0	38
冱	0.814697265625	0.88525390625	0.82421875	0.89404296875	-1.0	9.0	38
冲	0.076171875	0.45263671875	0.085205078125	0.46240234375	-1.0	7.0	38
决	0.34033203125	0.361328125	0.349853515625	0.37109375	-1.0	7.0	38
况	0.729248046875	0.715087890625	0.739013671875	0.724365234375	-1.0	9.0	38
冶	0.6357421875	0.200927734375	0.6455078125	0.210693359375	-1.0	7.0	38
冷	0.64599609375	0.20068359375	0.65576171875	0.21044921875	-1.0	7.0	38
冻	0.95361328125	0.568115234375	0.96337890625	0.57763671875	-1.0	7.0	38
冼	0.97412109375	0.56787109375	0.98388671875	0.577392578125	-1.0	8.0	38
冽	0.29296875	0.4013671875	0.30224609375	0.4111328125	-1.0	7.0	38
净	0.0400390625	0.638671875	0.049560546875	0.648193359375	0.0	7.0	38
凄	0.090087890625	0.638671875	0.099609375	0.648193359375	-1.0	8.0	38
准	0.400390625	0.361083984375	0.409912109375	0.370849609375	-1.0	7.0	38
凇	0.7177734375	0.200439453125	0.7275390625	0.210205078125	-1.0	7.0	38
凉	0.0205078125	0.580078125	0.0302734375	0.589599609375	-1.0	7.0	38
凋	0.426025390625	0.829833984375	0.43505859375	0.839111328125	0.0	9.0	38
凌	0.42041015625	0.361083984375	0.429931640625	0.370849609375	-1.0	7.0	38
凍	0.10009765625	0.638671875	0.109619140625	0.648193359375	0.0	8.0	38
减	0.041015625	0.580078125	0.05078125	0.589599609375	-1.0	7.0	38
凑	0.450439453125	0.361083984375	0.4599609375	0.370849609375	-1.0	7.0	38
凛	0.110107421875	0.638671875	0.11962890625	0.648193359375	-1.0	7.0	38
凜	0.7998046875	0.200439453125	0.8095703125	0.210205078125	-1.0	7.0	38
凝	0.1201171875	0.638671875	0.129638671875	0.648193359375	-1.0	8.0	38
几	0.15380859375	0.859619140625	0.16357421875	0.86865234375	-1.0	9.0	38
凡	0.708740234375	0.715087890625	0.718505859375	0.724365234375	-1.0	9.0	38
凤	0.1435546875	0.859619140625	0.1533203125	0.86865234375	-1.0	10.0	38
凫	0.85107421875	0.200439453125	0.86083984375	0.210205078125	-1.0	7.0	38
凭	0.07177734375	0.580078125	0.08154296875	0.589599609375	-1.0	8.0	38
凯	0.510498046875	0.361083984375	0.52001953125	0.370849609375	0.0	7.0	38
凰	0.13330078125	0.859619140625	0.14306640625	0.86865234375	-1.0	10.0	38
凱	0.130126953125	0.638671875	0.1396484375	0.648193359375	-1.0	8.0	38
凳	0.90234375	0.200439453125	0.912109375	0.210205078125	-1.0	7.0	38
凵	0.9677734375	0.89404296875	0.97607421875	0.90283203125	2.0	10.0	38
凶	0.960205078125	0.83837890625	0.968505859375	0.84765625	2.0	8.0	38
凸	0.60107421875	0.839111328125	0.609619140625	0.848388671875	1.0	9.0	38
凹	0.925048828125	0.83837890625	0.933349609375	0.84765625	2.0	9.0	38
出	0.898681640625	0.83837890625	0.906982421875	0.84765625	2.0	8.0	38
击	0.58056640625	0.361083984375	0.590087890625	0.370849609375	-1.0	7.0	38
凼	0.990966796875	0.370361328125	0.99951171875	0.380126953125	1.0	7.0	38
函	0.592041015625	0.839111328125	0.6005859375	0.848388671875	1.0	9.0	38
凿	0.64453125	0.401123046875	0.65380859375	0.410888671875	0.0	7.0	38
刀	0.687744140625	0.87646484375	0.696533203125	0.885498046875	-1.0	10.0	38
刁	0.923583984375	0.89404296875	0.93212890625	0.90283203125	0.0	10.0	38
刂	0.99462890625	0.72412109375	0.998779296875	0.7333984375	18.0	8.0	38
刃	0.899658203125	0.875732421875	0.908203125	0.884765625	1.0	10.0	38
分	0.05126953125	0.21240234375	0.06103515625	0.22216796875	-1.0	7.0	38
切	0.6640625	0.40087890625	0.67333984375	0.41064453125	-1.0	7.0	38
刈	0.292724609375	0.830078125	0.3017578125	0.83935546875	-1.0	8.0	38
刊	0.180908203125	0.70703125	0.18994140625	0.716552734375	-1.0	8.0	38
刍	0.04638671875	0.462646484375	0.05517578125	0.472412109375	-1.0	7.0	38
刎	0.1142578125	0.70703125	0.123291015625	0.716552734375	-1.0	7.0	38
刑	0.104736328125	0.70703125	0.11376953125	0.716552734375	-1.0	8.0	38
划	0.09521484375	0.70703125	0.104248046875	0.716552734375	-1.0	7.0	38
刖	0.087890625	0.6875	0.09716796875	0.697021484375	-1.0	8.0	38
列	0.085693359375	0.70703125	0.0947265625	0.716552734375	-1.0	8.0	38
刘	0.068359375	0.6875	0.07763671875	0.697021484375	-1.0	7.0	38
则	0.076171875	0.70703125	0.085205078125	0.716552734375	-1.0	8.0	38
刚	0.834228515625	0.704833984375	0.843017578125	0.71435546875	1.0	7.0	38
创	0.96875	0.828857421875	0.977783203125	0.838134765625	-1.0	8.0	38
初	0.732421875	0.400634765625	0.74169921875	0.410400390625	-1.0	7.0	38
删	0.76171875	0.400634765625	0.77099609375	0.410400390625	-1.0	7.0	38
判	0.295166015625	0.451416015625	0.30419921875	0.461181640625	0.0	7.0	38
別	0.01953125	0.6875	0.02880859375	0.697021484375	-1.0	8.0	38
刨	0.009765625	0.6875	0.01904296875	0.697021484375	-1.0	7.0	38
利	0.0	0.6875	0.00927734375	0.697021484375	-1.0	8.0	38
刪	0.185546875	0.82177734375	0.19482421875	0.8310546875	-1.0	8.0	38
别	0.3046875	0.451416015625	0.313720703125	0.461181640625	-1.0	7.0	38
刭	0.959228515625	0.828857421875	0.96826171875	0.838134765625	-1.0	8.0	38
刮	0.94970703125	0.828857421875	0.958740234375	0.838134765625	-1.0	8.0	38
到	0.947265625	0.675537109375	0.95654296875	0.68505859375	-1.0	7.0	38
刳	0.91796875	0.675537109375	0.92724609375	0.68505859375	-1.0	7.0	38
制	0.810546875	0.400634765625	0.81982421875	0.410400390625	-1.0	7.0	38
刷	0.908203125	0.675537109375	0.91748046875	0.68505859375	-1.0	8.0	38
券	0.82080078125	0.360595703125	0.830322265625	0.370361328125	-1.0	7.0	38
刹	0.15625	0.82177734375	0.16552734375	0.8310546875	-1.0	8.0	38
刺	0.98193359375	0.695068359375	0.990966796875	0.70458984375	-1.0	8.0	38
刻	0.83984375	0.400634765625	0.84912109375	0.410400390625	-1.0	7.0	38
刽	0.146484375	0.82177734375	0.15576171875	0.8310546875	-1.0	8.0	38
刿	0.859375	0.675537109375	0.86865234375	0.68505859375	-1.0	8.0	38
剀	0.940185546875	0.828857421875	0.94921875	0.838134765625	0.0	8.0	38
剁	0.126953125	0.82177734375	0.13623046875	0.8310546875	-1.0	8.0	38
剂	0.888671875	0.400634765625	0.89794921875	0.410400390625	-1.0	7.0	38
剃	0.810546875	0.675537109375	0.81982421875	0.68505859375	-1.0	8.0	38
則	0.962890625	0.695068359375	0.971923828125	0.70458984375	-1.0	8.0	38
削	0.06494140625	0.462646484375	0.07373046875	0.472412109375	0.0	7.0	38
剋	0.46142578125	0.2109375	0.47119140625	0.220703125	-1.0	7.0	38
剌	0.352294921875	0.451416015625	0.361328125	0.461181640625	-1.0	7.0	38
前	0.930908203125	0.360595703125	0.9404296875	0.370361328125	-1.0	7.0	38
剎	0.107421875	0.82177734375	0.11669921875	0.8310546875	-1.0	8.0	38
剐	0.797119140625	0.704833984375	0.805908203125	0.71435546875	1.0	8.0	38
剑	0.91162109375	0.828857421875	0.920654296875	0.838134765625	-1.0	8.0	38
剔	0.9765625	0.400390625	0.98583984375	0.41015625	-1.0	7.0	38
剖	0.94384765625	0.695068359375	0.952880859375	0.70458984375	-1.0	7.0	38
剛	0.704345703125	0.705322265625	0.713134765625	0.71484375	1.0	7.0	38
剜	0.68359375	0.67626953125	0.69287109375	0.685791015625	-1.0	7.0	38
剝	0.673828125	0.67626953125	0.68310546875	0.685791015625	-1.0	7.0	38
剞	0.32373046875	0.705810546875	0.332763671875	0.71533203125	0.0	7.0	38
剡	0.485595703125	0.70556640625	0.49462890625	0.715087890625	-1.0	8.0	38
剥	0.902099609375	0.828857421875	0.9111328125	0.838134765625	-1.0	8.0	38
剧	0.892578125	0.828857421875	0.901611328125	0.838134765625	-1.0	8.0	38
剩	0.0390625	0.41259765625	0.04833984375	0.42236328125	-1.0	7.0	38
剪	0.030029296875	0.37255859375	0.03955078125	0.38232421875	-1.0	7.0	38
副	0.4951171875	0.70556640625	0.504150390625	0.715087890625	-1.0	8.0	38
割	0.028564453125	0.70703125	0.03759765625	0.716552734375	0.0	7.0	38
剴	0.883056640625	0.828857421875	0.89208984375	0.838134765625	-1.0	8.0	38
創	0.048828125	0.82177734375	0.05810546875	0.8310546875	-1.0	8.0	38
剷	0.390380859375	0.451171875	0.3994140625	0.4609375	-1.0	7.0	38
剽	0.0390625	0.82177734375	0.04833984375	0.8310546875	-1.0	8.0	38
剿	0.39990234375	0.451171875	0.408935546875	0.4609375	-1.0	7.0	38
劁	0.107421875	0.41259765625	0.11669921875	0.42236328125	-1.0	7.0	38
劂	0.546875	0.67626953125	0.55615234375	0.685791015625	-1.0	8.0	38
劃	0.537109375	0.67626953125	0.54638671875	0.685791015625	-1.0	7.0	38
劇	0.43798828125	0.451171875	0.447021484375	0.4609375	-1.0	7.0	38
劈	0.74853515625	0.21044921875	0.75830078125	0.22021484375	-1.0	7.0	38
劉	0.517578125	0.67626953125	0.52685546875	0.685791015625	-1.0	7.0	38
劊	0.166015625	0.41259765625	0.17529296875	0.42236328125	-1.0	7.0	38
劍	0.498046875	0.67626953125	0.50732421875	0.685791015625	-1.0	8.0	38
劐	0.17578125	0.41259765625	0.18505859375	0.42236328125	-1.0	7.0	38
劑	0.185546875	0.41259765625	0.19482421875	0.42236328125	-1.0	7.0	38
劓	0.1953125	0.41259765625	0.20458984375	0.42236328125	-1.0	7.0	38
力	0.0556640625	0.716796875	0.064453125	0.726318359375	-1.0	7.0	38
劝	0.478515625	0.67626953125	0.48779296875	0.685791015625	-1.0	8.0	38
办	0.4921875	0.57861328125	0.501953125	0.588134765625	-1.0	7.0	38
功	0.224609375	0.411865234375	0.23388671875	0.421630859375	-1.0	7.0	38
加	0.234375	0.41162109375	0.24365234375	0.42138671875	-1.0	7.0	38
务	0.87158203125	0.21044921875	0.88134765625	0.22021484375	-1.0	7.0	38
劢	0.244140625	0.411376953125	0.25341796875	0.421142578125	-1.0	7.0	38
劣	0.210205078125	0.37255859375	0.2197265625	0.38232421875	-1.0	7.0	38
动	0.25390625	0.411376953125	0.26318359375	0.421142578125	-1.0	7.0	38
助	0.257080078125	0.7060546875	0.26611328125	0.715576171875	-1.0	8.0	38
努	0.230224609375	0.37158203125	0.23974609375	0.38134765625	-1.0	7.0	38
劫	0.466552734375	0.451171875	0.4755859375	0.4609375	-1.0	7.0	38
劬	0.302734375	0.411376953125	0.31201171875	0.421142578125	-1.0	7.0	38
劭	0.458984375	0.67626953125	0.46826171875	0.685791015625	-1.0	8.0	38
励	0.322265625	0.411376953125	0.33154296875	0.421142578125	-1.0	7.0	38
劲	0.33203125	0.411376953125	0.34130859375	0.421142578125	-1.0	7.0	38
劳	0.341796875	0.411376953125	0.35107421875	0.421142578125	-1.0	7.0	38
劻	0.02783203125	0.716796875	0.03662109375	0.726318359375	1.0	8.0	38
劾	0.30029296875	0.371337890625	0.309814453125	0.381103515625	-1.0	7.0	38
势	0.310302734375	0.371337890625	0.31982421875	0.381103515625	-1.0	7.0	38
勁	0.361328125	0.411376953125	0.37060546875	0.421142578125	-1.0	7.0	38
勃	0.01953125	0.82177734375	0.02880859375	0.8310546875	0.0	8.0	38
勇	0.5830078125	0.839111328125	0.591552734375	0.848388671875	0.0	9.0	38
勉	0.0615234375	0.222412109375	0.0712890625	0.232177734375	-1.0	7.0	38
勋	0.350341796875	0.371337890625	0.35986328125	0.381103515625	-1.0	7.0	38
勐	0.390625	0.4111328125	0.39990234375	0.4208984375	-1.0	7.0	38
勒	0.400390625	0.4111328125	0.40966796875	0.4208984375	-1.0	7.0	38
動	0.41015625	0.4111328125	0.41943359375	0.4208984375	-1.0	7.0	38
勖	0.820068359375	0.695068359375	0.8291015625	0.70458984375	0.0	8.0	38
勗	0.986328125	0.809814453125	0.99560546875	0.819091796875	-1.0	9.0	38
勘	0.419921875	0.4111328125	0.42919921875	0.4208984375	-1.0	7.0	38
務	0.52294921875	0.57861328125	0.53271484375	0.588134765625	-1.0	7.0	38
勛	0.439453125	0.4111328125	0.44873046875	0.4208984375	-1.0	7.0	38
勝	0.1640625	0.222412109375	0.173828125	0.232177734375	-1.0	7.0	38
勞	0.47607421875	0.451171875	0.485107421875	0.4609375	0.0	7.0	38
募	0.1845703125	0.222412109375	0.1943359375	0.232177734375	-1.0	7.0	38
勢	0.430419921875	0.37109375	0.43994140625	0.380859375	-1.0	7.0	38
勣	0.44921875	0.4111328125	0.45849609375	0.4208984375	-1.0	7.0	38
勤	0.361328125	0.676513671875	0.37060546875	0.68603515625	-1.0	8.0	38
勦	0.46875	0.4111328125	0.47802734375	0.4208984375	-1.0	7.0	38
勰	0.23583984375	0.22119140625	0.24560546875	0.23095703125	-1.0	7.0	38
勳	0.478515625	0.4111328125	0.48779296875	0.4208984375	-1.0	7.0	38
勵	0.16015625	0.638671875	0.169677734375	0.648193359375	-1.0	8.0	38
勸	0.498046875	0.4111328125	0.50732421875	0.4208984375	-1.0	7.0	38
勹	0.973388671875	0.704833984375	0.982177734375	0.71435546875	-1.0	7.0	38
勺	0.917724609375	0.704833984375	0.926513671875	0.71435546875	-1.0	7.0	38
勻	0.47607421875	0.70556640625	0.485107421875	0.715087890625	-1.0	7.0	38
勾	0.466552734375	0.70556640625	0.4755859375	0.715087890625	-1.0	7.0	38
勿	0.45703125	0.70556640625	0.466064453125	0.715087890625	-1.0	7.0	38
匀	0.908447265625	0.704833984375	0.917236328125	0.71435546875	-1.0	7.0	38
包	0.554931640625	0.71533203125	0.564697265625	0.724609375	-1.0	7.0	38
匆	0.199951171875	0.45263671875	0.208984375	0.46240234375	-1.0	7.0	38
匈	0.263671875	0.676513671875	0.27294921875	0.68603515625	-1.0	7.0	38
匍	0.170166015625	0.638671875	0.1796875	0.648193359375	-1.0	7.0	38
匏	0.56396484375	0.57861328125	0.57373046875	0.588134765625	-1.0	7.0	38
匐	0.25390625	0.6767578125	0.26318359375	0.686279296875	-1.0	7.0	38
匕	0.01708984375	0.906005859375	0.02490234375	0.914794921875	5.0	8.0	38
化	0.57421875	0.57861328125	0.583984375	0.588134765625	-1.0	7.0	38
北	0.544677734375	0.71533203125	0.554443359375	0.724609375	-1.0	8.0	38
匙	0.58447265625	0.57861328125	0.59423828125	0.588134765625	-1.0	8.0	38
匚	0.08935546875	0.9150390625	0.09765625	0.923583984375	3.0	10.0	38
匝	0.626953125	0.90380859375	0.6357421875	0.912353515625	2.0	10.0	38
匠	0.65478515625	0.90380859375	0.66357421875	0.912353515625	2.0	10.0	38
匡	0.71044921875	0.90380859375	0.71923828125	0.912353515625	2.0	10.0	38
匣	0.69189453125	0.90380859375	0.70068359375	0.912353515625	2.0	10.0	38
匦	0.701171875	0.90380859375	0.7099609375	0.912353515625	2.0	10.0	38
匪	0.775390625	0.903564453125	0.7841796875	0.912109375	2.0	10.0	38
匮	0.6826171875	0.90380859375	0.69140625	0.912353515625	2.0	10.0	38
匯	0.422119140625	0.89501953125	0.43115234375	0.90380859375	1.0	9.0	38
匱	0.48876953125	0.894775390625	0.497802734375	0.903564453125	1.0	9.0	38
匹	0.6455078125	0.90380859375	0.654296875	0.912353515625	2.0	10.0	38
区	0.581787109375	0.91259765625	0.59033203125	0.9208984375	2.0	10.0	38
医	0.601318359375	0.894775390625	0.610107421875	0.903564453125	2.0	9.0	38
匾	0.619873046875	0.894775390625	0.628662109375	0.903564453125	2.0	9.0	38
匿	0.460205078125	0.89501953125	0.46923828125	0.90380859375	1.0	9.0	38
區	0.479248046875	0.894775390625	0.48828125	0.903564453125	1.0	9.0	38
十	0.66064453125	0.370849609375	0.670166015625	0.380615234375	-1.0	7.0	38
千	0.419921875	0.876708984375	0.42919921875	0.8857421875	0.0	9.0	38
卄	0.70068359375	0.7724609375	0.710205078125	0.78173828125	-1.0	8.0	38
卅	0.18017578125	0.638671875	0.189697265625	0.648193359375	-1.0	8.0	38
升	0.6806640625	0.370849609375	0.690185546875	0.380615234375	-1.0	7.0	38
午	0.690673828125	0.370849609375	0.7001953125	0.380615234375	-1.0	7.0	38
卉	0.190185546875	0.638671875	0.19970703125	0.648193359375	-1.0	8.0	38
半	0.710693359375	0.370849609375	0.72021484375	0.380615234375	-1.0	7.0	38
卍	0.690673828125	0.7724609375	0.7001953125	0.78173828125	-1.0	8.0	38
华	0.720703125	0.37060546875	0.730224609375	0.38037109375	-1.0	7.0	38
协	0.6357421875	0.57861328125	0.6455078125	0.588134765625	-1.0	7.0	38
卐	0.6806640625	0.7724609375	0.690185546875	0.78173828125	-1.0	8.0	38
卑	0.72265625	0.410888671875	0.73193359375	0.420654296875	0.0	7.0	38
卒	0.732421875	0.41064453125	0.74169921875	0.42041015625	0.0	7.0	38
卓	0.770751953125	0.37060546875	0.7802734375	0.38037109375	-1.0	7.0	38
協	0.7421875	0.41064453125	0.75146484375	0.42041015625	-1.0	7.0	38
单	0.790771484375	0.37060546875	0.80029296875	0.38037109375	-1.0	7.0	38
卖	0.80078125	0.37060546875	0.810302734375	0.38037109375	-1.0	7.0	38
南	0.210205078125	0.638671875	0.2197265625	0.648193359375	-1.0	8.0	38
博	0.7998046875	0.220458984375	0.8095703125	0.230224609375	-1.0	7.0	38
卜	0.3173828125	0.715576171875	0.322998046875	0.72509765625	13.0	8.0	38
卞	0.82080078125	0.37060546875	0.830322265625	0.38037109375	-1.0	7.0	38
卟	0.76171875	0.41064453125	0.77099609375	0.42041015625	1.0	7.0	38
占	0.13623046875	0.716796875	0.14453125	0.726318359375	4.0	8.0	38
卡	0.8408203125	0.37060546875	0.850341796875	0.38037109375	0.0	7.0	38
卢	0.850830078125	0.37060546875	0.8603515625	0.38037109375	-1.0	7.0	38
卣	0.990966796875	0.38037109375	0.99951171875	0.39013671875	3.0	7.0	38
卤	0.990966796875	0.270263671875	0.99951171875	0.280029296875	3.0	7.0	38
卦	0.880859375	0.37060546875	0.890380859375	0.38037109375	-1.0	7.0	38
卧	0.947265625	0.665771484375	0.95654296875	0.67529296875	1.0	8.0	38
卩	0.2314453125	0.887451171875	0.236328125	0.896484375	16.0	10.0	38
卫	0.4755859375	0.91259765625	0.485107421875	0.9208984375	0.0	10.0	38
卮	0.22021484375	0.638671875	0.229736328125	0.648193359375	-1.0	8.0	38
卯	0.880615234375	0.704833984375	0.889404296875	0.71435546875	0.0	8.0	38
印	0.15771484375	0.462646484375	0.16650390625	0.472412109375	0.0	7.0	38
危	0.950927734375	0.370361328125	0.96044921875	0.380126953125	-1.0	7.0	38
即	0.669189453125	0.87646484375	0.677978515625	0.885498046875	0.0	10.0	38
却	0.55224609375	0.451171875	0.561279296875	0.4609375	-1.0	7.0	38
卵	0.862060546875	0.704833984375	0.870849609375	0.71435546875	0.0	8.0	38
卷	0.7763671875	0.460693359375	0.7861328125	0.47021484375	-1.0	7.0	38
卸	0.966796875	0.410400390625	0.97607421875	0.420166015625	-1.0	7.0	38
卹	0.009765625	0.422607421875	0.01904296875	0.432373046875	-1.0	7.0	38
卺	0.874755859375	0.885009765625	0.88427734375	0.893798828125	-1.0	9.0	38
卻	0.72265625	0.810302734375	0.73193359375	0.819580078125	-1.0	8.0	38
卿	0.228515625	0.70703125	0.237548828125	0.716552734375	-1.0	8.0	38
厂	0.894775390625	0.885009765625	0.904296875	0.893798828125	-1.0	10.0	38
厄	0.10009765625	0.869140625	0.109619140625	0.878173828125	-1.0	9.0	38
厅	0.90478515625	0.885009765625	0.914306640625	0.893798828125	-1.0	10.0	38
历	0.080078125	0.869140625	0.089599609375	0.878173828125	-1.0	10.0	38
厉	0.070068359375	0.869140625	0.07958984375	0.878173828125	-1.0	10.0	38
压	0.9248046875	0.885009765625	0.934326171875	0.893798828125	-1.0	10.0	38
厌	0.550537109375	0.7724609375	0.56005859375	0.78173828125	-1.0	9.0	38
厍	0.744140625	0.848388671875	0.75390625	0.857421875	-1.0	10.0	38
厕	0.050048828125	0.869140625	0.0595703125	0.878173828125	-1.0	10.0	38
厘	0.510498046875	0.7724609375	0.52001953125	0.78173828125	-1.0	9.0	38
厚	0.0400390625	0.869140625	0.049560546875	0.878173828125	-1.0	9.0	38
厝	0.490478515625	0.7724609375	0.5	0.78173828125	-1.0	9.0	38
原	0.71337890625	0.8486328125	0.72314453125	0.857666015625	-1.0	10.0	38
厢	0.030029296875	0.869140625	0.03955078125	0.878173828125	-1.0	10.0	38
厣	0.452392578125	0.71533203125	0.462158203125	0.724609375	-1.0	9.0	38
厥	0.69287109375	0.8486328125	0.70263671875	0.857666015625	-1.0	10.0	38
厦	0.450439453125	0.7724609375	0.4599609375	0.78173828125	-1.0	9.0	38
厨	0.02001953125	0.869140625	0.029541015625	0.878173828125	-1.0	10.0	38
厩	0.431884765625	0.71533203125	0.441650390625	0.724609375	-1.0	9.0	38
厭	0.411376953125	0.71533203125	0.421142578125	0.724609375	-1.0	9.0	38
厮	0.67236328125	0.8486328125	0.68212890625	0.857666015625	-1.0	10.0	38
厲	0.42041015625	0.7724609375	0.429931640625	0.78173828125	-1.0	9.0	38
厶	0.517333984375	0.894775390625	0.5263671875	0.903564453125	0.0	8.0	38
去	0.150146484375	0.382568359375	0.15966796875	0.392333984375	-1.0	7.0	38
县	0.400390625	0.772705078125	0.409912109375	0.781982421875	-1.0	9.0	38
叁	0.370361328125	0.715576171875	0.380126953125	0.724853515625	-1.0	7.0	38
参	0.33837890625	0.231201171875	0.34814453125	0.240966796875	-1.0	7.0	38
參	0.16015625	0.382568359375	0.169677734375	0.392333984375	-1.0	7.0	38
又	0.080078125	0.89697265625	0.089599609375	0.90576171875	-1.0	10.0	38
叉	0.0	0.89697265625	0.009521484375	0.90576171875	-1.0	10.0	38
及	0.973388671875	0.857177734375	0.98291015625	0.8662109375	-1.0	10.0	38
友	0.3896484375	0.23095703125	0.3994140625	0.24072265625	-1.0	7.0	38
双	0.62109375	0.8486328125	0.630859375	0.857666015625	-1.0	10.0	38
反	0.8583984375	0.460693359375	0.8681640625	0.47021484375	-1.0	8.0	38
发	0.42041015625	0.23095703125	0.43017578125	0.24072265625	-1.0	7.0	38
叔	0.86865234375	0.460693359375	0.87841796875	0.47021484375	-1.0	8.0	38
取	0.349853515625	0.715576171875	0.359619140625	0.724853515625	-1.0	9.0	38
受	0.250244140625	0.6376953125	0.259765625	0.647216796875	-1.0	8.0	38
变	0.210205078125	0.382568359375	0.2197265625	0.392333984375	-1.0	7.0	38
叙	0.87890625	0.460693359375	0.888671875	0.47021484375	-1.0	8.0	38
叛	0.88916015625	0.460693359375	0.89892578125	0.47021484375	-1.0	8.0	38
叟	0.240234375	0.38134765625	0.249755859375	0.39111328125	-1.0	7.0	38
叠	0.96337890625	0.857177734375	0.972900390625	0.8662109375	-1.0	8.0	38
叢	0.26025390625	0.637451171875	0.269775390625	0.64697265625	0.0	8.0	38
口	0.694580078125	0.91259765625	0.702392578125	0.9208984375	3.0	11.0	38
古	0.90966796875	0.460693359375	0.91943359375	0.47021484375	-1.0	7.0	38
句	0.877197265625	0.695068359375	0.88623046875	0.70458984375	-1.0	7.0	38
另	0.6640625	0.82958984375	0.673095703125	0.8388671875	-1.0	9.0	38
叨	0.8544921875	0.875732421875	0.863037109375	0.884765625	1.0	10.0	38
叩	0.90869140625	0.875732421875	0.917236328125	0.884765625	1.0	10.0	38
只	0.54931640625	0.8486328125	0.55908203125	0.857666015625	-1.0	10.0	38
叫	0.12744140625	0.716796875	0.1357421875	0.726318359375	2.0	7.0	38
召	0.21337890625	0.8408203125	0.22216796875	0.85009765625	-1.0	9.0	38
叭	0.419921875	0.810791015625	0.42919921875	0.820068359375	1.0	8.0	38
叮	0.2177734375	0.896728515625	0.22705078125	0.905517578125	1.0	10.0	38
可	0.854736328125	0.885009765625	0.8642578125	0.893798828125	-1.0	10.0	38
台	0.3203125	0.38134765625	0.329833984375	0.39111328125	0.0	7.0	38
叱	0.390625	0.810791015625	0.39990234375	0.820068359375	1.0	7.0	38
史	0.66650390625	0.230712890625	0.67626953125	0.240478515625	-1.0	7.0	38
右	0.270263671875	0.637451171875	0.27978515625	0.64697265625	-1.0	7.0	38
叵	0.78466796875	0.903564453125	0.79345703125	0.912109375	2.0	10.0	38
叶	0.907958984375	0.440673828125	0.9169921875	0.450439453125	1.0	7.0	38
号	0.88330078125	0.857177734375	0.892822265625	0.8662109375	-1.0	9.0	38
司	0.59326171875	0.87646484375	0.602294921875	0.885498046875	0.0	9.0	38
叹	0.224609375	0.878173828125	0.23388671875	0.88720703125	1.0	10.0	38
叻	0.695068359375	0.705322265625	0.703857421875	0.71484375	1.0	8.0	38
叼	0.87841796875	0.89404296875	0.886962890625	0.90283203125	1.0	10.0	38
叽	0.205078125	0.878173828125	0.21435546875	0.88720703125	1.0	10.0	38
吁	0.5078125	0.894775390625	0.516845703125	0.903564453125	1.0	10.0	38
吃	0.3125	0.81103515625	0.32177734375	0.8203125	0.0	7.0	38
各	0.03076171875	0.47265625	0.04052734375	0.482177734375	-1.0	7.0	38
吆	0.352294921875	0.705810546875	0.361328125	0.71533203125	1.0	7.0	38
合	0.041015625	0.47265625	0.05078125	0.482177734375	-1.0	8.0	38
吉	0.6640625	0.4208984375	0.67333984375	0.4306640625	0.0	7.0	38
吊	0.52880859375	0.839111328125	0.537353515625	0.848388671875	1.0	9.0	38
吋	0.068359375	0.66796875	0.07763671875	0.677490234375	1.0	7.0	38
同	0.962158203125	0.875732421875	0.970458984375	0.884765625	2.0	9.0	38
名	0.818359375	0.45068359375	0.8271484375	0.46044921875	-1.0	7.0	38
后	0.2802734375	0.637451171875	0.289794921875	0.64697265625	-1.0	8.0	38
吏	0.510498046875	0.381103515625	0.52001953125	0.390869140625	-1.0	7.0	38
吐	0.45068359375	0.89501953125	0.459716796875	0.90380859375	2.0	8.0	38
向	0.10986328125	0.716796875	0.1181640625	0.726318359375	2.0	7.0	38
吒	0.2734375	0.811279296875	0.28271484375	0.820556640625	1.0	8.0	38
吓	0.55517578125	0.87646484375	0.564208984375	0.885498046875	1.0	10.0	38
吕	0.06689453125	0.850341796875	0.07470703125	0.859619140625	3.0	9.0	38
吖	0.0	0.66796875	0.00927734375	0.677490234375	1.0	8.0	38
吗	0.697021484375	0.87646484375	0.705810546875	0.885498046875	1.0	9.0	38
君	0.40576171875	0.848876953125	0.41552734375	0.85791015625	-1.0	9.0	38
吝	0.0615234375	0.47265625	0.0712890625	0.482177734375	-1.0	7.0	38
吞	0.3486328125	0.753662109375	0.3583984375	0.762939453125	-1.0	9.0	38
吟	0.95703125	0.656005859375	0.96630859375	0.66552734375	1.0	8.0	38
吠	0.703125	0.4208984375	0.71240234375	0.4306640625	1.0	7.0	38
吡	0.224609375	0.812255859375	0.23388671875	0.821533203125	1.0	8.0	38
吣	0.9375	0.656005859375	0.94677734375	0.66552734375	1.0	7.0	38
否	0.010009765625	0.774169921875	0.01953125	0.783447265625	-1.0	9.0	38
吧	0.1591796875	0.896728515625	0.16845703125	0.905517578125	1.0	9.0	38
吨	0.908203125	0.656005859375	0.91748046875	0.66552734375	1.0	7.0	38
吩	0.732421875	0.420654296875	0.74169921875	0.430419921875	0.0	7.0	38
含	0.08203125	0.242431640625	0.091796875	0.252197265625	-1.0	7.0	38
听	0.521240234375	0.82958984375	0.5302734375	0.8388671875	1.0	8.0	38
吭	0.7421875	0.420654296875	0.75146484375	0.430419921875	1.0	7.0	38
吮	0.751953125	0.420654296875	0.76123046875	0.430419921875	1.0	7.0	38
启	0.76171875	0.420654296875	0.77099609375	0.430419921875	-1.0	7.0	38
吱	0.771484375	0.420654296875	0.78076171875	0.430419921875	0.0	7.0	38
吲	0.37939453125	0.46142578125	0.3876953125	0.47119140625	1.0	7.0	38
吳	0.97021484375	0.76220703125	0.979736328125	0.771484375	-1.0	9.0	38
吴	0.960205078125	0.76220703125	0.9697265625	0.771484375	-1.0	9.0	38
吵	0.80078125	0.420654296875	0.81005859375	0.430419921875	1.0	7.0	38
吶	0.047607421875	0.45263671875	0.056640625	0.46240234375	0.0	7.0	38
吸	0.13671875	0.87841796875	0.14599609375	0.887451171875	1.0	10.0	38
吹	0.8203125	0.420654296875	0.82958984375	0.430419921875	0.0	7.0	38
吻	0.982666015625	0.704833984375	0.991455078125	0.71435546875	1.0	7.0	38
吼	0.126953125	0.87841796875	0.13623046875	0.887451171875	1.0	9.0	38
吾	0.753173828125	0.857666015625	0.7626953125	0.86669921875	-1.0	9.0	38
呀	0.1201171875	0.89697265625	0.12939453125	0.90576171875	1.0	10.0	38
呂	0.025390625	0.850341796875	0.033203125	0.859619140625	3.0	9.0	38
呃	0.146484375	0.812255859375	0.15576171875	0.821533203125	1.0	9.0	38
呆	0.733154296875	0.85791015625	0.74267578125	0.866943359375	-1.0	9.0	38
呈	0.3740234375	0.89501953125	0.38330078125	0.90380859375	0.0	9.0	38
告	0.290283203125	0.637451171875	0.2998046875	0.64697265625	-1.0	7.0	38
呋	0.39990234375	0.70556640625	0.408935546875	0.715087890625	1.0	8.0	38
呎	0.583740234375	0.87646484375	0.5927734375	0.885498046875	1.0	10.0	38
呐	0.05712890625	0.45263671875	0.066162109375	0.46240234375	0.0	7.0	38
呒	0.3642578125	0.895263671875	0.37353515625	0.904052734375	1.0	10.0	38
呓	0.464111328125	0.82958984375	0.47314453125	0.8388671875	1.0	8.0	38
呔	0.6640625	0.65673828125	0.67333984375	0.666259765625	1.0	7.0	38
呕	0.60791015625	0.90380859375	0.616943359375	0.912353515625	1.0	10.0	38
呖	0.621826171875	0.87646484375	0.630859375	0.885498046875	1.0	10.0	38
呗	0.05859375	0.87841796875	0.06787109375	0.887451171875	1.0	10.0	38
员	0.77001953125	0.76220703125	0.779541015625	0.771484375	-1.0	9.0	38
呙	0.988525390625	0.875732421875	0.996826171875	0.884765625	2.0	9.0	38
呛	0.60546875	0.65673828125	0.61474609375	0.666259765625	1.0	7.0	38
呜	0.889892578125	0.704833984375	0.898681640625	0.71435546875	1.0	7.0	38
呢	0.435546875	0.82958984375	0.444580078125	0.8388671875	1.0	9.0	38
呤	0.9765625	0.42041015625	0.98583984375	0.43017578125	1.0	7.0	38
呦	0.123779296875	0.45263671875	0.1328125	0.46240234375	1.0	7.0	38
周	0.0390625	0.812255859375	0.04833984375	0.821533203125	-1.0	9.0	38
呱	0.029296875	0.812255859375	0.03857421875	0.821533203125	1.0	8.0	38
呲	0.009765625	0.812255859375	0.01904296875	0.821533203125	1.0	8.0	38
味	0.01953125	0.4326171875	0.02880859375	0.4423828125	1.0	7.0	38
呵	0.3544921875	0.895263671875	0.36376953125	0.904052734375	1.0	10.0	38
呶	0.029296875	0.4326171875	0.03857421875	0.4423828125	1.0	7.0	38
呷	0.836181640625	0.875732421875	0.844970703125	0.884765625	1.0	10.0	38
呸	0.5537109375	0.91259765625	0.562744140625	0.9208984375	1.0	10.0	38
呻	0.86474609375	0.45068359375	0.87353515625	0.46044921875	1.0	7.0	38
呼	0.564697265625	0.87646484375	0.57373046875	0.885498046875	1.0	9.0	38
命	0.57421875	0.240966796875	0.583984375	0.250732421875	-1.0	7.0	38
咀	0.53125	0.90380859375	0.54052734375	0.912353515625	1.0	10.0	38
咂	0.617431640625	0.90380859375	0.62646484375	0.912353515625	1.0	10.0	38
咄	0.02783203125	0.8408203125	0.03662109375	0.85009765625	1.0	8.0	38
咆	0.4296875	0.65673828125	0.43896484375	0.666259765625	1.0	7.0	38
咋	0.419921875	0.65673828125	0.42919921875	0.666259765625	1.0	7.0	38
和	0.41015625	0.65673828125	0.41943359375	0.666259765625	-1.0	8.0	38
咎	0.64599609375	0.24072265625	0.65576171875	0.25048828125	-1.0	7.0	38
咏	0.400390625	0.65673828125	0.40966796875	0.666259765625	1.0	7.0	38
咐	0.068359375	0.4326171875	0.07763671875	0.4423828125	1.0	7.0	38
咒	0.62548828125	0.734375	0.63525390625	0.74365234375	-1.0	9.0	38
咔	0.142822265625	0.45263671875	0.15185546875	0.46240234375	1.0	7.0	38
咕	0.107421875	0.4326171875	0.11669921875	0.4423828125	1.0	7.0	38
咖	0.8740234375	0.45068359375	0.8828125	0.46044921875	1.0	7.0	38
咙	0.126953125	0.4326171875	0.13623046875	0.4423828125	1.0	7.0	38
咚	0.13671875	0.4326171875	0.14599609375	0.4423828125	1.0	7.0	38
咛	0.161865234375	0.70703125	0.1708984375	0.716552734375	1.0	7.0	38
咝	0.431640625	0.89501953125	0.440673828125	0.90380859375	1.0	8.0	38
咣	0.341796875	0.656982421875	0.35107421875	0.66650390625	1.0	8.0	38
咤	0.33203125	0.656982421875	0.34130859375	0.66650390625	1.0	7.0	38
咦	0.166015625	0.4326171875	0.17529296875	0.4423828125	1.0	7.0	38
咧	0.843505859375	0.704833984375	0.852294921875	0.71435546875	1.0	8.0	38
咨	0.030029296875	0.392578125	0.03955078125	0.40234375	-1.0	7.0	38
咩	0.17138671875	0.45263671875	0.180419921875	0.46240234375	1.0	7.0	38
咪	0.1953125	0.4326171875	0.20458984375	0.4423828125	1.0	7.0	38
咫	0.5537109375	0.734375	0.5634765625	0.74365234375	-1.0	9.0	38
咬	0.180908203125	0.45263671875	0.18994140625	0.46240234375	1.0	7.0	38
咭	0.224609375	0.431884765625	0.23388671875	0.441650390625	1.0	7.0	38
咯	0.244140625	0.431396484375	0.25341796875	0.441162109375	1.0	7.0	38
咱	0.990966796875	0.60693359375	0.99951171875	0.616455078125	1.0	7.0	38
咳	0.25390625	0.431396484375	0.26318359375	0.441162109375	1.0	7.0	38
咴	0.30029296875	0.637451171875	0.309814453125	0.64697265625	0.0	8.0	38
咸	0.90234375	0.240478515625	0.912109375	0.250244140625	-1.0	7.0	38
咻	0.263671875	0.431396484375	0.27294921875	0.441162109375	1.0	7.0	38
咽	0.0185546875	0.8408203125	0.02734375	0.85009765625	1.0	9.0	38
咿	0.20947265625	0.45263671875	0.218505859375	0.46240234375	1.0	7.0	38
哀	0.943359375	0.240234375	0.953125	0.25	-1.0	7.0	38
品	0.00927734375	0.8408203125	0.01806640625	0.85009765625	1.0	9.0	38
哂	0.3349609375	0.895263671875	0.34423828125	0.904052734375	0.0	10.0	38
哄	0.87744140625	0.80029296875	0.88671875	0.8095703125	1.0	8.0	38
哆	0.238037109375	0.45166015625	0.2470703125	0.46142578125	1.0	7.0	38
哇	0.330810546875	0.830078125	0.33984375	0.83935546875	1.0	7.0	38
哈	0.302734375	0.42138671875	0.31201171875	0.43115234375	1.0	7.0	38
哉	0.0205078125	0.25244140625	0.0302734375	0.26220703125	-1.0	7.0	38
哌	0.85791015625	0.80029296875	0.8671875	0.8095703125	1.0	9.0	38
响	0.990966796875	0.30029296875	0.99951171875	0.31005859375	1.0	7.0	38
哎	0.0380859375	0.70703125	0.047119140625	0.716552734375	1.0	8.0	38
哏	0.539794921875	0.762939453125	0.54931640625	0.772216796875	0.0	9.0	38
哐	0.55078125	0.90380859375	0.559814453125	0.912353515625	1.0	10.0	38
哑	0.51513671875	0.91259765625	0.5244140625	0.9208984375	1.0	10.0	38
哒	0.80908203125	0.80029296875	0.818359375	0.8095703125	0.0	8.0	38
哓	0.322265625	0.431396484375	0.33154296875	0.441162109375	1.0	7.0	38
哔	0.341796875	0.431396484375	0.35107421875	0.441162109375	1.0	7.0	38
哕	0.824951171875	0.704833984375	0.833740234375	0.71435546875	1.0	8.0	38
哗	0.107421875	0.658203125	0.11669921875	0.667724609375	1.0	8.0	38
哙	0.3515625	0.431396484375	0.36083984375	0.441162109375	0.0	7.0	38
哚	0.79931640625	0.80029296875	0.80859375	0.8095703125	0.0	9.0	38
哜	0.361328125	0.431396484375	0.37060546875	0.441162109375	1.0	7.0	38
哝	0.400390625	0.43115234375	0.40966796875	0.44091796875	1.0	7.0	38
哞	0.637939453125	0.451171875	0.64697265625	0.4609375	1.0	7.0	38
哟	0.806396484375	0.704833984375	0.815185546875	0.71435546875	1.0	7.0	38
員	0.78955078125	0.80029296875	0.798828125	0.8095703125	0.0	9.0	38
哥	0.54296875	0.85791015625	0.552490234375	0.866943359375	-1.0	9.0	38
哦	0.05859375	0.658203125	0.06787109375	0.667724609375	1.0	8.0	38
哧	0.15234375	0.45263671875	0.161376953125	0.46240234375	1.0	7.0	38
哨	0.896240234375	0.695068359375	0.9052734375	0.70458984375	0.0	8.0	38
哩	0.2763671875	0.896728515625	0.28564453125	0.905517578125	0.0	9.0	38
哪	0.283203125	0.830078125	0.292236328125	0.83935546875	1.0	9.0	38
哭	0.1435546875	0.736083984375	0.1533203125	0.745361328125	-1.0	9.0	38
哮	0.0	0.658203125	0.00927734375	0.667724609375	1.0	7.0	38
哲	0.419921875	0.43115234375	0.42919921875	0.44091796875	0.0	7.0	38
哳	0.439453125	0.43115234375	0.44873046875	0.44091796875	0.0	7.0	38
哺	0.4951171875	0.451171875	0.504150390625	0.4609375	1.0	7.0	38
哼	0.858154296875	0.695068359375	0.8671875	0.70458984375	1.0	7.0	38
哽	0.75048828125	0.80078125	0.759765625	0.81005859375	1.0	9.0	38
哿	0.3203125	0.637451171875	0.329833984375	0.64697265625	-1.0	7.0	38
唁	0.46875	0.43115234375	0.47802734375	0.44091796875	1.0	7.0	38
唆	0.478515625	0.43115234375	0.48779296875	0.44091796875	1.0	7.0	38
唇	0.08203125	0.736083984375	0.091796875	0.745361328125	-1.0	9.0	38
唉	0.71630859375	0.25048828125	0.725830078125	0.26025390625	0.0	7.0	38
唏	0.82958984375	0.695068359375	0.838623046875	0.70458984375	1.0	8.0	38
唐	0.79638671875	0.25048828125	0.805908203125	0.26025390625	-1.0	7.0	38
唑	0.98974609375	0.866455078125	0.9990234375	0.87548828125	0.0	8.0	38
唔	0.990234375	0.76220703125	0.99951171875	0.771484375	1.0	9.0	38
唛	0.48828125	0.43115234375	0.49755859375	0.44091796875	1.0	7.0	38
唠	0.06494140625	0.716796875	0.07373046875	0.726318359375	1.0	8.0	38
唢	0.498046875	0.43115234375	0.50732421875	0.44091796875	0.0	7.0	38
唣	0.523681640625	0.70556640625	0.53271484375	0.715087890625	1.0	7.0	38
唤	0.5078125	0.43115234375	0.51708984375	0.44091796875	1.0	7.0	38
唧	0.482421875	0.839111328125	0.4912109375	0.848388671875	1.0	9.0	38
唪	0.25	0.391357421875	0.25927734375	0.401123046875	1.0	7.0	38
唬	0.8984375	0.440673828125	0.907470703125	0.450439453125	1.0	7.0	38
售	0.090087890625	0.262451171875	0.099609375	0.272216796875	-1.0	7.0	38
唯	0.504638671875	0.451171875	0.513671875	0.4609375	1.0	7.0	38
唰	0.49169921875	0.839111328125	0.50048828125	0.848388671875	1.0	8.0	38
唱	0.5009765625	0.839111328125	0.509765625	0.848388671875	1.0	9.0	38
唳	0.30859375	0.391357421875	0.31787109375	0.401123046875	1.0	7.0	38
唷	0.107421875	0.66796875	0.11669921875	0.677490234375	0.0	7.0	38
唸	0.185546875	0.66796875	0.19482421875	0.677490234375	1.0	7.0	38
唼	0.318359375	0.391357421875	0.32763671875	0.401123046875	1.0	7.0	38
唾	0.2666015625	0.896728515625	0.27587890625	0.905517578125	1.0	9.0	38
唿	0.1953125	0.66796875	0.20458984375	0.677490234375	0.0	7.0	38
啁	0.987548828125	0.828857421875	0.996337890625	0.838134765625	1.0	9.0	38
啃	0.244140625	0.667236328125	0.25341796875	0.6767578125	0.0	7.0	38
啄	0.2861328125	0.89599609375	0.29541015625	0.90478515625	1.0	10.0	38
商	0.210205078125	0.262451171875	0.2197265625	0.272216796875	-1.0	7.0	38
啉	0.337890625	0.391357421875	0.34716796875	0.401123046875	0.0	7.0	38
啊	0.41015625	0.8203125	0.41943359375	0.82958984375	1.0	9.0	38
問	0.610107421875	0.839111328125	0.61865234375	0.848388671875	1.0	9.0	38
啐	0.34765625	0.391357421875	0.35693359375	0.401123046875	0.0	7.0	38
啕	0.713623046875	0.705322265625	0.722412109375	0.71484375	1.0	7.0	38
啖	0.357421875	0.391357421875	0.36669921875	0.401123046875	1.0	7.0	38
啗	0.142822265625	0.70703125	0.15185546875	0.716552734375	0.0	8.0	38
啜	0.517578125	0.820068359375	0.52685546875	0.829345703125	1.0	9.0	38
啞	0.482421875	0.90380859375	0.49169921875	0.912353515625	1.0	10.0	38
啟	0.64599609375	0.010498046875	0.65576171875	0.020263671875	-1.0	7.0	38
啡	0.91748046875	0.440673828125	0.926513671875	0.450439453125	1.0	7.0	38
啣	0.8486328125	0.695068359375	0.857666015625	0.70458984375	1.0	8.0	38
啤	0.38671875	0.39111328125	0.39599609375	0.40087890625	1.0	7.0	38
啥	0.330322265625	0.637451171875	0.33984375	0.64697265625	0.0	7.0	38
啦	0.380859375	0.666748046875	0.39013671875	0.67626953125	1.0	7.0	38
啧	0.435546875	0.39111328125	0.44482421875	0.40087890625	1.0	7.0	38
啪	0.86767578125	0.695068359375	0.876708984375	0.70458984375	0.0	7.0	38
啬	0.34033203125	0.637451171875	0.349853515625	0.64697265625	-1.0	7.0	38
啭	0.46484375	0.39111328125	0.47412109375	0.40087890625	1.0	7.0	38
啮	0.52734375	0.820068359375	0.53662109375	0.829345703125	0.0	8.0	38
啵	0.474609375	0.39111328125	0.48388671875	0.40087890625	1.0	7.0	38
啶	0.494140625	0.39111328125	0.50341796875	0.40087890625	1.0	7.0	38
啷	0.54296875	0.39111328125	0.55224609375	0.40087890625	1.0	7.0	38
啸	0.58203125	0.39111328125	0.59130859375	0.40087890625	0.0	7.0	38
啻	0.965087890625	0.4404296875	0.97412109375	0.4501953125	0.0	7.0	38
啼	0.974609375	0.4404296875	0.983642578125	0.4501953125	1.0	7.0	38
啾	0.400390625	0.66650390625	0.40966796875	0.676025390625	1.0	8.0	38
喀	0.630859375	0.39111328125	0.64013671875	0.40087890625	1.0	7.0	38
喁	0.60693359375	0.82958984375	0.615966796875	0.8388671875	1.0	9.0	38
喂	0.546875	0.820068359375	0.55615234375	0.829345703125	1.0	9.0	38
喃	0.984130859375	0.4404296875	0.9931640625	0.4501953125	1.0	7.0	38
善	0.450439453125	0.260986328125	0.4599609375	0.270751953125	-1.0	7.0	38
喇	0.82763671875	0.45068359375	0.83642578125	0.46044921875	1.0	7.0	38
喈	0.0380859375	0.45263671875	0.047119140625	0.46240234375	1.0	7.0	38
喉	0.77734375	0.390625	0.78662109375	0.400390625	1.0	7.0	38
喊	0.48828125	0.66650390625	0.49755859375	0.676025390625	0.0	8.0	38
喋	0.806640625	0.390625	0.81591796875	0.400390625	1.0	7.0	38
喏	0.01904296875	0.70703125	0.028076171875	0.716552734375	1.0	8.0	38
喑	0.89453125	0.390625	0.90380859375	0.400390625	1.0	7.0	38
喔	0.595703125	0.820068359375	0.60498046875	0.829345703125	0.0	9.0	38
喘	0.9140625	0.390625	0.92333984375	0.400390625	1.0	7.0	38
喙	0.615234375	0.820068359375	0.62451171875	0.829345703125	1.0	8.0	38
喚	0.962890625	0.390380859375	0.97216796875	0.400146484375	1.0	7.0	38
喜	0.570556640625	0.260986328125	0.580078125	0.270751953125	-1.0	7.0	38
喝	0.817626953125	0.875732421875	0.826416015625	0.884765625	1.0	9.0	38
喟	0.37109375	0.83935546875	0.3798828125	0.8486328125	1.0	9.0	38
喧	0.654296875	0.820068359375	0.66357421875	0.829345703125	1.0	7.0	38
喪	0.6005859375	0.260986328125	0.610107421875	0.270751953125	-1.0	7.0	38
喫	0.97265625	0.390380859375	0.98193359375	0.400146484375	1.0	7.0	38
喬	0.205078125	0.47265625	0.21484375	0.482177734375	-1.0	8.0	38
單	0.02001953125	0.774169921875	0.029541015625	0.783447265625	-1.0	9.0	38
喱	0.6640625	0.820068359375	0.67333984375	0.829345703125	0.0	9.0	38
喲	0.066650390625	0.70703125	0.07568359375	0.716552734375	1.0	7.0	38
喳	0.673828125	0.820068359375	0.68310546875	0.829345703125	1.0	7.0	38
喵	0.01953125	0.402587890625	0.02880859375	0.412353515625	1.0	7.0	38
喷	0.029296875	0.402587890625	0.03857421875	0.412353515625	0.0	7.0	38
喹	0.693359375	0.820068359375	0.70263671875	0.829345703125	1.0	7.0	38
喻	0.0390625	0.402587890625	0.04833984375	0.412353515625	1.0	7.0	38
喽	0.048828125	0.402587890625	0.05810546875	0.412353515625	1.0	7.0	38
喾	0.6806640625	0.2607421875	0.690185546875	0.2705078125	-1.0	7.0	38
嗄	0.72265625	0.81982421875	0.73193359375	0.8291015625	1.0	9.0	38
嗅	0.05859375	0.402587890625	0.06787109375	0.412353515625	1.0	7.0	38
嗆	0.673828125	0.66650390625	0.68310546875	0.676025390625	1.0	8.0	38
嗇	0.710693359375	0.2607421875	0.72021484375	0.2705078125	-1.0	7.0	38
嗉	0.068359375	0.402587890625	0.07763671875	0.412353515625	0.0	7.0	38
嗌	0.76171875	0.81982421875	0.77099609375	0.8291015625	0.0	7.0	38
嗍	0.852783203125	0.704833984375	0.861572265625	0.71435546875	1.0	8.0	38
嗎	0.545654296875	0.87646484375	0.5546875	0.885498046875	0.0	9.0	38
嗑	0.693359375	0.666259765625	0.70263671875	0.67578125	1.0	7.0	38
嗒	0.078125	0.402587890625	0.08740234375	0.412353515625	1.0	7.0	38
嗓	0.83984375	0.8193359375	0.84912109375	0.82861328125	1.0	9.0	38
嗔	0.1171875	0.402587890625	0.12646484375	0.412353515625	1.0	7.0	38
嗖	0.13671875	0.402587890625	0.14599609375	0.412353515625	1.0	7.0	38
嗚	0.20947265625	0.70703125	0.218505859375	0.716552734375	1.0	7.0	38
嗜	0.15625	0.402587890625	0.16552734375	0.412353515625	1.0	7.0	38
嗝	0.749755859375	0.829345703125	0.7587890625	0.838623046875	1.0	9.0	38
嗟	0.8984375	0.8193359375	0.90771484375	0.82861328125	1.0	7.0	38
嗡	0.78125	0.665771484375	0.79052734375	0.67529296875	1.0	7.0	38
嗣	0.4267578125	0.83935546875	0.435546875	0.8486328125	0.0	9.0	38
嗤	0.17578125	0.402587890625	0.18505859375	0.412353515625	1.0	7.0	38
嗥	0.1953125	0.402587890625	0.20458984375	0.412353515625	1.0	7.0	38
嗦	0.791015625	0.665771484375	0.80029296875	0.67529296875	0.0	8.0	38
嗧	0.451171875	0.020751953125	0.4609375	0.030517578125	-1.0	7.0	38
嗨	0.80078125	0.665771484375	0.81005859375	0.67529296875	1.0	7.0	38
嗪	0.205078125	0.402587890625	0.21435546875	0.412353515625	1.0	7.0	38
嗫	0.91796875	0.8193359375	0.92724609375	0.82861328125	1.0	9.0	38
嗬	0.224609375	0.40185546875	0.23388671875	0.41162109375	1.0	7.0	38
嗯	0.400390625	0.876708984375	0.40966796875	0.8857421875	1.0	9.0	38
嗲	0.8203125	0.665771484375	0.82958984375	0.67529296875	0.0	8.0	38
嗳	0.540283203125	0.82958984375	0.54931640625	0.8388671875	1.0	9.0	38
嗵	0.947265625	0.8193359375	0.95654296875	0.82861328125	1.0	8.0	38
嗶	0.390625	0.876708984375	0.39990234375	0.8857421875	1.0	9.0	38
嗷	0.361328125	0.4013671875	0.37060546875	0.4111328125	0.0	7.0	38
嗽	0.830078125	0.665771484375	0.83935546875	0.67529296875	1.0	8.0	38
嗾	0.44921875	0.401123046875	0.45849609375	0.410888671875	0.0	7.0	38
嘀	0.56640625	0.401123046875	0.57568359375	0.410888671875	0.0	7.0	38
嘁	0.859375	0.665771484375	0.86865234375	0.67529296875	1.0	7.0	38
嘆	0.625	0.401123046875	0.63427734375	0.410888671875	1.0	7.0	38
嘈	0.654296875	0.401123046875	0.66357421875	0.410888671875	1.0	7.0	38
嘉	0.14013671875	0.2724609375	0.149658203125	0.2822265625	-1.0	7.0	38
嘌	0.380859375	0.876708984375	0.39013671875	0.8857421875	1.0	9.0	38
嘍	0.72265625	0.40087890625	0.73193359375	0.41064453125	1.0	7.0	38
嘎	0.986328125	0.8193359375	0.99560546875	0.82861328125	1.0	9.0	38
嘏	0.350341796875	0.637451171875	0.35986328125	0.64697265625	0.0	8.0	38
嘐	0.498046875	0.820068359375	0.50732421875	0.829345703125	1.0	9.0	38
嘔	0.1396484375	0.89697265625	0.14892578125	0.90576171875	1.0	9.0	38
嘖	0.927734375	0.665771484375	0.93701171875	0.67529296875	1.0	8.0	38
嘗	0.314208984375	0.705810546875	0.3232421875	0.71533203125	0.0	8.0	38
嘘	0.009765625	0.677734375	0.01904296875	0.687255859375	1.0	8.0	38
嘛	0.791015625	0.400634765625	0.80029296875	0.410400390625	0.0	7.0	38
嘞	0.314208984375	0.451416015625	0.3232421875	0.461181640625	1.0	7.0	38
嘟	0.859375	0.400634765625	0.86865234375	0.410400390625	0.0	7.0	38
嘣	0.333251953125	0.705810546875	0.34228515625	0.71533203125	0.0	8.0	38
嘤	0.09765625	0.831298828125	0.10693359375	0.840576171875	0.0	9.0	38
嘧	0.05859375	0.677734375	0.06787109375	0.687255859375	0.0	7.0	38
嘩	0.107421875	0.831298828125	0.11669921875	0.840576171875	1.0	8.0	38
嘬	0.126953125	0.831298828125	0.13623046875	0.840576171875	1.0	9.0	38
嘭	0.95703125	0.400390625	0.96630859375	0.41015625	1.0	7.0	38
嘮	0.36181640625	0.451416015625	0.370849609375	0.461181640625	1.0	7.0	38
嘯	0.068359375	0.677734375	0.07763671875	0.687255859375	0.0	8.0	38
嘰	0.0	0.41259765625	0.00927734375	0.42236328125	1.0	7.0	38
嘱	0.368896484375	0.829833984375	0.3779296875	0.839111328125	1.0	9.0	38
嘲	0.380859375	0.451171875	0.389892578125	0.4609375	0.0	7.0	38
嘴	0.068359375	0.41259765625	0.07763671875	0.42236328125	1.0	7.0	38
嘶	0.078125	0.677734375	0.08740234375	0.687255859375	1.0	8.0	38
嘹	0.1171875	0.677734375	0.12646484375	0.687255859375	0.0	7.0	38
嘻	0.380859375	0.705810546875	0.389892578125	0.71533203125	1.0	7.0	38
嘿	0.146484375	0.831298828125	0.15576171875	0.840576171875	1.0	9.0	38
噌	0.447509765625	0.451171875	0.45654296875	0.4609375	0.0	7.0	38
噍	0.21484375	0.41259765625	0.22412109375	0.42236328125	0.0	7.0	38
噎	0.390380859375	0.705810546875	0.3994140625	0.71533203125	1.0	7.0	38
噓	0.21484375	0.677734375	0.22412109375	0.687255859375	0.0	8.0	38
噔	0.361328125	0.876708984375	0.37060546875	0.8857421875	1.0	8.0	38
噗	0.986328125	0.42041015625	0.99560546875	0.43017578125	0.0	7.0	38
噘	0.3515625	0.876953125	0.36083984375	0.885986328125	0.0	10.0	38
噙	0.37109375	0.411376953125	0.38037109375	0.421142578125	0.0	7.0	38
噜	0.4296875	0.4111328125	0.43896484375	0.4208984375	1.0	7.0	38
噢	0.48828125	0.4111328125	0.49755859375	0.4208984375	1.0	7.0	38
噤	0.234375	0.677734375	0.24365234375	0.687255859375	1.0	7.0	38
噥	0.370361328125	0.637451171875	0.3798828125	0.64697265625	0.0	8.0	38
器	0.05126953125	0.85986328125	0.06103515625	0.868896484375	-1.0	9.0	38
噩	0.501953125	0.90380859375	0.51123046875	0.912353515625	0.0	10.0	38
噪	0.283203125	0.676513671875	0.29248046875	0.68603515625	1.0	8.0	38
噫	0.410400390625	0.63720703125	0.419921875	0.646728515625	0.0	7.0	38
噬	0.15625	0.831298828125	0.16552734375	0.840576171875	1.0	7.0	38
噯	0.390625	0.67626953125	0.39990234375	0.685791015625	1.0	8.0	38
噱	0.5859375	0.4111328125	0.59521484375	0.4208984375	1.0	7.0	38
噴	0.595703125	0.4111328125	0.60498046875	0.4208984375	0.0	7.0	38
噶	0.9248046875	0.695068359375	0.933837890625	0.70458984375	1.0	7.0	38
噸	0.4296875	0.67626953125	0.43896484375	0.685791015625	0.0	8.0	38
噹	0.17138671875	0.70703125	0.180419921875	0.716552734375	0.0	7.0	38
噻	0.166015625	0.831298828125	0.17529296875	0.840576171875	1.0	7.0	38
噼	0.68359375	0.410888671875	0.69287109375	0.420654296875	0.0	7.0	38
嚀	0.52734375	0.67626953125	0.53662109375	0.685791015625	1.0	7.0	38
嚅	0.17578125	0.831298828125	0.18505859375	0.840576171875	1.0	9.0	38
嚆	0.703125	0.410888671875	0.71240234375	0.420654296875	1.0	7.0	38
嚇	0.625	0.67626953125	0.63427734375	0.685791015625	0.0	8.0	38
嚎	0.634765625	0.67626953125	0.64404296875	0.685791015625	1.0	7.0	38
嚏	0.428466796875	0.70556640625	0.4375	0.715087890625	1.0	7.0	38
嚐	0.49267578125	0.82958984375	0.501708984375	0.8388671875	1.0	8.0	38
嚓	0.8203125	0.675537109375	0.82958984375	0.68505859375	1.0	7.0	38
嚕	0.830078125	0.41064453125	0.83935546875	0.42041015625	1.0	7.0	38
嚣	0.739990234375	0.7626953125	0.74951171875	0.77197265625	-1.0	9.0	38
嚥	0.9765625	0.675537109375	0.98583984375	0.68505859375	1.0	7.0	38
嚨	0.986328125	0.67529296875	0.99560546875	0.684814453125	0.0	7.0	38
嚮	0.870849609375	0.2705078125	0.88037109375	0.2802734375	-1.0	7.0	38
嚯	0.6259765625	0.82958984375	0.635009765625	0.8388671875	1.0	9.0	38
嚴	0.72998046875	0.7626953125	0.739501953125	0.77197265625	-1.0	9.0	38
嚶	0.21484375	0.831298828125	0.22412109375	0.840576171875	0.0	9.0	38
嚷	0.849609375	0.41064453125	0.85888671875	0.42041015625	1.0	7.0	38
嚼	0.224609375	0.831298828125	0.23388671875	0.840576171875	1.0	8.0	38
囀	0.224609375	0.6875	0.23388671875	0.697021484375	0.0	8.0	38
囁	0.234375	0.831298828125	0.24365234375	0.840576171875	1.0	9.0	38
囂	0.7099609375	0.7626953125	0.719482421875	0.77197265625	-1.0	9.0	38
囈	0.8984375	0.41064453125	0.90771484375	0.42041015625	1.0	7.0	38
囉	0.25390625	0.831298828125	0.26318359375	0.840576171875	1.0	9.0	38
囊	0.95361328125	0.030029296875	0.96337890625	0.039794921875	-1.0	7.0	38
囌	0.400390625	0.68603515625	0.40966796875	0.695556640625	1.0	7.0	38
囍	0.419921875	0.68603515625	0.42919921875	0.695556640625	0.0	7.0	38
囑	0.387939453125	0.829833984375	0.39697265625	0.839111328125	1.0	9.0	38
囔	0.01953125	0.422607421875	0.02880859375	0.432373046875	1.0	7.0	38
囗	0.84228515625	0.89404296875	0.850830078125	0.90283203125	1.0	10.0	38
囚	0.916259765625	0.83837890625	0.924560546875	0.84765625	2.0	9.0	38
四	0.833251953125	0.89404296875	0.841796875	0.90283203125	2.0	10.0	38
囝	0.63720703125	0.839111328125	0.645751953125	0.848388671875	1.0	9.0	38
回	0.890625	0.875732421875	0.899169921875	0.884765625	1.0	9.0	38
囟	0.990966796875	0.26025390625	0.99951171875	0.27001953125	1.0	7.0	38
因	0.942626953125	0.83837890625	0.950927734375	0.84765625	2.0	9.0	38
囡	0.6552734375	0.839111328125	0.663818359375	0.848388671875	1.0	9.0	38
团	0.664306640625	0.839111328125	0.6728515625	0.848388671875	1.0	9.0	38
囤	0.08349609375	0.8408203125	0.09228515625	0.85009765625	1.0	9.0	38
囪	0.990966796875	0.2802734375	0.99951171875	0.2900390625	1.0	7.0	38
囫	0.69140625	0.839111328125	0.699951171875	0.848388671875	1.0	9.0	38
园	0.826904296875	0.83837890625	0.83544921875	0.84765625	1.0	9.0	38
困	0.70947265625	0.839111328125	0.718017578125	0.848388671875	1.0	9.0	38
囱	0.990966796875	0.290283203125	0.99951171875	0.300048828125	1.0	7.0	38
围	0.7275390625	0.8388671875	0.736083984375	0.84814453125	1.0	9.0	38
囵	0.736572265625	0.8388671875	0.7451171875	0.84814453125	1.0	9.0	38
囹	0.754638671875	0.8388671875	0.76318359375	0.84814453125	1.0	9.0	38
固	0.763671875	0.8388671875	0.772216796875	0.84814453125	1.0	9.0	38
国	0.78173828125	0.838623046875	0.790283203125	0.847900390625	1.0	9.0	38
图	0.037109375	0.8408203125	0.0458984375	0.85009765625	1.0	9.0	38
囿	0.790771484375	0.83837890625	0.79931640625	0.84765625	1.0	9.0	38
圃	0.4638671875	0.839111328125	0.47265625	0.848388671875	1.0	9.0	38
圄	0.808837890625	0.83837890625	0.8173828125	0.84765625	1.0	9.0	38
圆	0.408203125	0.83935546875	0.4169921875	0.8486328125	1.0	9.0	38
圈	0.34326171875	0.839599609375	0.35205078125	0.848876953125	1.0	9.0	38
圉	0.12060546875	0.8408203125	0.12939453125	0.85009765625	1.0	9.0	38
圊	0.30615234375	0.839599609375	0.31494140625	0.848876953125	1.0	9.0	38
國	0.51025390625	0.839111328125	0.51904296875	0.848388671875	1.0	9.0	38
圍	0.51953125	0.839111328125	0.5283203125	0.848388671875	1.0	9.0	38
園	0.682373046875	0.839111328125	0.69091796875	0.848388671875	1.0	9.0	38
圓	0.718505859375	0.839111328125	0.72705078125	0.848388671875	1.0	9.0	38
圖	0.7998046875	0.83837890625	0.808349609375	0.84765625	1.0	9.0	38
團	0.646240234375	0.839111328125	0.65478515625	0.848388671875	1.0	9.0	38
圜	0.67333984375	0.839111328125	0.681884765625	0.848388671875	1.0	9.0	38
土	0.724609375	0.8857421875	0.734130859375	0.89453125	-1.0	8.0	38
圣	0.523193359375	0.8857421875	0.532958984375	0.89453125	-1.0	9.0	38
在	0.41015625	0.47119140625	0.419921875	0.480712890625	-1.0	7.0	38
圩	0.883056640625	0.714599609375	0.892822265625	0.723876953125	-1.0	8.0	38
圪	0.42041015625	0.47119140625	0.43017578125	0.480712890625	-1.0	7.0	38
圬	0.903564453125	0.714599609375	0.913330078125	0.723876953125	-1.0	8.0	38
圭	0.60986328125	0.762939453125	0.619384765625	0.772216796875	-1.0	7.0	38
圮	0.01025390625	0.85986328125	0.02001953125	0.868896484375	-1.0	8.0	38
圯	0.0	0.85986328125	0.009765625	0.868896484375	-1.0	8.0	38
地	0.965087890625	0.714599609375	0.974853515625	0.723876953125	-1.0	7.0	38
圳	0.51416015625	0.70556640625	0.523193359375	0.715087890625	-1.0	8.0	38
圹	0.5205078125	0.281005859375	0.530029296875	0.290771484375	-1.0	7.0	38
场	0.76171875	0.685302734375	0.77099609375	0.69482421875	-1.0	8.0	38
圻	0.450439453125	0.63720703125	0.4599609375	0.646728515625	-1.0	8.0	38
圾	0.4306640625	0.47119140625	0.4404296875	0.480712890625	-1.0	8.0	38
址	0.9697265625	0.847900390625	0.9794921875	0.85693359375	-1.0	7.0	38
坂	0.205078125	0.05224609375	0.21484375	0.06201171875	-1.0	7.0	38
均	0.791015625	0.685302734375	0.80029296875	0.69482421875	-1.0	7.0	38
坊	0.6005859375	0.281005859375	0.610107421875	0.290771484375	-1.0	7.0	38
坌	0.041015625	0.7265625	0.05078125	0.73583984375	-1.0	7.0	38
坍	0.44091796875	0.47119140625	0.45068359375	0.480712890625	-1.0	8.0	38
坎	0.2666015625	0.051025390625	0.2763671875	0.060791015625	-1.0	7.0	38
坏	0.451171875	0.47119140625	0.4609375	0.480712890625	-1.0	8.0	38
坐	0.58984375	0.762939453125	0.599365234375	0.772216796875	-1.0	7.0	38
坑	0.31787109375	0.051025390625	0.32763671875	0.060791015625	-1.0	7.0	38
块	0.650634765625	0.28076171875	0.66015625	0.29052734375	-1.0	7.0	38
坚	0.390380859375	0.867431640625	0.39990234375	0.87646484375	-1.0	8.0	38
坛	0.46142578125	0.47119140625	0.47119140625	0.480712890625	-1.0	8.0	38
坜	0.48046875	0.63720703125	0.489990234375	0.646728515625	-1.0	8.0	38
坝	0.4716796875	0.47119140625	0.4814453125	0.480712890625	-1.0	8.0	38
坞	0.859375	0.685302734375	0.86865234375	0.69482421875	-1.0	7.0	38
坟	0.42041015625	0.05078125	0.43017578125	0.060546875	-1.0	7.0	38
坠	0.56982421875	0.762939453125	0.579345703125	0.772216796875	-1.0	7.0	38
坡	0.44091796875	0.05078125	0.45068359375	0.060546875	-1.0	7.0	38
坤	0.595703125	0.421142578125	0.60498046875	0.430908203125	-1.0	7.0	38
坦	0.559814453125	0.762939453125	0.5693359375	0.772216796875	-1.0	7.0	38
坨	0.490478515625	0.63720703125	0.5	0.646728515625	-1.0	7.0	38
坩	0.74072265625	0.280517578125	0.750244140625	0.290283203125	-1.0	7.0	38
坪	0.48193359375	0.47119140625	0.49169921875	0.480712890625	-1.0	8.0	38
坫	0.4921875	0.47119140625	0.501953125	0.480712890625	-1.0	8.0	38
坭	0.50048828125	0.63720703125	0.510009765625	0.646728515625	-1.0	8.0	38
坯	0.07177734375	0.7265625	0.08154296875	0.73583984375	-1.0	7.0	38
坳	0.850830078125	0.280517578125	0.8603515625	0.290283203125	-1.0	7.0	38
坶	0.08203125	0.7265625	0.091796875	0.73583984375	-1.0	8.0	38
坷	0.1025390625	0.7265625	0.1123046875	0.73583984375	-1.0	8.0	38
坻	0.66650390625	0.050537109375	0.67626953125	0.060302734375	-1.0	7.0	38
坼	0.510498046875	0.63720703125	0.52001953125	0.646728515625	-1.0	8.0	38
垂	0.400390625	0.867431640625	0.409912109375	0.87646484375	-1.0	8.0	38
垃	0.95947265625	0.847900390625	0.96923828125	0.85693359375	-1.0	7.0	38
垄	0.52978515625	0.762939453125	0.539306640625	0.772216796875	-1.0	7.0	38
垅	0.74853515625	0.05029296875	0.75830078125	0.06005859375	-1.0	7.0	38
垆	0.90087890625	0.280517578125	0.910400390625	0.290283203125	-1.0	7.0	38
型	0.42041015625	0.867431640625	0.429931640625	0.87646484375	-1.0	8.0	38
垌	0.712890625	0.4208984375	0.72216796875	0.4306640625	-1.0	7.0	38
垒	0.509765625	0.762939453125	0.519287109375	0.772216796875	-1.0	7.0	38
垓	0.7998046875	0.05029296875	0.8095703125	0.06005859375	-1.0	7.0	38
垛	0.5126953125	0.47119140625	0.5224609375	0.480712890625	-1.0	8.0	38
垠	0.52294921875	0.47119140625	0.53271484375	0.480712890625	-1.0	8.0	38
垡	0.13330078125	0.7265625	0.14306640625	0.73583984375	-1.0	7.0	38
垢	0.98095703125	0.2802734375	0.990478515625	0.2900390625	-1.0	7.0	38
垣	0.1435546875	0.7265625	0.1533203125	0.73583984375	-1.0	7.0	38
垤	0.48046875	0.8671875	0.489990234375	0.876220703125	-1.0	8.0	38
垦	0.86474609375	0.885009765625	0.874267578125	0.893798828125	-1.0	9.0	38
垧	0.302734375	0.431396484375	0.31201171875	0.441162109375	-1.0	7.0	38
垩	0.010009765625	0.89697265625	0.01953125	0.90576171875	-1.0	9.0	38
垫	0.499755859375	0.762939453125	0.50927734375	0.772216796875	-1.0	7.0	38
垭	0.430908203125	0.885986328125	0.440673828125	0.894775390625	-1.0	8.0	38
垮	0.57421875	0.47119140625	0.583984375	0.480712890625	-1.0	7.0	38
垲	0.91845703125	0.847900390625	0.92822265625	0.85693359375	-1.0	8.0	38
垴	0.041015625	0.062255859375	0.05078125	0.072021484375	-1.0	7.0	38
垸	0.05126953125	0.062255859375	0.06103515625	0.072021484375	-1.0	7.0	38
埂	0.58447265625	0.47119140625	0.59423828125	0.480712890625	-1.0	8.0	38
埃	0.1025390625	0.062255859375	0.1123046875	0.072021484375	-1.0	7.0	38
埋	0.908203125	0.847900390625	0.91796875	0.85693359375	-1.0	8.0	38
城	0.123046875	0.062255859375	0.1328125	0.072021484375	-1.0	7.0	38
埏	0.13330078125	0.062255859375	0.14306640625	0.072021484375	-1.0	7.0	38
埒	0.5205078125	0.63720703125	0.530029296875	0.646728515625	-1.0	7.0	38
埔	0.080078125	0.29248046875	0.089599609375	0.30224609375	-1.0	7.0	38
埕	0.89794921875	0.847900390625	0.90771484375	0.85693359375	-1.0	8.0	38
埘	0.15380859375	0.7265625	0.16357421875	0.73583984375	-1.0	8.0	38
埙	0.530517578125	0.63720703125	0.5400390625	0.646728515625	-1.0	8.0	38
埚	0.009765625	0.697265625	0.01904296875	0.706787109375	-1.0	8.0	38
埝	0.5947265625	0.47119140625	0.6044921875	0.480712890625	-1.0	7.0	38
域	0.23583984375	0.06103515625	0.24560546875	0.07080078125	-1.0	7.0	38
埠	0.24609375	0.06103515625	0.255859375	0.07080078125	-1.0	7.0	38
埤	0.25634765625	0.06103515625	0.26611328125	0.07080078125	-1.0	7.0	38
埭	0.1640625	0.7265625	0.173828125	0.73583984375	-1.0	8.0	38
埯	0.615234375	0.47119140625	0.625	0.480712890625	-1.0	7.0	38
埴	0.62548828125	0.47119140625	0.63525390625	0.480712890625	-1.0	7.0	38
執	0.328125	0.06103515625	0.337890625	0.07080078125	-1.0	7.0	38
埸	0.029296875	0.697265625	0.03857421875	0.706787109375	-1.0	8.0	38
培	0.3486328125	0.06103515625	0.3583984375	0.07080078125	-1.0	7.0	38
基	0.17431640625	0.7265625	0.18408203125	0.73583984375	-1.0	7.0	38
埽	0.570556640625	0.63720703125	0.580078125	0.646728515625	-1.0	8.0	38
堀	0.048828125	0.697265625	0.05810546875	0.706787109375	-1.0	8.0	38
堂	0.48974609375	0.762939453125	0.499267578125	0.772216796875	-1.0	7.0	38
堅	0.834716796875	0.885009765625	0.84423828125	0.893798828125	-1.0	9.0	38
堆	0.44091796875	0.060791015625	0.45068359375	0.070556640625	-1.0	7.0	38
堇	0.459716796875	0.762939453125	0.46923828125	0.772216796875	-1.0	7.0	38
堉	0.58056640625	0.63720703125	0.590087890625	0.646728515625	-1.0	7.0	38
堊	0.934814453125	0.885009765625	0.9443359375	0.893798828125	-1.0	9.0	38
堋	0.84814453125	0.80029296875	0.857421875	0.8095703125	-1.0	8.0	38
堍	0.4921875	0.060791015625	0.501953125	0.070556640625	-1.0	7.0	38
堑	0.439697265625	0.762939453125	0.44921875	0.772216796875	-1.0	7.0	38
堕	0.4296875	0.762939453125	0.439208984375	0.772216796875	-1.0	7.0	38
堙	0.8876953125	0.847900390625	0.8974609375	0.85693359375	-1.0	8.0	38
堝	0.546875	0.4111328125	0.55615234375	0.4208984375	-1.0	7.0	38
堞	0.5537109375	0.060791015625	0.5634765625	0.070556640625	-1.0	7.0	38
堠	0.56396484375	0.060791015625	0.57373046875	0.070556640625	-1.0	7.0	38
堡	0.23583984375	0.7265625	0.24560546875	0.73583984375	-1.0	7.0	38
堤	0.6767578125	0.470947265625	0.6865234375	0.48046875	-1.0	8.0	38
堪	0.24609375	0.7265625	0.255859375	0.73583984375	-1.0	7.0	38
堯	0.58056640625	0.291015625	0.590087890625	0.30078125	-1.0	7.0	38
堰	0.610595703125	0.8671875	0.6201171875	0.876220703125	-1.0	8.0	38
報	0.697265625	0.470947265625	0.70703125	0.48046875	-1.0	8.0	38
場	0.66650390625	0.060546875	0.67626953125	0.0703125	-1.0	7.0	38
堵	0.6767578125	0.060546875	0.6865234375	0.0703125	-1.0	7.0	38
塄	0.70751953125	0.470947265625	0.71728515625	0.48046875	-1.0	8.0	38
塊	0.72802734375	0.060302734375	0.73779296875	0.070068359375	-1.0	7.0	38
塋	0.349853515625	0.829833984375	0.35888671875	0.839111328125	0.0	7.0	38
塌	0.359375	0.829833984375	0.368408203125	0.839111328125	-1.0	8.0	38
塍	0.78955078125	0.060302734375	0.79931640625	0.070068359375	-1.0	7.0	38
塑	0.40966796875	0.76318359375	0.419189453125	0.7724609375	-1.0	7.0	38
塒	0.7177734375	0.470703125	0.7275390625	0.480224609375	-1.0	7.0	38
塔	0.72802734375	0.470703125	0.73779296875	0.480224609375	-1.0	8.0	38
塗	0.3896484375	0.76318359375	0.399169921875	0.7724609375	-1.0	7.0	38
塘	0.6005859375	0.63720703125	0.610107421875	0.646728515625	-1.0	7.0	38
塚	0.2666015625	0.7255859375	0.2763671875	0.73486328125	-1.0	8.0	38
塞	0.27685546875	0.725341796875	0.28662109375	0.734619140625	-1.0	7.0	38
塢	0.21484375	0.697265625	0.22412109375	0.706787109375	-1.0	7.0	38
塥	0.640625	0.63720703125	0.650146484375	0.646728515625	-1.0	8.0	38
填	0.90234375	0.060302734375	0.912109375	0.070068359375	-1.0	7.0	38
塬	0.74853515625	0.470458984375	0.75830078125	0.47998046875	-1.0	8.0	38
塭	0.87744140625	0.847900390625	0.88720703125	0.85693359375	-1.0	8.0	38
塵	0.93310546875	0.06005859375	0.94287109375	0.06982421875	-1.0	7.0	38
塹	0.710693359375	0.80078125	0.72021484375	0.81005859375	-1.0	7.0	38
塽	0.95361328125	0.06005859375	0.96337890625	0.06982421875	-1.0	7.0	38
塾	0.3076171875	0.725341796875	0.3173828125	0.734619140625	-1.0	7.0	38
墀	0.7587890625	0.470458984375	0.7685546875	0.47998046875	-1.0	8.0	38
墁	0.76904296875	0.470458984375	0.77880859375	0.47998046875	-1.0	8.0	38
境	0.0205078125	0.072265625	0.0302734375	0.08203125	-1.0	7.0	38
墅	0.94482421875	0.885009765625	0.954345703125	0.893798828125	-1.0	9.0	38
墉	0.82080078125	0.29052734375	0.830322265625	0.30029296875	-1.0	7.0	38
墊	0.730712890625	0.8671875	0.740234375	0.876220703125	-1.0	8.0	38
墒	0.8408203125	0.29052734375	0.850341796875	0.30029296875	-1.0	7.0	38
墓	0.369140625	0.72509765625	0.37890625	0.734375	-1.0	7.0	38
墙	0.1435546875	0.072265625	0.1533203125	0.08203125	-1.0	7.0	38
墚	0.779296875	0.470458984375	0.7890625	0.47998046875	-1.0	8.0	38
墜	0.6806640625	0.801025390625	0.690185546875	0.810302734375	-1.0	7.0	38
增	0.15625	0.422607421875	0.16552734375	0.432373046875	-1.0	7.0	38
墟	0.90087890625	0.29052734375	0.910400390625	0.30029296875	-1.0	7.0	38
墦	0.78955078125	0.470458984375	0.79931640625	0.47998046875	-1.0	8.0	38
墨	0.954833984375	0.885009765625	0.96435546875	0.893798828125	-1.0	9.0	38
墩	0.287109375	0.071044921875	0.296875	0.080810546875	-1.0	7.0	38
墮	0.7607421875	0.866943359375	0.770263671875	0.8759765625	-1.0	8.0	38
墳	0.35888671875	0.07080078125	0.36865234375	0.08056640625	-1.0	7.0	38
墼	0.770751953125	0.866943359375	0.7802734375	0.8759765625	-1.0	8.0	38
墾	0.78076171875	0.866943359375	0.790283203125	0.8759765625	-1.0	8.0	38
壁	0.560546875	0.801025390625	0.570068359375	0.810302734375	-1.0	7.0	38
壅	0.550537109375	0.801025390625	0.56005859375	0.810302734375	-1.0	7.0	38
壇	0.46142578125	0.724853515625	0.47119140625	0.734130859375	-1.0	7.0	38
壎	0.66064453125	0.63720703125	0.670166015625	0.646728515625	-1.0	8.0	38
壑	0.80078125	0.86669921875	0.810302734375	0.875732421875	-1.0	8.0	38
壓	0.830810546875	0.866455078125	0.84033203125	0.87548828125	-1.0	9.0	38
壕	0.8203125	0.470458984375	0.830078125	0.47998046875	-1.0	7.0	38
壘	0.43310546875	0.904052734375	0.442626953125	0.91259765625	-1.0	10.0	38
壙	0.5537109375	0.07080078125	0.5634765625	0.08056640625	-1.0	7.0	38
壞	0.56396484375	0.07080078125	0.57373046875	0.08056640625	-1.0	7.0	38
壟	0.530517578125	0.801025390625	0.5400390625	0.810302734375	-1.0	7.0	38
壢	0.64599609375	0.57861328125	0.65576171875	0.588134765625	-1.0	7.0	38
壤	0.5947265625	0.07080078125	0.6044921875	0.08056640625	-1.0	7.0	38
壩	0.670654296875	0.63720703125	0.68017578125	0.646728515625	-1.0	8.0	38
士	0.890869140625	0.866455078125	0.900390625	0.87548828125	-1.0	7.0	38
壬	0.3447265625	0.895263671875	0.35400390625	0.904052734375	0.0	9.0	38
壮	0.451171875	0.57861328125	0.4609375	0.588134765625	-1.0	8.0	38
壯	0.57421875	0.724853515625	0.583984375	0.734130859375	-1.0	8.0	38
声	0.690673828125	0.30078125	0.7001953125	0.310546875	-1.0	7.0	38
壳	0.670654296875	0.30078125	0.68017578125	0.310546875	-1.0	7.0	38
壶	0.450439453125	0.801025390625	0.4599609375	0.810302734375	-1.0	7.0	38
壹	0.6806640625	0.63720703125	0.690185546875	0.646728515625	-1.0	7.0	38
壺	0.4404296875	0.801025390625	0.449951171875	0.810302734375	-1.0	7.0	38
壽	0.7421875	0.6953125	0.75146484375	0.704833984375	0.0	7.0	38
夂	0.161865234375	0.45263671875	0.1708984375	0.46240234375	1.0	7.0	38
处	0.697265625	0.070556640625	0.70703125	0.080322265625	-1.0	7.0	38
备	0.72802734375	0.0703125	0.73779296875	0.080078125	-1.0	7.0	38
复	0.73828125	0.0703125	0.748046875	0.080078125	-1.0	7.0	38
夏	0.400390625	0.80126953125	0.409912109375	0.810546875	-1.0	9.0	38
夔	0.910888671875	0.360595703125	0.92041015625	0.370361328125	-1.0	7.0	38
夕	0.580810546875	0.451171875	0.58984375	0.4609375	-1.0	7.0	38
外	0.74853515625	0.0703125	0.75830078125	0.080078125	-1.0	7.0	38
夙	0.37939453125	0.858154296875	0.38916015625	0.8671875	-1.0	10.0	38
多	0.695068359375	0.450927734375	0.7041015625	0.460693359375	0.0	7.0	38
夜	0.49609375	0.2509765625	0.505615234375	0.2607421875	-1.0	7.0	38
够	0.470458984375	0.260986328125	0.47998046875	0.270751953125	-1.0	7.0	38
夠	0.25390625	0.42138671875	0.26318359375	0.43115234375	-1.0	7.0	38
夢	0.9306640625	0.646240234375	0.93994140625	0.65576171875	0.0	8.0	38
夤	0.37109375	0.4013671875	0.38037109375	0.4111328125	-1.0	7.0	38
夥	0.3203125	0.361328125	0.329833984375	0.37109375	-1.0	7.0	38
大	0.76904296875	0.0703125	0.77880859375	0.080078125	-1.0	7.0	38
天	0.6826171875	0.8486328125	0.6923828125	0.857666015625	-1.0	10.0	38
太	0.78955078125	0.0703125	0.79931640625	0.080078125	-1.0	7.0	38
夫	0.7998046875	0.0703125	0.8095703125	0.080078125	-1.0	7.0	38
夭	0.65625	0.724853515625	0.666015625	0.734130859375	-1.0	9.0	38
央	0.570556640625	0.381103515625	0.580078125	0.390869140625	-1.0	7.0	38
夯	0.83056640625	0.0703125	0.84033203125	0.080078125	-1.0	7.0	38
失	0.8408203125	0.0703125	0.8505859375	0.080078125	-1.0	7.0	38
头	0.5205078125	0.291015625	0.530029296875	0.30078125	-1.0	7.0	38
夷	0.3603515625	0.30126953125	0.369873046875	0.31103515625	-1.0	7.0	38
夸	0.57421875	0.52978515625	0.583984375	0.539306640625	-1.0	7.0	38
夹	0.090087890625	0.33251953125	0.099609375	0.34228515625	-1.0	7.0	38
夺	0.1640625	0.5703125	0.173828125	0.579833984375	-1.0	7.0	38
夼	0.8818359375	0.0703125	0.8916015625	0.080078125	-1.0	7.0	38
夾	0.70751953125	0.568603515625	0.71728515625	0.578125	-1.0	8.0	38
奁	0.66650390625	0.724853515625	0.67626953125	0.734130859375	-1.0	7.0	38
奂	0.93310546875	0.070068359375	0.94287109375	0.079833984375	-1.0	7.0	38
奄	0.1845703125	0.5703125	0.1943359375	0.579833984375	-1.0	7.0	38
奇	0.690673828125	0.636962890625	0.7001953125	0.646484375	0.0	7.0	38
奈	0.123046875	0.482421875	0.1328125	0.491943359375	-1.0	7.0	38
奉	0.9638671875	0.070068359375	0.9736328125	0.079833984375	-1.0	7.0	38
奋	0.97412109375	0.070068359375	0.98388671875	0.079833984375	-1.0	7.0	38
奎	0.68701171875	0.724853515625	0.69677734375	0.734130859375	-1.0	7.0	38
奏	0.01025390625	0.082275390625	0.02001953125	0.092041015625	-1.0	7.0	38
奐	0.730712890625	0.37060546875	0.740234375	0.38037109375	-1.0	7.0	38
契	0.70068359375	0.636962890625	0.710205078125	0.646484375	-1.0	8.0	38
奔	0.0205078125	0.082275390625	0.0302734375	0.092041015625	-1.0	7.0	38
奕	0.9609375	0.370361328125	0.970458984375	0.380126953125	-1.0	7.0	38
奖	0.14013671875	0.382568359375	0.149658203125	0.392333984375	-1.0	7.0	38
套	0.03076171875	0.082275390625	0.04052734375	0.092041015625	-1.0	7.0	38
奘	0.210205078125	0.392578125	0.2197265625	0.40234375	-1.0	7.0	38
奚	0.710693359375	0.636962890625	0.72021484375	0.646484375	-1.0	8.0	38
奠	0.30029296875	0.26123046875	0.309814453125	0.27099609375	-1.0	7.0	38
奢	0.05126953125	0.082275390625	0.06103515625	0.092041015625	-1.0	7.0	38
奥	0.110107421875	0.282470703125	0.11962890625	0.292236328125	-1.0	7.0	38
奧	0.130126953125	0.282470703125	0.1396484375	0.292236328125	-1.0	7.0	38
奩	0.72802734375	0.55859375	0.73779296875	0.568115234375	-1.0	7.0	38
奪	0.7998046875	0.558349609375	0.8095703125	0.56787109375	-1.0	7.0	38
奭	0.08203125	0.082275390625	0.091796875	0.092041015625	-1.0	7.0	38
奮	0.09228515625	0.082275390625	0.10205078125	0.092041015625	-1.0	7.0	38
女	0.450439453125	0.301025390625	0.4599609375	0.310791015625	-1.0	7.0	38
奴	0.943359375	0.470458984375	0.953125	0.47998046875	-1.0	8.0	38
奶	0.8203125	0.4306640625	0.82958984375	0.4404296875	-1.0	7.0	38
奸	0.697265625	0.724853515625	0.70703125	0.734130859375	-1.0	8.0	38
她	0.11279296875	0.082275390625	0.12255859375	0.092041015625	-1.0	7.0	38
好	0.23583984375	0.491455078125	0.24560546875	0.5009765625	-1.0	7.0	38
妁	0.048828125	0.658203125	0.05810546875	0.667724609375	-1.0	7.0	38
如	0.74267578125	0.45068359375	0.751708984375	0.46044921875	-1.0	7.0	38
妃	0.35888671875	0.500732421875	0.36865234375	0.51025390625	-1.0	7.0	38
妄	0.510498046875	0.321044921875	0.52001953125	0.330810546875	-1.0	7.0	38
妆	0.1845703125	0.082275390625	0.1943359375	0.092041015625	-1.0	7.0	38
妇	0.972412109375	0.695068359375	0.9814453125	0.70458984375	-1.0	7.0	38
妈	0.78125	0.440673828125	0.79052734375	0.450439453125	-1.0	7.0	38
妊	0.07177734375	0.541015625	0.08154296875	0.550537109375	-1.0	7.0	38
妍	0.610595703125	0.3310546875	0.6201171875	0.3408203125	-1.0	7.0	38
妒	0.80078125	0.400634765625	0.81005859375	0.410400390625	-1.0	7.0	38
妓	0.19482421875	0.082275390625	0.20458984375	0.092041015625	-1.0	7.0	38
妖	0.790771484375	0.33056640625	0.80029296875	0.34033203125	-1.0	7.0	38
妗	0.44091796875	0.56884765625	0.45068359375	0.578369140625	-1.0	8.0	38
妙	0.2255859375	0.081298828125	0.2353515625	0.091064453125	-1.0	7.0	38
妝	0.23583984375	0.0810546875	0.24560546875	0.0908203125	-1.0	7.0	38
妞	0.720703125	0.636962890625	0.730224609375	0.646484375	-1.0	7.0	38
妣	0.66650390625	0.52001953125	0.67626953125	0.529541015625	-1.0	8.0	38
妤	0.330322265625	0.351318359375	0.33984375	0.361083984375	-1.0	7.0	38
妥	0.370361328125	0.80126953125	0.3798828125	0.810546875	0.0	9.0	38
妨	0.2666015625	0.0810546875	0.2763671875	0.0908203125	-1.0	7.0	38
妩	0.640625	0.35107421875	0.650146484375	0.36083984375	-1.0	7.0	38
妪	0.770751953125	0.3505859375	0.7802734375	0.3603515625	-1.0	7.0	38
妫	0.15625	0.41259765625	0.16552734375	0.42236328125	-1.0	7.0	38
妮	0.29736328125	0.0810546875	0.30712890625	0.0908203125	-1.0	7.0	38
妯	0.185546875	0.658203125	0.19482421875	0.667724609375	-1.0	7.0	38
妲	0.80078125	0.360595703125	0.810302734375	0.370361328125	-1.0	7.0	38
妳	0.33837890625	0.0810546875	0.34814453125	0.0908203125	-1.0	7.0	38
妹	0.35888671875	0.080810546875	0.36865234375	0.090576171875	-1.0	7.0	38
妻	0.9208984375	0.360595703125	0.930419921875	0.370361328125	0.0	7.0	38
妾	0.888671875	0.41064453125	0.89794921875	0.42041015625	0.0	7.0	38
姅	0.369140625	0.080810546875	0.37890625	0.090576171875	-1.0	7.0	38
姆	0.730712890625	0.63671875	0.740234375	0.646240234375	-1.0	7.0	38
姊	0.270263671875	0.371337890625	0.27978515625	0.381103515625	-1.0	7.0	38
始	0.37939453125	0.080810546875	0.38916015625	0.090576171875	-1.0	7.0	38
姍	0.33837890625	0.490966796875	0.34814453125	0.50048828125	-1.0	8.0	38
姐	0.50244140625	0.49072265625	0.51220703125	0.500244140625	-1.0	7.0	38
姑	0.41015625	0.080810546875	0.419921875	0.090576171875	-1.0	7.0	38
姒	0.4306640625	0.080810546875	0.4404296875	0.090576171875	-1.0	7.0	38
姓	0.74072265625	0.63671875	0.750244140625	0.646240234375	-1.0	7.0	38
委	0.9228515625	0.489990234375	0.9326171875	0.49951171875	-1.0	8.0	38
姗	0.750732421875	0.636474609375	0.76025390625	0.64599609375	-1.0	8.0	38
姘	0.5126953125	0.080810546875	0.5224609375	0.090576171875	-1.0	7.0	38
姚	0.54345703125	0.080810546875	0.55322265625	0.090576171875	-1.0	7.0	38
姜	0.930908203125	0.37060546875	0.9404296875	0.38037109375	-1.0	7.0	38
姝	0.5537109375	0.080810546875	0.5634765625	0.090576171875	-1.0	7.0	38
姣	0.970947265625	0.370361328125	0.98046875	0.380126953125	-1.0	7.0	38
姥	0.3896484375	0.50048828125	0.3994140625	0.510009765625	-1.0	7.0	38
姦	0.87890625	0.4306640625	0.88818359375	0.4404296875	0.0	7.0	38
姨	0.60498046875	0.080810546875	0.61474609375	0.090576171875	-1.0	7.0	38
姪	0.78955078125	0.499755859375	0.79931640625	0.50927734375	-1.0	7.0	38
姬	0.230224609375	0.381591796875	0.23974609375	0.391357421875	-1.0	7.0	38
姹	0.7607421875	0.636474609375	0.770263671875	0.64599609375	-1.0	7.0	38
姻	0.05859375	0.442626953125	0.06787109375	0.452392578125	-1.0	7.0	38
姿	0.78076171875	0.636474609375	0.790283203125	0.64599609375	0.0	8.0	38
威	0.2666015625	0.510498046875	0.2763671875	0.52001953125	-1.0	7.0	38
娃	0.4306640625	0.51025390625	0.4404296875	0.519775390625	-1.0	7.0	38
娄	0.450439453125	0.381103515625	0.4599609375	0.390869140625	-1.0	7.0	38
娅	0.65625	0.51025390625	0.666015625	0.519775390625	-1.0	7.0	38
娆	0.62548828125	0.080810546875	0.63525390625	0.090576171875	-1.0	7.0	38
娇	0.74853515625	0.509521484375	0.75830078125	0.51904296875	-1.0	8.0	38
娈	0.74072265625	0.380615234375	0.750244140625	0.390380859375	-1.0	7.0	38
娉	0.27685546875	0.520263671875	0.28662109375	0.52978515625	-1.0	7.0	38
娌	0.779296875	0.72412109375	0.7890625	0.7333984375	-1.0	8.0	38
娑	0.82080078125	0.380615234375	0.830322265625	0.390380859375	-1.0	7.0	38
娓	0.41015625	0.52001953125	0.419921875	0.529541015625	-1.0	8.0	38
娘	0.6357421875	0.080810546875	0.6455078125	0.090576171875	-1.0	7.0	38
娛	0.65625	0.08056640625	0.666015625	0.09033203125	-1.0	7.0	38
娜	0.90234375	0.529052734375	0.912109375	0.53857421875	-1.0	8.0	38
娟	0.3671875	0.391357421875	0.37646484375	0.401123046875	-1.0	7.0	38
娠	0.68701171875	0.08056640625	0.69677734375	0.09033203125	-1.0	7.0	38
娣	0.350341796875	0.26123046875	0.35986328125	0.27099609375	-1.0	7.0	38
娥	0.68701171875	0.539306640625	0.69677734375	0.548828125	-1.0	7.0	38
娩	0.697265625	0.08056640625	0.70703125	0.09033203125	-1.0	7.0	38
娱	0.490478515625	0.260986328125	0.5	0.270751953125	-1.0	7.0	38
娲	0.419921875	0.401123046875	0.42919921875	0.410888671875	-1.0	7.0	38
娴	0.3515625	0.656982421875	0.36083984375	0.66650390625	-1.0	7.0	38
娶	0.34033203125	0.80126953125	0.349853515625	0.810546875	-1.0	9.0	38
娼	0.908203125	0.400634765625	0.91748046875	0.410400390625	-1.0	7.0	38
婀	0.790771484375	0.636474609375	0.80029296875	0.64599609375	-1.0	8.0	38
婁	0.590576171875	0.27099609375	0.60009765625	0.28076171875	-1.0	7.0	38
婆	0.70068359375	0.270751953125	0.710205078125	0.280517578125	-1.0	7.0	38
婉	0.7177734375	0.080322265625	0.7275390625	0.090087890625	-1.0	7.0	38
婊	0.74853515625	0.080322265625	0.75830078125	0.090087890625	-1.0	7.0	38
婕	0.7587890625	0.080322265625	0.7685546875	0.090087890625	-1.0	7.0	38
婚	0.7998046875	0.080322265625	0.8095703125	0.090087890625	-1.0	7.0	38
婢	0.190185546875	0.282470703125	0.19970703125	0.292236328125	-1.0	7.0	38
婦	0.490478515625	0.281005859375	0.5	0.290771484375	-1.0	7.0	38
婧	0.81005859375	0.080322265625	0.81982421875	0.090087890625	-1.0	7.0	38
婪	0.770751953125	0.29052734375	0.7802734375	0.30029296875	-1.0	7.0	38
婴	0.310302734375	0.801513671875	0.31982421875	0.810791015625	-1.0	9.0	38
婵	0.1640625	0.580078125	0.173828125	0.589599609375	-1.0	7.0	38
婶	0.590576171875	0.301025390625	0.60009765625	0.310791015625	-1.0	7.0	38
婷	0.861328125	0.470458984375	0.87109375	0.47998046875	-1.0	7.0	38
婺	0.290283203125	0.30126953125	0.2998046875	0.31103515625	-1.0	7.0	38
婿	0.8818359375	0.080322265625	0.8916015625	0.090087890625	-1.0	7.0	38
媒	0.90234375	0.080322265625	0.912109375	0.090087890625	-1.0	7.0	38
媚	0.439453125	0.65673828125	0.44873046875	0.666259765625	-1.0	8.0	38
媛	0.91259765625	0.080322265625	0.92236328125	0.090087890625	-1.0	7.0	38
媧	0.80078125	0.636474609375	0.810302734375	0.64599609375	-1.0	8.0	38
媪	0.54345703125	0.53955078125	0.55322265625	0.549072265625	-1.0	7.0	38
媲	0.0205078125	0.09228515625	0.0302734375	0.10205078125	-1.0	7.0	38
媳	0.31787109375	0.500732421875	0.32763671875	0.51025390625	-1.0	7.0	38
媵	0.07177734375	0.09228515625	0.08154296875	0.10205078125	-1.0	7.0	38
媸	0.09228515625	0.09228515625	0.10205078125	0.10205078125	-1.0	7.0	38
媼	0.50244140625	0.53955078125	0.51220703125	0.549072265625	-1.0	7.0	38
媽	0.810791015625	0.636474609375	0.8203125	0.64599609375	-1.0	7.0	38
媾	0.62548828125	0.48095703125	0.63525390625	0.490478515625	-1.0	8.0	38
嫁	0.74853515625	0.480224609375	0.75830078125	0.48974609375	-1.0	7.0	38
嫂	0.13330078125	0.09228515625	0.14306640625	0.10205078125	-1.0	7.0	38
嫉	0.790771484375	0.310546875	0.80029296875	0.3203125	-1.0	7.0	38
嫌	0.19482421875	0.09228515625	0.20458984375	0.10205078125	-1.0	7.0	38
嫒	0.830810546875	0.310546875	0.84033203125	0.3203125	-1.0	7.0	38
嫔	0.328125	0.091064453125	0.337890625	0.100830078125	-1.0	7.0	38
嫖	0.33837890625	0.500732421875	0.34814453125	0.51025390625	-1.0	7.0	38
嫗	0.82080078125	0.636474609375	0.830322265625	0.64599609375	-1.0	7.0	38
嫘	0.01025390625	0.51171875	0.02001953125	0.521240234375	-1.0	7.0	38
嫜	0.490478515625	0.321044921875	0.5	0.330810546875	-1.0	7.0	38
嫠	0.35888671875	0.0908203125	0.36865234375	0.1005859375	-1.0	7.0	38
嫡	0.54052734375	0.321044921875	0.550048828125	0.330810546875	-1.0	7.0	38
嫣	0.30029296875	0.801513671875	0.309814453125	0.810791015625	-1.0	8.0	38
嫦	0.030029296875	0.33251953125	0.03955078125	0.34228515625	-1.0	7.0	38
嫩	0.37939453125	0.0908203125	0.38916015625	0.1005859375	-1.0	7.0	38
嫫	0.39990234375	0.0908203125	0.40966796875	0.1005859375	-1.0	7.0	38
嫱	0.533203125	0.52978515625	0.54296875	0.539306640625	-1.0	7.0	38
嫵	0.290283203125	0.331298828125	0.2998046875	0.341064453125	-1.0	7.0	38
嫻	0.7421875	0.440673828125	0.75146484375	0.450439453125	-1.0	7.0	38
嬈	0.42041015625	0.0908203125	0.43017578125	0.1005859375	-1.0	7.0	38
嬉	0.44091796875	0.0908203125	0.45068359375	0.1005859375	-1.0	7.0	38
嬋	0.430419921875	0.3310546875	0.43994140625	0.3408203125	-1.0	7.0	38
嬌	0.4921875	0.0908203125	0.501953125	0.1005859375	-1.0	7.0	38
嬖	0.650634765625	0.330810546875	0.66015625	0.340576171875	-1.0	7.0	38
嬗	0.93310546875	0.548583984375	0.94287109375	0.55810546875	-1.0	7.0	38
嬝	0.54345703125	0.0908203125	0.55322265625	0.1005859375	-1.0	7.0	38
嬤	0.5537109375	0.0908203125	0.5634765625	0.1005859375	-1.0	7.0	38
嬪	0.56396484375	0.0908203125	0.57373046875	0.1005859375	-1.0	7.0	38
嬰	0.290283203125	0.801513671875	0.2998046875	0.810791015625	-1.0	9.0	38
嬲	0.517578125	0.810546875	0.52685546875	0.81982421875	-1.0	8.0	38
嬴	0.57421875	0.0908203125	0.583984375	0.1005859375	-1.0	7.0	38
嬷	0.5947265625	0.0908203125	0.6044921875	0.1005859375	-1.0	7.0	38
嬸	0.615234375	0.0908203125	0.625	0.1005859375	-1.0	7.0	38
孀	0.830810546875	0.636474609375	0.84033203125	0.64599609375	-1.0	8.0	38
孃	0.890869140625	0.33056640625	0.900390625	0.34033203125	-1.0	7.0	38
子	0.703125	0.85791015625	0.712646484375	0.866943359375	-1.0	9.0	38
孑	0.166015625	0.878173828125	0.17529296875	0.88720703125	0.0	9.0	38
孓	0.15625	0.878173828125	0.16552734375	0.88720703125	1.0	9.0	38
孔	0.8818359375	0.72412109375	0.8916015625	0.7333984375	-1.0	8.0	38
孕	0.662109375	0.8486328125	0.671875	0.857666015625	-1.0	9.0	38
字	0.850830078125	0.636474609375	0.8603515625	0.64599609375	-1.0	7.0	38
存	0.451171875	0.48095703125	0.4609375	0.490478515625	-1.0	7.0	38
孙	0.041015625	0.501953125	0.05078125	0.511474609375	-1.0	7.0	38
孚	0.713134765625	0.85791015625	0.72265625	0.866943359375	-1.0	9.0	38
孛	0.2802734375	0.801513671875	0.289794921875	0.810791015625	-1.0	8.0	38
孜	0.690673828125	0.3408203125	0.7001953125	0.3505859375	-1.0	7.0	38
孝	0.86083984375	0.636474609375	0.870361328125	0.64599609375	-1.0	7.0	38
孟	0.443115234375	0.904052734375	0.45263671875	0.91259765625	-1.0	9.0	38
孢	0.93310546875	0.509521484375	0.94287109375	0.51904296875	-1.0	7.0	38
季	0.90234375	0.72412109375	0.912109375	0.7333984375	-1.0	8.0	38
孤	0.9228515625	0.72412109375	0.9326171875	0.7333984375	-1.0	8.0	38
孥	0.870849609375	0.636474609375	0.88037109375	0.64599609375	-1.0	7.0	38
学	0.890869140625	0.636474609375	0.900390625	0.64599609375	-1.0	7.0	38
孩	0.26025390625	0.351318359375	0.269775390625	0.361083984375	-1.0	7.0	38
孪	0.90087890625	0.636474609375	0.910400390625	0.64599609375	0.0	7.0	38
孫	0.7431640625	0.857666015625	0.752685546875	0.86669921875	-1.0	9.0	38
孬	0.853271484375	0.857177734375	0.86279296875	0.8662109375	-1.0	9.0	38
孰	0.6767578125	0.090576171875	0.6865234375	0.100341796875	-1.0	7.0	38
孱	0.576171875	0.810546875	0.58544921875	0.81982421875	-1.0	9.0	38
孳	0.910888671875	0.636474609375	0.92041015625	0.64599609375	-1.0	7.0	38
孵	0.9208984375	0.636474609375	0.930419921875	0.64599609375	0.0	8.0	38
學	0.240234375	0.802734375	0.249755859375	0.81201171875	-1.0	8.0	38
孺	0.2001953125	0.802734375	0.209716796875	0.81201171875	-1.0	9.0	38
孽	0.930908203125	0.636474609375	0.9404296875	0.64599609375	-1.0	7.0	38
孿	0.94091796875	0.636474609375	0.950439453125	0.64599609375	-1.0	7.0	38
宀	0.84375	0.95849609375	0.8525390625	0.96337890625	1.0	7.0	38
宁	0.950927734375	0.636474609375	0.96044921875	0.64599609375	-1.0	7.0	38
它	0.83544921875	0.828857421875	0.844482421875	0.838134765625	1.0	7.0	38
宄	0.550537109375	0.35107421875	0.56005859375	0.36083984375	-1.0	7.0	38
宅	0.5859375	0.810546875	0.59521484375	0.81982421875	0.0	7.0	38
宇	0.970947265625	0.63623046875	0.98046875	0.645751953125	-1.0	7.0	38
守	0.703125	0.656494140625	0.71240234375	0.666015625	0.0	7.0	38
安	0.74853515625	0.09033203125	0.75830078125	0.10009765625	-1.0	7.0	38
宋	0.650634765625	0.350830078125	0.66015625	0.360595703125	-1.0	7.0	38
完	0.690673828125	0.350830078125	0.7001953125	0.360595703125	-1.0	7.0	38
宏	0.98095703125	0.63623046875	0.990478515625	0.645751953125	-1.0	7.0	38
宓	0.190185546875	0.802734375	0.19970703125	0.81201171875	-1.0	7.0	38
宕	0.010009765625	0.6484375	0.01953125	0.657958984375	-1.0	7.0	38
宗	0.02001953125	0.6484375	0.029541015625	0.657958984375	-1.0	7.0	38
官	0.9296875	0.45068359375	0.9384765625	0.46044921875	1.0	7.0	38
宙	0.12060546875	0.462646484375	0.12939453125	0.472412109375	1.0	7.0	38
定	0.7998046875	0.09033203125	0.8095703125	0.10009765625	-1.0	7.0	38
宛	0.94091796875	0.350341796875	0.950439453125	0.360107421875	0.0	7.0	38
宜	0.18017578125	0.802734375	0.189697265625	0.81201171875	-1.0	7.0	38
宝	0.170166015625	0.802734375	0.1796875	0.81201171875	-1.0	7.0	38
实	0.070068359375	0.362548828125	0.07958984375	0.372314453125	-1.0	7.0	38
宠	0.080078125	0.362548828125	0.089599609375	0.372314453125	-1.0	7.0	38
审	0.752197265625	0.45068359375	0.76123046875	0.46044921875	0.0	7.0	38
客	0.83056640625	0.09033203125	0.84033203125	0.10009765625	-1.0	7.0	38
宣	0.16015625	0.802734375	0.169677734375	0.81201171875	-1.0	7.0	38
室	0.150146484375	0.802734375	0.15966796875	0.81201171875	-1.0	7.0	38
宥	0.3603515625	0.361328125	0.369873046875	0.37109375	-1.0	7.0	38
宦	0.311767578125	0.830078125	0.32080078125	0.83935546875	1.0	7.0	38
宪	0.6005859375	0.361083984375	0.610107421875	0.370849609375	-1.0	7.0	38
宫	0.790283203125	0.45068359375	0.79931640625	0.46044921875	0.0	7.0	38
宮	0.228515625	0.451904296875	0.237548828125	0.461669921875	0.0	7.0	38
宰	0.66064453125	0.36083984375	0.670166015625	0.37060546875	-1.0	7.0	38
害	0.28564453125	0.451416015625	0.294677734375	0.461181640625	0.0	7.0	38
宴	0.750732421875	0.360595703125	0.76025390625	0.370361328125	0.0	7.0	38
宵	0.485595703125	0.451171875	0.49462890625	0.4609375	0.0	7.0	38
家	0.030029296875	0.6484375	0.03955078125	0.657958984375	0.0	7.0	38
宸	0.770751953125	0.360595703125	0.7802734375	0.370361328125	-1.0	7.0	38
容	0.87158203125	0.09033203125	0.88134765625	0.10009765625	-1.0	7.0	38
宽	0.8408203125	0.360595703125	0.850341796875	0.370361328125	-1.0	7.0	38
宾	0.89208984375	0.09033203125	0.90185546875	0.10009765625	-1.0	7.0	38
宿	0.946044921875	0.440673828125	0.955078125	0.450439453125	-1.0	7.0	38
寂	0.870849609375	0.360595703125	0.88037109375	0.370361328125	-1.0	7.0	38
寄	0.050048828125	0.6484375	0.0595703125	0.657958984375	-1.0	7.0	38
寅	0.41015625	0.43115234375	0.41943359375	0.44091796875	0.0	7.0	38
密	0.91259765625	0.09033203125	0.92236328125	0.10009765625	-1.0	7.0	38
寇	0.9228515625	0.09033203125	0.9326171875	0.10009765625	-1.0	7.0	38
富	0.722900390625	0.705322265625	0.731689453125	0.71484375	1.0	7.0	38
寐	0.0400390625	0.37255859375	0.049560546875	0.38232421875	-1.0	7.0	38
寒	0.050048828125	0.37255859375	0.0595703125	0.38232421875	-1.0	7.0	38
寓	0.085693359375	0.45263671875	0.0947265625	0.46240234375	0.0	7.0	38
寝	0.5078125	0.4111328125	0.51708984375	0.4208984375	0.0	7.0	38
寞	0.1201171875	0.37255859375	0.129638671875	0.38232421875	0.0	7.0	38
察	0.06005859375	0.6484375	0.069580078125	0.657958984375	-1.0	7.0	38
寡	0.95361328125	0.090087890625	0.96337890625	0.099853515625	-1.0	7.0	38
寢	0.14013671875	0.37255859375	0.149658203125	0.38232421875	-1.0	7.0	38
寤	0.16015625	0.37255859375	0.169677734375	0.38232421875	-1.0	7.0	38
寥	0.170166015625	0.37255859375	0.1796875	0.38232421875	-1.0	7.0	38
實	0.190185546875	0.37255859375	0.19970703125	0.38232421875	-1.0	7.0	38
寧	0.888671875	0.656005859375	0.89794921875	0.66552734375	0.0	7.0	38
寨	0.070068359375	0.6484375	0.07958984375	0.657958984375	-1.0	7.0	38
審	0.9638671875	0.090087890625	0.9736328125	0.099853515625	-1.0	7.0	38
寫	0.947265625	0.656005859375	0.95654296875	0.66552734375	-1.0	7.0	38
寬	0.3203125	0.371337890625	0.329833984375	0.381103515625	-1.0	7.0	38
寮	0.64599609375	0.48095703125	0.65576171875	0.490478515625	-1.0	7.0	38
寰	0.5859375	0.43115234375	0.59521484375	0.44091796875	0.0	7.0	38
寵	0.38037109375	0.37109375	0.389892578125	0.380859375	-1.0	7.0	38
寶	0.615234375	0.43115234375	0.62451171875	0.44091796875	0.0	7.0	38
寸	0.01953125	0.66796875	0.02880859375	0.677490234375	0.0	7.0	38
对	0.8408203125	0.480224609375	0.8505859375	0.48974609375	-1.0	7.0	38
寺	0.8818359375	0.480224609375	0.8916015625	0.48974609375	-1.0	7.0	38
寻	0.6005859375	0.8486328125	0.6103515625	0.857666015625	-1.0	9.0	38
导	0.580078125	0.8486328125	0.58984375	0.857666015625	-1.0	9.0	38
寿	0.080078125	0.6484375	0.089599609375	0.657958984375	-1.0	7.0	38
封	0.05126953125	0.4921875	0.06103515625	0.501708984375	-1.0	7.0	38
射	0.205078125	0.4921875	0.21484375	0.501708984375	-1.0	7.0	38
将	0.01025390625	0.102294921875	0.02001953125	0.112060546875	-1.0	7.0	38
將	0.0615234375	0.102294921875	0.0712890625	0.112060546875	-1.0	7.0	38
專	0.712890625	0.430908203125	0.72216796875	0.440673828125	0.0	7.0	38
尉	0.110107421875	0.802734375	0.11962890625	0.81201171875	-1.0	8.0	38
尊	0.090087890625	0.6484375	0.099609375	0.657958984375	-1.0	7.0	38
尋	0.13671875	0.82177734375	0.14599609375	0.8310546875	0.0	9.0	38
對	0.10009765625	0.6484375	0.109619140625	0.657958984375	-1.0	7.0	38
導	0.110107421875	0.6484375	0.11962890625	0.657958984375	-1.0	7.0	38
小	0.60498046875	0.75341796875	0.61474609375	0.7626953125	-1.0	8.0	38
少	0.1025390625	0.102294921875	0.1123046875	0.112060546875	-1.0	7.0	38
尔	0.1201171875	0.6484375	0.129638671875	0.657958984375	-1.0	7.0	38
尕	0.5205078125	0.8671875	0.530029296875	0.876220703125	-1.0	9.0	38
尖	0.93310546875	0.489990234375	0.94287109375	0.49951171875	-1.0	7.0	38
尘	0.530517578125	0.8671875	0.5400390625	0.876220703125	-1.0	8.0	38
尚	0.11865234375	0.716796875	0.126953125	0.726318359375	2.0	7.0	38
尜	0.984375	0.48974609375	0.994140625	0.499267578125	-1.0	7.0	38
尝	0.78076171875	0.37060546875	0.790283203125	0.38037109375	-1.0	7.0	38
尢	0.130126953125	0.6484375	0.1396484375	0.657958984375	-1.0	7.0	38
尤	0.14013671875	0.6484375	0.149658203125	0.657958984375	-1.0	7.0	38
尥	0.15380859375	0.102294921875	0.16357421875	0.112060546875	-1.0	7.0	38
尧	0.870849609375	0.37060546875	0.88037109375	0.38037109375	-1.0	7.0	38
尬	0.1845703125	0.102294921875	0.1943359375	0.112060546875	-1.0	7.0	38
就	0.19482421875	0.102294921875	0.20458984375	0.112060546875	-1.0	7.0	38
尴	0.23583984375	0.10107421875	0.24560546875	0.11083984375	-1.0	7.0	38
尷	0.3486328125	0.500732421875	0.3583984375	0.51025390625	-1.0	8.0	38
尸	0.602783203125	0.87646484375	0.61181640625	0.885498046875	-1.0	10.0	38
尹	0.82080078125	0.790771484375	0.830322265625	0.800048828125	-1.0	9.0	38
尺	0.52880859375	0.8486328125	0.53857421875	0.857666015625	-1.0	10.0	38
尻	0.943359375	0.752685546875	0.953125	0.761962890625	-1.0	9.0	38
尼	0.5595703125	0.8486328125	0.5693359375	0.857666015625	-1.0	9.0	38
尽	0.63134765625	0.8486328125	0.64111328125	0.857666015625	-1.0	9.0	38
尾	0.97412109375	0.752685546875	0.98388671875	0.761962890625	-1.0	9.0	38
尿	0.6416015625	0.8486328125	0.6513671875	0.857666015625	-1.0	9.0	38
局	0.5361328125	0.87646484375	0.545166015625	0.885498046875	-1.0	9.0	38
屁	0.97998046875	0.847900390625	0.98974609375	0.85693359375	-1.0	9.0	38
层	0.5126953125	0.734375	0.5224609375	0.74365234375	-1.0	9.0	38
居	0.7607421875	0.791015625	0.770263671875	0.80029296875	-1.0	9.0	38
屆	0.5498046875	0.82958984375	0.558837890625	0.8388671875	-1.0	9.0	38
屈	0.51708984375	0.87646484375	0.526123046875	0.885498046875	-1.0	9.0	38
屉	0.52294921875	0.734375	0.53271484375	0.74365234375	-1.0	9.0	38
届	0.559326171875	0.82958984375	0.568359375	0.8388671875	-1.0	9.0	38
屋	0.74072265625	0.791259765625	0.750244140625	0.800537109375	-1.0	9.0	38
屍	0.730712890625	0.791259765625	0.740234375	0.800537109375	-1.0	9.0	38
屎	0.58447265625	0.734375	0.59423828125	0.74365234375	-1.0	9.0	38
屏	0.615234375	0.734375	0.625	0.74365234375	-1.0	9.0	38
屐	0.66650390625	0.734375	0.67626953125	0.74365234375	-1.0	9.0	38
屑	0.908203125	0.8193359375	0.91748046875	0.82861328125	-1.0	9.0	38
展	0.690673828125	0.79150390625	0.7001953125	0.80078125	-1.0	9.0	38
屘	0.6767578125	0.734375	0.6865234375	0.74365234375	-1.0	9.0	38
屙	0.6806640625	0.79150390625	0.690185546875	0.80078125	-1.0	9.0	38
屜	0.68701171875	0.734375	0.69677734375	0.74365234375	-1.0	9.0	38
屝	0.650634765625	0.79150390625	0.66015625	0.80078125	-1.0	9.0	38
属	0.21484375	0.812255859375	0.22412109375	0.821533203125	-1.0	9.0	38
屠	0.640625	0.79150390625	0.650146484375	0.80078125	-1.0	9.0	38
屡	0.630615234375	0.79150390625	0.64013671875	0.80078125	-1.0	9.0	38
屢	0.7587890625	0.73388671875	0.7685546875	0.7431640625	-1.0	9.0	38
屣	0.560546875	0.79150390625	0.570068359375	0.80078125	-1.0	9.0	38
層	0.635498046875	0.82958984375	0.64453125	0.8388671875	-1.0	9.0	38
履	0.550537109375	0.79150390625	0.56005859375	0.80078125	-1.0	9.0	38
屦	0.54052734375	0.79150390625	0.550048828125	0.80078125	-1.0	9.0	38
屨	0.76904296875	0.733642578125	0.77880859375	0.742919921875	-1.0	9.0	38
屬	0.478515625	0.87646484375	0.48779296875	0.885498046875	-1.0	9.0	38
屮	0.991943359375	0.70458984375	0.99951171875	0.714111328125	3.0	8.0	38
屯	0.80078125	0.809814453125	0.81005859375	0.819091796875	0.0	7.0	38
山	0.0	0.850341796875	0.008056640625	0.859619140625	2.0	8.0	38
屹	0.244140625	0.686767578125	0.25341796875	0.6962890625	0.0	7.0	38
屺	0.01953125	0.831298828125	0.02880859375	0.840576171875	0.0	7.0	38
屿	0.25390625	0.6865234375	0.26318359375	0.696044921875	0.0	7.0	38
岁	0.936279296875	0.704833984375	0.945068359375	0.71435546875	-1.0	8.0	38
岂	0.38037109375	0.83935546875	0.38916015625	0.8486328125	2.0	7.0	38
岈	0.185546875	0.831298828125	0.19482421875	0.840576171875	0.0	8.0	38
岌	0.5126953125	0.52001953125	0.5224609375	0.529541015625	-1.0	8.0	38
岍	0.33203125	0.44140625	0.34130859375	0.451171875	0.0	7.0	38
岐	0.29296875	0.686279296875	0.30224609375	0.69580078125	0.0	8.0	38
岑	0.58447265625	0.52001953125	0.59423828125	0.529541015625	-1.0	8.0	38
岔	0.60498046875	0.52001953125	0.61474609375	0.529541015625	-1.0	7.0	38
岖	0.1953125	0.831298828125	0.20458984375	0.840576171875	0.0	7.0	38
岗	0.41455078125	0.461181640625	0.422607421875	0.470947265625	2.0	7.0	38
岘	0.68359375	0.44091796875	0.69287109375	0.45068359375	0.0	7.0	38
岙	0.11279296875	0.85986328125	0.12255859375	0.868896484375	-1.0	9.0	38
岚	0.46142578125	0.100830078125	0.47119140625	0.110595703125	-1.0	7.0	38
岛	0.990966796875	0.59716796875	0.99951171875	0.606689453125	2.0	7.0	38
岜	0.13916015625	0.8408203125	0.14794921875	0.85009765625	3.0	7.0	38
岡	0.017578125	0.8876953125	0.02587890625	0.896728515625	2.0	9.0	38
岢	0.150146484375	0.6484375	0.15966796875	0.657958984375	-1.0	7.0	38
岣	0.88671875	0.695068359375	0.895751953125	0.70458984375	0.0	7.0	38
岩	0.16015625	0.6484375	0.169677734375	0.657958984375	-1.0	7.0	38
岫	0.892578125	0.45068359375	0.9013671875	0.46044921875	0.0	7.0	38
岬	0.85546875	0.45068359375	0.8642578125	0.46044921875	0.0	7.0	38
岭	0.16015625	0.262451171875	0.169677734375	0.272216796875	0.0	7.0	38
岱	0.2001953125	0.262451171875	0.209716796875	0.272216796875	-1.0	7.0	38
岳	0.38037109375	0.791748046875	0.389892578125	0.801025390625	-1.0	8.0	38
岵	0.341796875	0.686279296875	0.35107421875	0.69580078125	0.0	7.0	38
岷	0.361328125	0.686279296875	0.37060546875	0.69580078125	0.0	8.0	38
岸	0.370361328125	0.260986328125	0.3798828125	0.270751953125	-1.0	7.0	38
岽	0.170166015625	0.6484375	0.1796875	0.657958984375	0.0	7.0	38
岿	0.990966796875	0.58740234375	0.99951171875	0.596923828125	1.0	8.0	38
峁	0.815673828125	0.704833984375	0.824462890625	0.71435546875	0.0	8.0	38
峄	0.591796875	0.39111328125	0.60107421875	0.40087890625	0.0	7.0	38
峋	0.55224609375	0.70556640625	0.561279296875	0.715087890625	0.0	7.0	38
峒	0.561767578125	0.70556640625	0.57080078125	0.715087890625	0.0	8.0	38
峙	0.37109375	0.686279296875	0.38037109375	0.69580078125	0.0	7.0	38
峡	0.71875	0.390869140625	0.72802734375	0.400634765625	0.0	7.0	38
峤	0.767578125	0.390625	0.77685546875	0.400390625	0.0	7.0	38
峥	0.41015625	0.68603515625	0.41943359375	0.695556640625	0.0	7.0	38
峦	0.560546875	0.260986328125	0.570068359375	0.270751953125	-1.0	7.0	38
峨	0.4296875	0.68603515625	0.43896484375	0.695556640625	0.0	7.0	38
峪	0.190185546875	0.6484375	0.19970703125	0.657958984375	0.0	8.0	38
峭	0.59033203125	0.70556640625	0.599365234375	0.715087890625	0.0	8.0	38
峰	0.244140625	0.4013671875	0.25341796875	0.4111328125	0.0	7.0	38
峴	0.3125	0.4013671875	0.32177734375	0.4111328125	0.0	7.0	38
島	0.871337890625	0.704833984375	0.880126953125	0.71435546875	2.0	7.0	38
峻	0.7607421875	0.260498046875	0.770263671875	0.270263671875	0.0	7.0	38
峽	0.770751953125	0.260498046875	0.7802734375	0.270263671875	0.0	7.0	38
崁	0.90087890625	0.260498046875	0.910400390625	0.270263671875	-1.0	7.0	38
崂	0.44921875	0.68603515625	0.45849609375	0.695556640625	0.0	8.0	38
崃	0.02001953125	0.2724609375	0.029541015625	0.2822265625	0.0	7.0	38
崆	0.90673828125	0.80029296875	0.916015625	0.8095703125	0.0	7.0	38
崇	0.458984375	0.68603515625	0.46826171875	0.695556640625	0.0	7.0	38
崎	0.517578125	0.68603515625	0.52685546875	0.695556640625	0.0	7.0	38
崑	0.599853515625	0.70556640625	0.60888671875	0.715087890625	2.0	7.0	38
崔	0.110107421875	0.2724609375	0.11962890625	0.2822265625	-1.0	7.0	38
崖	0.170166015625	0.2724609375	0.1796875	0.2822265625	-1.0	7.0	38
崗	0.431640625	0.461181640625	0.439697265625	0.470947265625	2.0	7.0	38
崙	0.6767578125	0.1005859375	0.6865234375	0.1103515625	-1.0	7.0	38
崛	0.609375	0.70556640625	0.618408203125	0.715087890625	0.0	8.0	38
崞	0.556640625	0.68603515625	0.56591796875	0.695556640625	0.0	7.0	38
崢	0.751953125	0.810302734375	0.76123046875	0.819580078125	0.0	8.0	38
崤	0.56640625	0.68603515625	0.57568359375	0.695556640625	0.0	8.0	38
崦	0.5859375	0.68603515625	0.59521484375	0.695556640625	0.0	7.0	38
崧	0.2001953125	0.6484375	0.209716796875	0.657958984375	-1.0	8.0	38
崩	0.66650390625	0.450927734375	0.675537109375	0.460693359375	-1.0	7.0	38
崭	0.770751953125	0.2705078125	0.7802734375	0.2802734375	-1.0	7.0	38
崮	0.474365234375	0.461181640625	0.482421875	0.470947265625	2.0	7.0	38
崴	0.10009765625	0.282470703125	0.109619140625	0.292236328125	-1.0	7.0	38
崽	0.210205078125	0.6484375	0.2197265625	0.657958984375	-1.0	7.0	38
崾	0.595703125	0.68603515625	0.60498046875	0.695556640625	0.0	8.0	38
嵇	0.05126953125	0.755126953125	0.06103515625	0.764404296875	-1.0	8.0	38
嵊	0.625	0.68603515625	0.63427734375	0.695556640625	0.0	8.0	38
嵋	0.927001953125	0.704833984375	0.935791015625	0.71435546875	0.0	8.0	38
嵌	0.170166015625	0.282470703125	0.1796875	0.292236328125	-1.0	7.0	38
嵐	0.861328125	0.100341796875	0.87109375	0.110107421875	-1.0	7.0	38
嵘	0.350341796875	0.791748046875	0.35986328125	0.801025390625	0.0	8.0	38
嵛	0.89208984375	0.100341796875	0.90185546875	0.110107421875	-1.0	7.0	38
嵝	0.283203125	0.42138671875	0.29248046875	0.43115234375	0.0	7.0	38
嵩	0.33203125	0.42138671875	0.34130859375	0.43115234375	0.0	7.0	38
嵫	0.240234375	0.647705078125	0.249755859375	0.6572265625	0.0	7.0	38
嵬	0.290283203125	0.291259765625	0.2998046875	0.301025390625	0.0	7.0	38
嵯	0.087890625	0.831298828125	0.09716796875	0.840576171875	0.0	7.0	38
嵴	0.693359375	0.4208984375	0.70263671875	0.4306640625	0.0	7.0	38
嶂	0.810546875	0.420654296875	0.81982421875	0.430419921875	0.0	7.0	38
嶄	0.6806640625	0.290771484375	0.690185546875	0.300537109375	-1.0	7.0	38
嶇	0.009765625	0.87841796875	0.01904296875	0.887451171875	0.0	8.0	38
嶔	0.943359375	0.10009765625	0.953125	0.10986328125	-1.0	7.0	38
嶙	0.859375	0.420654296875	0.86865234375	0.430419921875	0.0	7.0	38
嶝	0.330322265625	0.86767578125	0.33984375	0.876708984375	0.0	8.0	38
嶷	0.910888671875	0.29052734375	0.92041015625	0.30029296875	-1.0	7.0	38
嶸	0.0	0.4326171875	0.00927734375	0.4423828125	0.0	7.0	38
嶺	0.9208984375	0.29052734375	0.930419921875	0.30029296875	-1.0	7.0	38
嶼	0.64453125	0.68603515625	0.65380859375	0.695556640625	0.0	8.0	38
嶽	0.0	0.302490234375	0.009521484375	0.312255859375	0.0	7.0	38
巅	0.010009765625	0.302490234375	0.01953125	0.312255859375	-1.0	7.0	38
巉	0.146484375	0.4326171875	0.15576171875	0.4423828125	1.0	7.0	38
巍	0.9638671875	0.10009765625	0.9736328125	0.10986328125	-1.0	7.0	38
巒	0.130126953125	0.302490234375	0.1396484375	0.312255859375	-1.0	7.0	38
巔	0.350341796875	0.30126953125	0.35986328125	0.31103515625	-1.0	7.0	38
巖	0.38037109375	0.301025390625	0.389892578125	0.310791015625	-1.0	7.0	38
巛	0.9267578125	0.875732421875	0.935302734375	0.884765625	2.0	9.0	38
巜	0.18701171875	0.887451171875	0.19384765625	0.896484375	5.0	9.0	38
川	0.954833984375	0.704833984375	0.963623046875	0.71435546875	-1.0	8.0	38
州	0.36181640625	0.83935546875	0.37060546875	0.8486328125	-1.0	8.0	38
巡	0.35888671875	0.753662109375	0.36865234375	0.762939453125	-1.0	8.0	38
巢	0.230224609375	0.301513671875	0.23974609375	0.311279296875	-1.0	7.0	38
工	0.52490234375	0.91259765625	0.5341796875	0.9208984375	0.0	10.0	38
左	0.74072265625	0.8671875	0.750244140625	0.876220703125	-1.0	7.0	38
巧	0.070068359375	0.89697265625	0.07958984375	0.90576171875	-1.0	10.0	38
巨	0.76611328125	0.903564453125	0.77490234375	0.912109375	2.0	10.0	38
巩	0.24609375	0.859619140625	0.255859375	0.86865234375	-1.0	10.0	38
巫	0.734619140625	0.8857421875	0.744140625	0.89453125	-1.0	9.0	38
差	0.8818359375	0.752685546875	0.8916015625	0.761962890625	-1.0	7.0	38
巯	0.09228515625	0.1123046875	0.10205078125	0.1220703125	-1.0	7.0	38
己	0.74755859375	0.90380859375	0.75634765625	0.912353515625	3.0	10.0	38
已	0.560302734375	0.90380859375	0.5693359375	0.912353515625	1.0	10.0	38
巳	0.009033203125	0.9150390625	0.017578125	0.923583984375	3.0	10.0	38
巴	0.7568359375	0.90380859375	0.765625	0.912353515625	2.0	10.0	38
巷	0.9638671875	0.752685546875	0.9736328125	0.761962890625	-1.0	7.0	38
巽	0.34033203125	0.791748046875	0.349853515625	0.801025390625	-1.0	9.0	38
巾	0.457275390625	0.461181640625	0.46533203125	0.470947265625	2.0	7.0	38
币	0.1298828125	0.8408203125	0.138671875	0.85009765625	1.0	9.0	38
市	0.870849609375	0.300537109375	0.88037109375	0.310302734375	0.0	7.0	38
布	0.880859375	0.300537109375	0.890380859375	0.310302734375	-1.0	7.0	38
帅	0.9853515625	0.450439453125	0.994140625	0.460205078125	1.0	7.0	38
帆	0.83984375	0.685302734375	0.84912109375	0.69482421875	1.0	8.0	38
师	0.87890625	0.41064453125	0.88818359375	0.42041015625	1.0	7.0	38
希	0.94091796875	0.30029296875	0.950439453125	0.31005859375	-1.0	7.0	38
帏	0.93359375	0.390625	0.94287109375	0.400390625	1.0	7.0	38
帐	0.556640625	0.421142578125	0.56591796875	0.430908203125	1.0	7.0	38
帑	0.950927734375	0.30029296875	0.96044921875	0.31005859375	-1.0	7.0	38
帔	0.6640625	0.430908203125	0.67333984375	0.440673828125	0.0	7.0	38
帕	0.45703125	0.451171875	0.466064453125	0.4609375	0.0	7.0	38
帖	0.78125	0.4306640625	0.79052734375	0.4404296875	0.0	7.0	38
帘	0.250244140625	0.6474609375	0.259765625	0.656982421875	-1.0	7.0	38
帙	0.98095703125	0.30029296875	0.990478515625	0.31005859375	0.0	7.0	38
帚	0.41650390625	0.829833984375	0.425537109375	0.839111328125	0.0	9.0	38
帛	0.38818359375	0.461181640625	0.396484375	0.470947265625	2.0	7.0	38
帜	0.888671875	0.4306640625	0.89794921875	0.4404296875	0.0	7.0	38
帝	0.428466796875	0.451171875	0.4375	0.4609375	0.0	7.0	38
帟	0.10009765625	0.3125	0.109619140625	0.322265625	-1.0	7.0	38
帥	0.618896484375	0.451171875	0.6279296875	0.4609375	1.0	7.0	38
带	0.110107421875	0.3125	0.11962890625	0.322265625	-1.0	7.0	38
帧	0.322265625	0.44140625	0.33154296875	0.451171875	1.0	7.0	38
師	0.87890625	0.685302734375	0.88818359375	0.69482421875	1.0	8.0	38
席	0.205078125	0.1123046875	0.21484375	0.1220703125	-1.0	7.0	38
帮	0.733154296875	0.45068359375	0.7421875	0.46044921875	0.0	7.0	38
帱	0.732421875	0.440673828125	0.74169921875	0.450439453125	0.0	7.0	38
帳	0.83984375	0.440673828125	0.84912109375	0.450439453125	1.0	7.0	38
帶	0.66650390625	0.70556640625	0.675537109375	0.715087890625	0.0	8.0	38
帷	0.263671875	0.4013671875	0.27294921875	0.4111328125	0.0	7.0	38
常	0.2666015625	0.451416015625	0.275634765625	0.461181640625	1.0	7.0	38
帻	0.46875	0.401123046875	0.47802734375	0.410888671875	1.0	7.0	38
帼	0.276123046875	0.451416015625	0.28515625	0.461181640625	0.0	7.0	38
帽	0.0	0.45263671875	0.009033203125	0.46240234375	0.0	7.0	38
幀	0.869140625	0.41064453125	0.87841796875	0.42041015625	1.0	7.0	38
幂	0.0615234375	0.7646484375	0.0712890625	0.77392578125	-1.0	9.0	38
幃	0.05859375	0.422607421875	0.06787109375	0.432373046875	0.0	7.0	38
幄	0.185546875	0.422607421875	0.19482421875	0.432373046875	0.0	7.0	38
幅	0.615234375	0.421142578125	0.62451171875	0.430908203125	0.0	7.0	38
幌	0.95703125	0.42041015625	0.96630859375	0.43017578125	0.0	7.0	38
幔	0.0390625	0.4326171875	0.04833984375	0.4423828125	0.0	7.0	38
幕	0.24609375	0.111083984375	0.255859375	0.120849609375	-1.0	7.0	38
幗	0.59033203125	0.451171875	0.599365234375	0.4609375	0.0	7.0	38
幛	0.107421875	0.402587890625	0.11669921875	0.412353515625	0.0	7.0	38
幞	0.166015625	0.402587890625	0.17529296875	0.412353515625	0.0	7.0	38
幟	0.52734375	0.421142578125	0.53662109375	0.430908203125	0.0	7.0	38
幡	0.5859375	0.421142578125	0.59521484375	0.430908203125	0.0	7.0	38
幢	0.634765625	0.4111328125	0.64404296875	0.4208984375	0.0	7.0	38
幣	0.634765625	0.421142578125	0.64404296875	0.430908203125	1.0	7.0	38
幫	0.26025390625	0.647216796875	0.269775390625	0.65673828125	0.0	7.0	38
干	0.451171875	0.85791015625	0.4609375	0.866943359375	-1.0	10.0	38
平	0.3203125	0.7919921875	0.329833984375	0.80126953125	-1.0	9.0	38
年	0.25634765625	0.111083984375	0.26611328125	0.120849609375	-1.0	7.0	38
并	0.70068359375	0.310791015625	0.710205078125	0.320556640625	-1.0	7.0	38
幸	0.720703125	0.310546875	0.730224609375	0.3203125	-1.0	7.0	38
幹	0.2666015625	0.111083984375	0.2763671875	0.120849609375	-1.0	7.0	38
幺	0.037109375	0.716796875	0.0458984375	0.726318359375	1.0	7.0	38
幻	0.934326171875	0.695068359375	0.943359375	0.70458984375	0.0	7.0	38
幼	0.13330078125	0.45263671875	0.142333984375	0.46240234375	0.0	7.0	38
幽	0.732177734375	0.705322265625	0.740966796875	0.71484375	1.0	8.0	38
幾	0.270263671875	0.647216796875	0.27978515625	0.65673828125	-1.0	8.0	38
广	0.2802734375	0.647216796875	0.289794921875	0.65673828125	-1.0	7.0	38
庀	0.910888671875	0.310546875	0.92041015625	0.3203125	-1.0	7.0	38
庄	0.02001953125	0.322509765625	0.029541015625	0.332275390625	-1.0	7.0	38
庆	0.369140625	0.11083984375	0.37890625	0.12060546875	-1.0	7.0	38
庇	0.10009765625	0.322509765625	0.109619140625	0.332275390625	-1.0	7.0	38
床	0.290283203125	0.647216796875	0.2998046875	0.65673828125	-1.0	7.0	38
庋	0.3896484375	0.11083984375	0.3994140625	0.12060546875	-1.0	7.0	38
序	0.2802734375	0.3212890625	0.289794921875	0.3310546875	-1.0	7.0	38
庐	0.8984375	0.4306640625	0.90771484375	0.4404296875	-1.0	7.0	38
庑	0.46044921875	0.321044921875	0.469970703125	0.330810546875	-1.0	7.0	38
库	0.39990234375	0.11083984375	0.40966796875	0.12060546875	-1.0	7.0	38
应	0.41015625	0.11083984375	0.419921875	0.12060546875	-1.0	7.0	38
底	0.4306640625	0.11083984375	0.4404296875	0.12060546875	-1.0	7.0	38
庖	0.44091796875	0.11083984375	0.45068359375	0.12060546875	-1.0	7.0	38
店	0.451171875	0.11083984375	0.4609375	0.12060546875	-1.0	7.0	38
庙	0.7607421875	0.320556640625	0.770263671875	0.330322265625	-1.0	7.0	38
庚	0.9208984375	0.320556640625	0.930419921875	0.330322265625	-1.0	7.0	38
府	0.30029296875	0.647216796875	0.309814453125	0.65673828125	-1.0	7.0	38
庞	0.46142578125	0.11083984375	0.47119140625	0.12060546875	-1.0	7.0	38
废	0.4716796875	0.11083984375	0.4814453125	0.12060546875	-1.0	7.0	38
庠	0.16015625	0.33251953125	0.169677734375	0.34228515625	-1.0	7.0	38
庥	0.48193359375	0.11083984375	0.49169921875	0.12060546875	-1.0	7.0	38
度	0.4921875	0.11083984375	0.501953125	0.12060546875	-1.0	7.0	38
座	0.22021484375	0.331787109375	0.229736328125	0.341552734375	-1.0	7.0	38
庫	0.2802734375	0.331298828125	0.289794921875	0.341064453125	-1.0	7.0	38
庭	0.50244140625	0.11083984375	0.51220703125	0.12060546875	-1.0	7.0	38
庳	0.533203125	0.11083984375	0.54296875	0.12060546875	-1.0	7.0	38
庵	0.54345703125	0.11083984375	0.55322265625	0.12060546875	-1.0	7.0	38
庶	0.57421875	0.11083984375	0.583984375	0.12060546875	-1.0	7.0	38
康	0.350341796875	0.331298828125	0.35986328125	0.341064453125	-1.0	7.0	38
庸	0.400390625	0.3310546875	0.409912109375	0.3408203125	-1.0	7.0	38
庹	0.58447265625	0.11083984375	0.59423828125	0.12060546875	-1.0	7.0	38
庾	0.450439453125	0.3310546875	0.4599609375	0.3408203125	-1.0	7.0	38
廁	0.510498046875	0.3310546875	0.52001953125	0.3408203125	-1.0	7.0	38
廂	0.6005859375	0.3310546875	0.610107421875	0.3408203125	-1.0	7.0	38
廄	0.5947265625	0.11083984375	0.6044921875	0.12060546875	-1.0	7.0	38
廈	0.62548828125	0.11083984375	0.63525390625	0.12060546875	-1.0	7.0	38
廉	0.670654296875	0.330810546875	0.68017578125	0.340576171875	-1.0	7.0	38
廊	0.6357421875	0.11083984375	0.6455078125	0.12060546875	-1.0	7.0	38
廑	0.720703125	0.33056640625	0.730224609375	0.34033203125	-1.0	7.0	38
廒	0.64599609375	0.110595703125	0.65576171875	0.120361328125	-1.0	7.0	38
廓	0.78076171875	0.33056640625	0.790283203125	0.34033203125	-1.0	7.0	38
廖	0.66650390625	0.110595703125	0.67626953125	0.120361328125	-1.0	7.0	38
廚	0.697265625	0.110595703125	0.70703125	0.120361328125	-1.0	7.0	38
廛	0.70751953125	0.1103515625	0.71728515625	0.1201171875	-1.0	7.0	38
廝	0.7177734375	0.1103515625	0.7275390625	0.1201171875	-1.0	7.0	38
廟	0.80078125	0.33056640625	0.810302734375	0.34033203125	-1.0	7.0	38
廠	0.73828125	0.1103515625	0.748046875	0.1201171875	-1.0	7.0	38
廢	0.7587890625	0.1103515625	0.7685546875	0.1201171875	-1.0	7.0	38
廣	0.810791015625	0.33056640625	0.8203125	0.34033203125	-1.0	7.0	38
廨	0.779296875	0.1103515625	0.7890625	0.1201171875	-1.0	7.0	38
廪	0.78955078125	0.1103515625	0.79931640625	0.1201171875	-1.0	7.0	38
廬	0.0	0.580078125	0.009765625	0.589599609375	-1.0	7.0	38
廳	0.83056640625	0.1103515625	0.84033203125	0.1201171875	-1.0	7.0	38
廴	0.348876953125	0.88623046875	0.358642578125	0.89501953125	-1.0	11.0	38
延	0.310302734375	0.7919921875	0.31982421875	0.80126953125	-1.0	9.0	38
廷	0.17431640625	0.736083984375	0.18408203125	0.745361328125	-1.0	9.0	38
建	0.85107421875	0.1103515625	0.86083984375	0.1201171875	-1.0	7.0	38
廾	0.4716796875	0.85791015625	0.4814453125	0.866943359375	-1.0	9.0	38
廿	0.3203125	0.647216796875	0.329833984375	0.65673828125	-1.0	8.0	38
开	0.64306640625	0.85791015625	0.652587890625	0.866943359375	-1.0	10.0	38
弁	0.06005859375	0.342529296875	0.069580078125	0.352294921875	-1.0	7.0	38
异	0.290283203125	0.7919921875	0.2998046875	0.80126953125	-1.0	9.0	38
弃	0.10009765625	0.342529296875	0.109619140625	0.352294921875	-1.0	7.0	38
弄	0.86083984375	0.866455078125	0.870361328125	0.87548828125	-1.0	10.0	38
弈	0.110107421875	0.342529296875	0.11962890625	0.352294921875	-1.0	7.0	38
弊	0.14013671875	0.342529296875	0.149658203125	0.352294921875	-1.0	7.0	38
弋	0.170166015625	0.342529296875	0.1796875	0.352294921875	0.0	7.0	38
弍	0.93310546875	0.110107421875	0.94287109375	0.119873046875	-1.0	7.0	38
弎	0.943359375	0.110107421875	0.953125	0.119873046875	-1.0	7.0	38
式	0.95361328125	0.110107421875	0.96337890625	0.119873046875	-1.0	7.0	38
弐	0.210205078125	0.342529296875	0.2197265625	0.352294921875	-1.0	7.0	38
弑	0.72802734375	0.48046875	0.73779296875	0.489990234375	-1.0	8.0	38
弒	0.7587890625	0.480224609375	0.7685546875	0.48974609375	-1.0	8.0	38
弓	0.087890625	0.8876953125	0.095947265625	0.896728515625	2.0	9.0	38
弔	0.678466796875	0.87646484375	0.687255859375	0.885498046875	1.0	10.0	38
引	0.36181640625	0.46142578125	0.3701171875	0.47119140625	1.0	7.0	38
弗	0.76171875	0.4306640625	0.77099609375	0.4404296875	0.0	7.0	38
弘	0.2802734375	0.7919921875	0.289794921875	0.80126953125	0.0	8.0	38
弛	0.330322265625	0.647216796875	0.33984375	0.65673828125	0.0	7.0	38
弟	0.38037109375	0.341064453125	0.389892578125	0.350830078125	-1.0	7.0	38
张	0.350341796875	0.647216796875	0.35986328125	0.65673828125	0.0	7.0	38
弥	0.3603515625	0.647216796875	0.369873046875	0.65673828125	0.0	7.0	38
弦	0.42041015625	0.341064453125	0.429931640625	0.350830078125	0.0	7.0	38
弧	0.370361328125	0.647216796875	0.3798828125	0.65673828125	0.0	8.0	38
弩	0.38037109375	0.647216796875	0.389892578125	0.65673828125	-1.0	7.0	38
弪	0.510498046875	0.8671875	0.52001953125	0.876220703125	0.0	9.0	38
弭	0.270263671875	0.792236328125	0.27978515625	0.801513671875	0.0	9.0	38
弯	0.390380859375	0.64697265625	0.39990234375	0.656494140625	-1.0	7.0	38
弱	0.341796875	0.876953125	0.35107421875	0.885986328125	-1.0	9.0	38
張	0.26025390625	0.79248046875	0.269775390625	0.8017578125	0.0	9.0	38
強	0.630615234375	0.341064453125	0.64013671875	0.350830078125	0.0	7.0	38
弹	0.640625	0.341064453125	0.650146484375	0.350830078125	-1.0	7.0	38
强	0.250244140625	0.793212890625	0.259765625	0.802490234375	0.0	9.0	38
弼	0.76025390625	0.80078125	0.76953125	0.81005859375	0.0	9.0	38
彀	0.400390625	0.64697265625	0.409912109375	0.656494140625	0.0	8.0	38
彆	0.91796875	0.685302734375	0.92724609375	0.69482421875	1.0	7.0	38
彈	0.090087890625	0.869140625	0.099609375	0.878173828125	0.0	9.0	38
彊	0.14013671875	0.868896484375	0.149658203125	0.8779296875	-1.0	9.0	38
彌	0.210205078125	0.793212890625	0.2197265625	0.802490234375	0.0	9.0	38
彎	0.410400390625	0.64697265625	0.419921875	0.656494140625	-1.0	7.0	38
彐	0.07177734375	0.9150390625	0.080078125	0.923583984375	1.0	11.0	38
归	0.990966796875	0.310302734375	0.99951171875	0.320068359375	1.0	7.0	38
当	0.990966796875	0.3603515625	0.99951171875	0.3701171875	0.0	7.0	38
录	0.34423828125	0.84912109375	0.35400390625	0.858154296875	-1.0	9.0	38
彖	0.16015625	0.793212890625	0.169677734375	0.802490234375	0.0	8.0	38
彗	0.80078125	0.340576171875	0.810302734375	0.350341796875	0.0	7.0	38
彘	0.42041015625	0.64697265625	0.429931640625	0.656494140625	0.0	8.0	38
彙	0.8408203125	0.340576171875	0.850341796875	0.350341796875	-1.0	7.0	38
彝	0.08203125	0.122314453125	0.091796875	0.132080078125	-1.0	7.0	38
彡	0.881103515625	0.83837890625	0.889404296875	0.84765625	1.0	8.0	38
形	0.369140625	0.520263671875	0.37890625	0.52978515625	-1.0	8.0	38
彤	0.37939453125	0.520263671875	0.38916015625	0.52978515625	-1.0	8.0	38
彥	0.90087890625	0.340576171875	0.910400390625	0.350341796875	-1.0	7.0	38
彦	0.9208984375	0.340576171875	0.930419921875	0.350341796875	-1.0	7.0	38
彩	0.14013671875	0.793212890625	0.149658203125	0.802490234375	-1.0	9.0	38
彪	0.11279296875	0.122314453125	0.12255859375	0.132080078125	-1.0	7.0	38
彫	0.1435546875	0.53125	0.1533203125	0.540771484375	-1.0	8.0	38
彬	0.950927734375	0.34033203125	0.96044921875	0.35009765625	-1.0	7.0	38
彭	0.9609375	0.34033203125	0.970458984375	0.35009765625	-1.0	7.0	38
彰	0.970947265625	0.34033203125	0.98046875	0.35009765625	-1.0	7.0	38
影	0.5947265625	0.52978515625	0.6044921875	0.539306640625	-1.0	8.0	38
彳	0.610595703125	0.461181640625	0.6162109375	0.470947265625	5.0	7.0	38
彷	0.070068359375	0.3525390625	0.07958984375	0.3623046875	-1.0	7.0	38
役	0.123046875	0.122314453125	0.1328125	0.132080078125	-1.0	7.0	38
彻	0.771484375	0.440673828125	0.78076171875	0.450439453125	-1.0	7.0	38
彼	0.16015625	0.3525390625	0.169677734375	0.3623046875	-1.0	7.0	38
彿	0.210205078125	0.3525390625	0.2197265625	0.3623046875	-1.0	7.0	38
往	0.230224609375	0.3515625	0.23974609375	0.361328125	-1.0	7.0	38
征	0.430419921875	0.64697265625	0.43994140625	0.656494140625	-1.0	8.0	38
徂	0.15380859375	0.122314453125	0.16357421875	0.132080078125	-1.0	7.0	38
径	0.1640625	0.122314453125	0.173828125	0.132080078125	-1.0	7.0	38
待	0.17431640625	0.122314453125	0.18408203125	0.132080078125	-1.0	7.0	38
徇	0.888671875	0.440673828125	0.89794921875	0.450439453125	-1.0	7.0	38
很	0.1845703125	0.122314453125	0.1943359375	0.132080078125	-1.0	7.0	38
徉	0.30029296875	0.351318359375	0.309814453125	0.361083984375	-1.0	7.0	38
徊	0.50390625	0.39111328125	0.51318359375	0.40087890625	-1.0	7.0	38
律	0.19482421875	0.122314453125	0.20458984375	0.132080078125	-1.0	7.0	38
後	0.205078125	0.122314453125	0.21484375	0.132080078125	-1.0	7.0	38
徐	0.2255859375	0.121337890625	0.2353515625	0.131103515625	-1.0	7.0	38
徑	0.24609375	0.12109375	0.255859375	0.130859375	-1.0	7.0	38
徒	0.2666015625	0.12109375	0.2763671875	0.130859375	-1.0	7.0	38
徕	0.287109375	0.12109375	0.296875	0.130859375	-1.0	7.0	38
得	0.29736328125	0.12109375	0.30712890625	0.130859375	-1.0	7.0	38
徘	0.3076171875	0.12109375	0.3173828125	0.130859375	-1.0	7.0	38
徙	0.31787109375	0.12109375	0.32763671875	0.130859375	-1.0	7.0	38
徜	0.21484375	0.402587890625	0.22412109375	0.412353515625	-1.0	7.0	38
從	0.33837890625	0.12109375	0.34814453125	0.130859375	-1.0	7.0	38
徠	0.3486328125	0.12109375	0.3583984375	0.130859375	-1.0	7.0	38
御	0.068359375	0.697265625	0.07763671875	0.706787109375	-1.0	8.0	38
徨	0.35888671875	0.120849609375	0.36865234375	0.130615234375	-1.0	7.0	38
復	0.369140625	0.120849609375	0.37890625	0.130615234375	-1.0	7.0	38
循	0.58056640625	0.35107421875	0.590087890625	0.36083984375	-1.0	7.0	38
徬	0.37939453125	0.120849609375	0.38916015625	0.130615234375	-1.0	7.0	38
徭	0.39990234375	0.120849609375	0.40966796875	0.130615234375	-1.0	7.0	38
微	0.41015625	0.120849609375	0.419921875	0.130615234375	-1.0	7.0	38
徵	0.42041015625	0.120849609375	0.43017578125	0.130615234375	-1.0	7.0	38
德	0.4306640625	0.120849609375	0.4404296875	0.130615234375	-1.0	7.0	38
徹	0.44091796875	0.120849609375	0.45068359375	0.130615234375	-1.0	7.0	38
徼	0.451171875	0.120849609375	0.4609375	0.130615234375	-1.0	7.0	38
徽	0.46142578125	0.120849609375	0.47119140625	0.130615234375	-1.0	7.0	38
心	0.533203125	0.734375	0.54296875	0.74365234375	-1.0	7.0	38
忄	0.6455078125	0.461181640625	0.650634765625	0.470947265625	0.0	7.0	38
必	0.130126953125	0.793212890625	0.1396484375	0.802490234375	-1.0	7.0	38
忆	0.1025390625	0.560546875	0.1123046875	0.570068359375	-1.0	8.0	38
忉	0.927734375	0.400634765625	0.93701171875	0.410400390625	-1.0	7.0	38
忌	0.110107421875	0.869140625	0.11962890625	0.878173828125	-1.0	9.0	38
忍	0.44091796875	0.85791015625	0.45068359375	0.866943359375	-1.0	9.0	38
忏	0.15380859375	0.560546875	0.16357421875	0.570068359375	-1.0	8.0	38
忐	0.070068359375	0.793212890625	0.07958984375	0.802490234375	-1.0	8.0	38
忑	0.884765625	0.885009765625	0.894287109375	0.893798828125	-1.0	10.0	38
忒	0.4404296875	0.64697265625	0.449951171875	0.656494140625	-1.0	7.0	38
忖	0.4921875	0.120849609375	0.501953125	0.130615234375	-1.0	7.0	38
志	0.470458984375	0.64697265625	0.47998046875	0.656494140625	0.0	7.0	38
忘	0.42041015625	0.55908203125	0.43017578125	0.568603515625	-1.0	7.0	38
忙	0.44091796875	0.55908203125	0.45068359375	0.568603515625	-1.0	8.0	38
忝	0.5390625	0.8486328125	0.548828125	0.857666015625	-1.0	9.0	38
忠	0.4921875	0.55908203125	0.501953125	0.568603515625	-1.0	7.0	38
忡	0.685546875	0.450927734375	0.694580078125	0.460693359375	-1.0	7.0	38
忤	0.50244140625	0.120849609375	0.51220703125	0.130615234375	-1.0	7.0	38
忧	0.5126953125	0.120849609375	0.5224609375	0.130615234375	-1.0	7.0	38
忪	0.52294921875	0.120849609375	0.53271484375	0.130615234375	-1.0	7.0	38
快	0.48046875	0.64697265625	0.489990234375	0.656494140625	-1.0	8.0	38
忭	0.5537109375	0.120849609375	0.5634765625	0.130615234375	-1.0	7.0	38
忮	0.56396484375	0.120849609375	0.57373046875	0.130615234375	-1.0	7.0	38
忱	0.57421875	0.120849609375	0.583984375	0.130615234375	-1.0	7.0	38
念	0.95361328125	0.558349609375	0.96337890625	0.56787109375	-1.0	7.0	38
忸	0.190185546875	0.362548828125	0.19970703125	0.372314453125	-1.0	7.0	38
忻	0.58447265625	0.120849609375	0.59423828125	0.130615234375	-1.0	7.0	38
忽	0.17431640625	0.5703125	0.18408203125	0.579833984375	-1.0	7.0	38
忾	0.615234375	0.120849609375	0.625	0.130615234375	-1.0	7.0	38
忿	0.205078125	0.5703125	0.21484375	0.579833984375	-1.0	7.0	38
怀	0.31787109375	0.569091796875	0.32763671875	0.57861328125	-1.0	8.0	38
态	0.050048828125	0.793212890625	0.0595703125	0.802490234375	-1.0	7.0	38
怂	0.697265625	0.734375	0.70703125	0.74365234375	-1.0	8.0	38
怃	0.62548828125	0.120849609375	0.63525390625	0.130615234375	-1.0	7.0	38
怄	0.330322265625	0.361328125	0.33984375	0.37109375	-1.0	7.0	38
怅	0.6357421875	0.120849609375	0.6455078125	0.130615234375	-1.0	7.0	38
怆	0.65625	0.12060546875	0.666015625	0.13037109375	-1.0	7.0	38
怊	0.3515625	0.42138671875	0.36083984375	0.43115234375	-1.0	7.0	38
怍	0.697265625	0.568603515625	0.70703125	0.578125	-1.0	7.0	38
怎	0.7177734375	0.568359375	0.7275390625	0.577880859375	-1.0	7.0	38
怏	0.430419921875	0.361083984375	0.43994140625	0.370849609375	-1.0	7.0	38
怒	0.78955078125	0.568115234375	0.79931640625	0.57763671875	-1.0	7.0	38
怔	0.6767578125	0.12060546875	0.6865234375	0.13037109375	-1.0	7.0	38
怕	0.047607421875	0.70703125	0.056640625	0.716552734375	-1.0	7.0	38
怖	0.590576171875	0.361083984375	0.60009765625	0.370849609375	-1.0	7.0	38
怙	0.05126953125	0.580078125	0.06103515625	0.589599609375	-1.0	7.0	38
怛	0.68701171875	0.12060546875	0.69677734375	0.13037109375	-1.0	7.0	38
怜	0.697265625	0.12060546875	0.70703125	0.13037109375	-1.0	7.0	38
思	0.50830078125	0.8486328125	0.51806640625	0.857666015625	-1.0	9.0	38
怠	0.490478515625	0.64697265625	0.5	0.656494140625	-1.0	7.0	38
怡	0.70751953125	0.120361328125	0.71728515625	0.130126953125	-1.0	7.0	38
急	0.19482421875	0.580078125	0.20458984375	0.589599609375	-1.0	7.0	38
怦	0.7177734375	0.120361328125	0.7275390625	0.130126953125	-1.0	7.0	38
性	0.73828125	0.120361328125	0.748046875	0.130126953125	-1.0	7.0	38
怨	0.328125	0.578857421875	0.337890625	0.58837890625	-1.0	7.0	38
怩	0.720703125	0.360595703125	0.730224609375	0.370361328125	-1.0	7.0	38
怪	0.3896484375	0.57861328125	0.3994140625	0.588134765625	-1.0	8.0	38
怫	0.730712890625	0.360595703125	0.740234375	0.370361328125	-1.0	7.0	38
怯	0.74853515625	0.120361328125	0.75830078125	0.130126953125	-1.0	7.0	38
怵	0.984375	0.47021484375	0.994140625	0.479736328125	-1.0	8.0	38
总	0.0	0.482421875	0.009765625	0.491943359375	-1.0	7.0	38
怼	0.030029296875	0.793212890625	0.03955078125	0.802490234375	-1.0	8.0	38
怿	0.7587890625	0.120361328125	0.7685546875	0.130126953125	-1.0	7.0	38
恁	0.0205078125	0.482421875	0.0302734375	0.491943359375	-1.0	7.0	38
恂	0.556640625	0.4111328125	0.56591796875	0.4208984375	-1.0	7.0	38
恃	0.81005859375	0.120361328125	0.81982421875	0.130126953125	-1.0	7.0	38
恆	0.8203125	0.120361328125	0.830078125	0.130126953125	-1.0	7.0	38
恋	0.05126953125	0.482421875	0.06103515625	0.491943359375	-1.0	7.0	38
恍	0.83056640625	0.120361328125	0.84033203125	0.130126953125	-1.0	7.0	38
恐	0.498046875	0.8486328125	0.5078125	0.857666015625	-1.0	9.0	38
恒	0.07177734375	0.482421875	0.08154296875	0.491943359375	-1.0	8.0	38
恕	0.50048828125	0.64697265625	0.510009765625	0.656494140625	-1.0	7.0	38
恙	0.08203125	0.482421875	0.091796875	0.491943359375	-1.0	7.0	38
恚	0.02001953125	0.793212890625	0.029541015625	0.802490234375	-1.0	8.0	38
恝	0.5205078125	0.64697265625	0.530029296875	0.656494140625	-1.0	7.0	38
恢	0.8408203125	0.120361328125	0.8505859375	0.130126953125	-1.0	7.0	38
恣	0.970947265625	0.78125	0.98046875	0.79052734375	-1.0	8.0	38
恤	0.87158203125	0.120361328125	0.88134765625	0.130126953125	-1.0	7.0	38
恥	0.89208984375	0.120361328125	0.90185546875	0.130126953125	-1.0	7.0	38
恧	0.4775390625	0.8486328125	0.4873046875	0.857666015625	-1.0	9.0	38
恨	0.90234375	0.120361328125	0.912109375	0.130126953125	-1.0	7.0	38
恩	0.46728515625	0.8486328125	0.47705078125	0.857666015625	-1.0	9.0	38
恪	0.9228515625	0.120361328125	0.9326171875	0.130126953125	-1.0	7.0	38
恫	0.455078125	0.39111328125	0.46435546875	0.40087890625	-1.0	7.0	38
恬	0.94091796875	0.3603515625	0.950439453125	0.3701171875	-1.0	7.0	38
恭	0.205078125	0.482421875	0.21484375	0.491943359375	-1.0	7.0	38
息	0.21533203125	0.482421875	0.22509765625	0.491943359375	-1.0	7.0	38
恰	0.2255859375	0.482421875	0.2353515625	0.491943359375	-1.0	8.0	38
恳	0.45703125	0.8486328125	0.466796875	0.857666015625	-1.0	9.0	38
恶	0.42626953125	0.848876953125	0.43603515625	0.85791015625	-1.0	9.0	38
恸	0.3125	0.696044921875	0.32177734375	0.70556640625	-1.0	8.0	38
恹	0.943359375	0.1201171875	0.953125	0.1298828125	-1.0	7.0	38
恺	0.9638671875	0.1201171875	0.9736328125	0.1298828125	-1.0	7.0	38
恻	0.576171875	0.421142578125	0.58544921875	0.430908203125	-1.0	7.0	38
恼	0.97412109375	0.1201171875	0.98388671875	0.1298828125	-1.0	7.0	38
恽	0.530517578125	0.64697265625	0.5400390625	0.656494140625	-1.0	8.0	38
恿	0.84326171875	0.857177734375	0.852783203125	0.8662109375	-1.0	9.0	38
悃	0.830078125	0.420654296875	0.83935546875	0.430419921875	-1.0	7.0	38
悄	0.06005859375	0.37255859375	0.069580078125	0.38232421875	-1.0	7.0	38
悅	0.0	0.13232421875	0.009765625	0.14208984375	-1.0	7.0	38
悉	0.833251953125	0.857177734375	0.8427734375	0.8662109375	-1.0	9.0	38
悌	0.080078125	0.37255859375	0.089599609375	0.38232421875	-1.0	7.0	38
悍	0.090087890625	0.37255859375	0.099609375	0.38232421875	-1.0	7.0	38
悒	0.31787109375	0.481201171875	0.32763671875	0.49072265625	-1.0	8.0	38
悔	0.0205078125	0.13232421875	0.0302734375	0.14208984375	-1.0	7.0	38
悖	0.328125	0.481201171875	0.337890625	0.49072265625	-1.0	8.0	38
悚	0.03076171875	0.13232421875	0.04052734375	0.14208984375	-1.0	7.0	38
悛	0.05126953125	0.13232421875	0.06103515625	0.14208984375	-1.0	7.0	38
悝	0.0615234375	0.13232421875	0.0712890625	0.14208984375	-1.0	7.0	38
悟	0.369140625	0.481201171875	0.37890625	0.49072265625	-1.0	8.0	38
悠	0.39990234375	0.48095703125	0.40966796875	0.490478515625	-1.0	7.0	38
患	0.54052734375	0.64697265625	0.550048828125	0.656494140625	-1.0	7.0	38
悦	0.08203125	0.13232421875	0.091796875	0.14208984375	-1.0	7.0	38
您	0.4306640625	0.48095703125	0.4404296875	0.490478515625	-1.0	7.0	38
悫	0.550537109375	0.64697265625	0.56005859375	0.656494140625	-1.0	7.0	38
悬	0.416015625	0.848876953125	0.42578125	0.85791015625	-1.0	9.0	38
悭	0.123046875	0.13232421875	0.1328125	0.14208984375	-1.0	7.0	38
悯	0.556640625	0.43115234375	0.56591796875	0.44091796875	-1.0	7.0	38
悱	0.26025390625	0.371337890625	0.269775390625	0.381103515625	-1.0	7.0	38
悲	0.533203125	0.48095703125	0.54296875	0.490478515625	-1.0	7.0	38
悴	0.54345703125	0.48095703125	0.55322265625	0.490478515625	-1.0	7.0	38
悵	0.13330078125	0.13232421875	0.14306640625	0.14208984375	-1.0	7.0	38
悶	0.74560546875	0.8388671875	0.754150390625	0.84814453125	1.0	9.0	38
悸	0.15380859375	0.13232421875	0.16357421875	0.14208984375	-1.0	7.0	38
悻	0.1640625	0.13232421875	0.173828125	0.14208984375	-1.0	7.0	38
悼	0.17431640625	0.13232421875	0.18408203125	0.14208984375	-1.0	7.0	38
悽	0.370361328125	0.37109375	0.3798828125	0.380859375	-1.0	7.0	38
情	0.1845703125	0.13232421875	0.1943359375	0.14208984375	-1.0	7.0	38
惆	0.595703125	0.43115234375	0.60498046875	0.44091796875	-1.0	7.0	38
惇	0.400390625	0.37109375	0.409912109375	0.380859375	-1.0	7.0	38
惊	0.410400390625	0.37109375	0.419921875	0.380859375	-1.0	7.0	38
惋	0.19482421875	0.13232421875	0.20458984375	0.14208984375	-1.0	7.0	38
惑	0.81005859375	0.480224609375	0.81982421875	0.48974609375	-1.0	7.0	38
惕	0.322265625	0.696044921875	0.33154296875	0.70556640625	-1.0	8.0	38
惘	0.33203125	0.696044921875	0.34130859375	0.70556640625	-1.0	7.0	38
惚	0.21533203125	0.131591796875	0.22509765625	0.141357421875	-1.0	7.0	38
惜	0.4404296875	0.37109375	0.449951171875	0.380859375	-1.0	7.0	38
惝	0.634765625	0.43115234375	0.64404296875	0.44091796875	-1.0	7.0	38
惟	0.2255859375	0.13134765625	0.2353515625	0.14111328125	-1.0	7.0	38
惠	0.560546875	0.64697265625	0.570068359375	0.656494140625	-1.0	7.0	38
惡	0.693115234375	0.85791015625	0.70263671875	0.866943359375	-1.0	9.0	38
惦	0.2666015625	0.131103515625	0.2763671875	0.140869140625	-1.0	7.0	38
惧	0.27685546875	0.131103515625	0.28662109375	0.140869140625	-1.0	7.0	38
惨	0.287109375	0.131103515625	0.296875	0.140869140625	-1.0	7.0	38
惩	0.07177734375	0.4921875	0.08154296875	0.501708984375	-1.0	7.0	38
惫	0.570556640625	0.64697265625	0.580078125	0.656494140625	-1.0	7.0	38
惬	0.29736328125	0.131103515625	0.30712890625	0.140869140625	-1.0	7.0	38
惭	0.530517578125	0.37109375	0.5400390625	0.380859375	-1.0	7.0	38
惮	0.54052734375	0.37109375	0.550048828125	0.380859375	-1.0	7.0	38
惯	0.58056640625	0.64697265625	0.590087890625	0.656494140625	-1.0	8.0	38
惰	0.560546875	0.37109375	0.570068359375	0.380859375	-1.0	7.0	38
惱	0.3515625	0.696044921875	0.36083984375	0.70556640625	-1.0	8.0	38
想	0.984375	0.733642578125	0.994140625	0.742919921875	-1.0	8.0	38
惴	0.3486328125	0.131103515625	0.3583984375	0.140869140625	-1.0	7.0	38
惶	0.35888671875	0.130859375	0.36865234375	0.140625	-1.0	7.0	38
惹	0.37939453125	0.490966796875	0.38916015625	0.50048828125	-1.0	7.0	38
惺	0.369140625	0.130859375	0.37890625	0.140625	-1.0	7.0	38
惻	0.732421875	0.4306640625	0.74169921875	0.4404296875	-1.0	7.0	38
愀	0.41015625	0.49072265625	0.419921875	0.500244140625	-1.0	8.0	38
愁	0.42041015625	0.49072265625	0.43017578125	0.500244140625	-1.0	7.0	38
愆	0.590576171875	0.64697265625	0.60009765625	0.656494140625	-1.0	7.0	38
愈	0.6005859375	0.64697265625	0.610107421875	0.656494140625	-1.0	7.0	38
愉	0.4716796875	0.49072265625	0.4814453125	0.500244140625	-1.0	8.0	38
愍	0.48193359375	0.49072265625	0.49169921875	0.500244140625	-1.0	7.0	38
愎	0.42041015625	0.130859375	0.43017578125	0.140625	-1.0	7.0	38
意	0.52294921875	0.49072265625	0.53271484375	0.500244140625	-1.0	7.0	38
愒	0.751953125	0.4306640625	0.76123046875	0.4404296875	-1.0	7.0	38
愕	0.590576171875	0.37109375	0.60009765625	0.380859375	-1.0	7.0	38
愚	0.9208984375	0.866455078125	0.930419921875	0.87548828125	-1.0	9.0	38
愛	0.610595703125	0.64697265625	0.6201171875	0.656494140625	0.0	8.0	38
愜	0.451171875	0.130859375	0.4609375	0.140625	-1.0	7.0	38
感	0.62060546875	0.64697265625	0.630126953125	0.656494140625	-1.0	7.0	38
愠	0.4716796875	0.130859375	0.4814453125	0.140625	-1.0	7.0	38
愣	0.48193359375	0.130859375	0.49169921875	0.140625	-1.0	7.0	38
愤	0.74072265625	0.37060546875	0.750244140625	0.38037109375	-1.0	7.0	38
愦	0.750732421875	0.37060546875	0.76025390625	0.38037109375	-1.0	7.0	38
愧	0.4921875	0.130859375	0.501953125	0.140625	-1.0	7.0	38
愫	0.50244140625	0.130859375	0.51220703125	0.140625	-1.0	7.0	38
愴	0.5126953125	0.130859375	0.5224609375	0.140625	-1.0	7.0	38
愷	0.52294921875	0.130859375	0.53271484375	0.140625	-1.0	7.0	38
愾	0.54345703125	0.130859375	0.55322265625	0.140625	-1.0	7.0	38
愿	0.0	0.74560546875	0.009765625	0.7548828125	-1.0	9.0	38
慄	0.03076171875	0.501953125	0.04052734375	0.511474609375	-1.0	8.0	38
慇	0.01025390625	0.74560546875	0.02001953125	0.7548828125	-1.0	8.0	38
慈	0.630615234375	0.64697265625	0.64013671875	0.656494140625	-1.0	7.0	38
慊	0.56396484375	0.130859375	0.57373046875	0.140625	-1.0	7.0	38
態	0.640625	0.64697265625	0.650146484375	0.656494140625	-1.0	7.0	38
慌	0.58447265625	0.130859375	0.59423828125	0.140625	-1.0	7.0	38
慍	0.60498046875	0.130859375	0.61474609375	0.140625	-1.0	7.0	38
慎	0.615234375	0.130859375	0.625	0.140625	-1.0	7.0	38
慑	0.2666015625	0.500732421875	0.2763671875	0.51025390625	-1.0	8.0	38
慕	0.62548828125	0.130859375	0.63525390625	0.140625	-1.0	7.0	38
慘	0.6357421875	0.130859375	0.6455078125	0.140625	-1.0	7.0	38
慚	0.64599609375	0.130615234375	0.65576171875	0.140380859375	-1.0	7.0	38
慝	0.8408203125	0.866455078125	0.850341796875	0.87548828125	0.0	9.0	38
慟	0.010009765625	0.382568359375	0.01953125	0.392333984375	-1.0	7.0	38
慢	0.650634765625	0.64697265625	0.66015625	0.656494140625	-1.0	8.0	38
慣	0.6767578125	0.130615234375	0.6865234375	0.140380859375	-1.0	7.0	38
慧	0.94091796875	0.78125	0.950439453125	0.79052734375	0.0	8.0	38
慨	0.70751953125	0.13037109375	0.71728515625	0.14013671875	-1.0	7.0	38
慫	0.930908203125	0.78125	0.9404296875	0.79052734375	-1.0	8.0	38
慮	0.0205078125	0.74560546875	0.0302734375	0.7548828125	-1.0	8.0	38
慰	0.03076171875	0.74560546875	0.04052734375	0.7548828125	-1.0	8.0	38
慵	0.070068359375	0.382568359375	0.07958984375	0.392333984375	-1.0	7.0	38
慶	0.7587890625	0.13037109375	0.7685546875	0.14013671875	-1.0	7.0	38
慷	0.54345703125	0.50048828125	0.55322265625	0.510009765625	-1.0	7.0	38
慼	0.5537109375	0.50048828125	0.5634765625	0.510009765625	-1.0	7.0	38
慾	0.58447265625	0.50048828125	0.59423828125	0.510009765625	-1.0	7.0	38
憂	0.439453125	0.820068359375	0.44873046875	0.829345703125	0.0	9.0	38
憊	0.07177734375	0.74560546875	0.08154296875	0.7548828125	-1.0	8.0	38
憋	0.62548828125	0.50048828125	0.63525390625	0.510009765625	-1.0	7.0	38
憎	0.9375	0.4306640625	0.94677734375	0.4404296875	-1.0	7.0	38
憐	0.10009765625	0.382568359375	0.109619140625	0.392333984375	-1.0	7.0	38
憑	0.720703125	0.8671875	0.730224609375	0.876220703125	-1.0	9.0	38
憔	0.779296875	0.13037109375	0.7890625	0.14013671875	-1.0	7.0	38
憚	0.81005859375	0.13037109375	0.81982421875	0.14013671875	-1.0	7.0	38
憝	0.7587890625	0.499755859375	0.7685546875	0.50927734375	-1.0	7.0	38
憤	0.8203125	0.13037109375	0.830078125	0.14013671875	-1.0	7.0	38
憧	0.83056640625	0.13037109375	0.84033203125	0.14013671875	-1.0	7.0	38
憨	0.8203125	0.499755859375	0.830078125	0.50927734375	-1.0	7.0	38
憩	0.66064453125	0.64697265625	0.670166015625	0.656494140625	-1.0	7.0	38
憫	0.966796875	0.430419921875	0.97607421875	0.440185546875	-1.0	7.0	38
憬	0.91259765625	0.499755859375	0.92236328125	0.50927734375	-1.0	8.0	38
憮	0.22021484375	0.3818359375	0.229736328125	0.3916015625	-1.0	7.0	38
憲	0.670654296875	0.64697265625	0.68017578125	0.656494140625	-1.0	7.0	38
憶	0.87158203125	0.13037109375	0.88134765625	0.14013671875	-1.0	7.0	38
憷	0.91259765625	0.13037109375	0.92236328125	0.14013671875	-1.0	7.0	38
憾	0.943359375	0.130126953125	0.953125	0.139892578125	-1.0	7.0	38
懂	0.041015625	0.51171875	0.05078125	0.521240234375	-1.0	7.0	38
懇	0.1025390625	0.74560546875	0.1123046875	0.7548828125	-1.0	8.0	38
懈	0.0	0.142333984375	0.009765625	0.152099609375	-1.0	7.0	38
應	0.05126953125	0.142333984375	0.06103515625	0.152099609375	-1.0	7.0	38
懊	0.310302734375	0.38134765625	0.31982421875	0.39111328125	-1.0	7.0	38
懋	0.13330078125	0.74560546875	0.14306640625	0.7548828125	-1.0	8.0	38
懍	0.0615234375	0.142333984375	0.0712890625	0.152099609375	-1.0	7.0	38
懑	0.6806640625	0.64697265625	0.690185546875	0.656494140625	-1.0	7.0	38
懒	0.11279296875	0.142333984375	0.12255859375	0.152099609375	-1.0	7.0	38
懔	0.1435546875	0.142333984375	0.1533203125	0.152099609375	-1.0	7.0	38
懣	0.690673828125	0.646728515625	0.7001953125	0.65625	-1.0	7.0	38
懦	0.42041015625	0.381103515625	0.429931640625	0.390869140625	-1.0	7.0	38
懲	0.369140625	0.510498046875	0.37890625	0.52001953125	-1.0	7.0	38
懵	0.70068359375	0.646728515625	0.710205078125	0.65625	-1.0	7.0	38
懶	0.205078125	0.142333984375	0.21484375	0.152099609375	-1.0	7.0	38
懷	0.21533203125	0.1416015625	0.22509765625	0.1513671875	-1.0	7.0	38
懸	0.890869140625	0.78125	0.900390625	0.79052734375	0.0	8.0	38
懺	0.25634765625	0.14111328125	0.26611328125	0.15087890625	-1.0	7.0	38
懼	0.490478515625	0.381103515625	0.5	0.390869140625	-1.0	7.0	38
懾	0.50048828125	0.381103515625	0.510009765625	0.390869140625	-1.0	7.0	38
懿	0.56396484375	0.51025390625	0.57373046875	0.519775390625	-1.0	7.0	38
戀	0.710693359375	0.646728515625	0.72021484375	0.65625	-1.0	7.0	38
戆	0.58447265625	0.51025390625	0.59423828125	0.519775390625	-1.0	7.0	38
戈	0.720703125	0.646728515625	0.730224609375	0.65625	0.0	7.0	38
戊	0.2666015625	0.14111328125	0.2763671875	0.15087890625	-1.0	7.0	38
戋	0.730712890625	0.646484375	0.740234375	0.656005859375	0.0	7.0	38
戌	0.3076171875	0.14111328125	0.3173828125	0.15087890625	-1.0	7.0	38
戍	0.3486328125	0.14111328125	0.3583984375	0.15087890625	-1.0	7.0	38
戎	0.74072265625	0.646484375	0.750244140625	0.656005859375	-1.0	7.0	38
戏	0.697265625	0.510009765625	0.70703125	0.51953125	-1.0	7.0	38
成	0.369140625	0.140869140625	0.37890625	0.150634765625	-1.0	7.0	38
我	0.42041015625	0.140869140625	0.43017578125	0.150634765625	-1.0	7.0	38
戒	0.7607421875	0.646240234375	0.770263671875	0.65576171875	0.0	7.0	38
戕	0.4306640625	0.140869140625	0.4404296875	0.150634765625	-1.0	7.0	38
或	0.46142578125	0.140869140625	0.47119140625	0.150634765625	-1.0	7.0	38
戗	0.8408203125	0.509521484375	0.8505859375	0.51904296875	-1.0	7.0	38
战	0.770751953125	0.646240234375	0.7802734375	0.65576171875	0.0	7.0	38
戚	0.17431640625	0.74560546875	0.18408203125	0.7548828125	-1.0	8.0	38
戛	0.712890625	0.81982421875	0.72216796875	0.8291015625	0.0	9.0	38
戟	0.630615234375	0.381103515625	0.64013671875	0.390869140625	-1.0	7.0	38
戡	0.90234375	0.509521484375	0.912109375	0.51904296875	-1.0	7.0	38
戢	0.640625	0.381103515625	0.650146484375	0.390869140625	0.0	7.0	38
戤	0.1845703125	0.74560546875	0.1943359375	0.7548828125	-1.0	8.0	38
戥	0.9638671875	0.50927734375	0.9736328125	0.518798828125	-1.0	7.0	38
截	0.97412109375	0.50927734375	0.98388671875	0.518798828125	-1.0	7.0	38
戬	0.984375	0.50927734375	0.994140625	0.518798828125	-1.0	7.0	38
戮	0.5126953125	0.140869140625	0.5224609375	0.150634765625	-1.0	7.0	38
戰	0.690673828125	0.380859375	0.7001953125	0.390625	0.0	7.0	38
戲	0.533203125	0.140869140625	0.54296875	0.150634765625	-1.0	7.0	38
戳	0.03076171875	0.521484375	0.04052734375	0.531005859375	-1.0	7.0	38
戴	0.5537109375	0.140869140625	0.5634765625	0.150634765625	-1.0	7.0	38
戶	0.56884765625	0.82958984375	0.577880859375	0.8388671875	0.0	9.0	38
户	0.6474609375	0.451171875	0.656494140625	0.4609375	-1.0	7.0	38
戽	0.7607421875	0.380615234375	0.770263671875	0.390380859375	-1.0	7.0	38
戾	0.57421875	0.140869140625	0.583984375	0.150634765625	-1.0	7.0	38
房	0.790771484375	0.380615234375	0.80029296875	0.390380859375	-1.0	7.0	38
所	0.17431640625	0.521484375	0.18408203125	0.531005859375	-1.0	8.0	38
扁	0.302734375	0.44140625	0.31201171875	0.451171875	-1.0	7.0	38
扃	0.390625	0.69580078125	0.39990234375	0.705322265625	-1.0	7.0	38
扇	0.5712890625	0.70556640625	0.580322265625	0.715087890625	-1.0	7.0	38
扈	0.24609375	0.5205078125	0.255859375	0.530029296875	-1.0	7.0	38
扉	0.810791015625	0.380615234375	0.8203125	0.390380859375	-1.0	7.0	38
手	0.1201171875	0.869140625	0.129638671875	0.878173828125	-1.0	9.0	38
扌	0.123046875	0.850341796875	0.12841796875	0.859619140625	0.0	8.0	38
才	0.78076171875	0.646240234375	0.790283203125	0.65576171875	-1.0	7.0	38
扎	0.3076171875	0.520263671875	0.3173828125	0.52978515625	-1.0	7.0	38
扑	0.790771484375	0.646240234375	0.80029296875	0.65576171875	-1.0	8.0	38
扒	0.328125	0.520263671875	0.337890625	0.52978515625	-1.0	7.0	38
打	0.41015625	0.743896484375	0.419921875	0.753173828125	-1.0	8.0	38
扔	0.546875	0.69580078125	0.55615234375	0.705322265625	-1.0	8.0	38
托	0.80078125	0.646240234375	0.810302734375	0.65576171875	-1.0	7.0	38
扛	0.451171875	0.743896484375	0.4609375	0.753173828125	-1.0	8.0	38
扣	0.597412109375	0.82958984375	0.6064453125	0.8388671875	-1.0	8.0	38
扦	0.4716796875	0.743896484375	0.4814453125	0.753173828125	-1.0	8.0	38
执	0.65625	0.140625	0.666015625	0.150390625	-1.0	7.0	38
扩	0.6767578125	0.140625	0.6865234375	0.150390625	-1.0	7.0	38
扪	0.341796875	0.44140625	0.35107421875	0.451171875	-1.0	7.0	38
扫	0.576171875	0.69580078125	0.58544921875	0.705322265625	-1.0	8.0	38
扬	0.927734375	0.8193359375	0.93701171875	0.82861328125	-1.0	8.0	38
扭	0.810791015625	0.646240234375	0.8203125	0.65576171875	-1.0	7.0	38
扮	0.697265625	0.140625	0.70703125	0.150390625	-1.0	7.0	38
扯	0.850830078125	0.78125	0.8603515625	0.79052734375	-1.0	8.0	38
扰	0.70751953125	0.140380859375	0.71728515625	0.150146484375	-1.0	7.0	38
扳	0.6357421875	0.52001953125	0.6455078125	0.529541015625	-1.0	8.0	38
扶	0.7587890625	0.140380859375	0.7685546875	0.150146484375	-1.0	7.0	38
批	0.6767578125	0.519775390625	0.6865234375	0.529296875	-1.0	7.0	38
扼	0.779296875	0.140380859375	0.7890625	0.150146484375	-1.0	7.0	38
找	0.7177734375	0.51953125	0.7275390625	0.529052734375	-1.0	7.0	38
承	0.3134765625	0.84912109375	0.3232421875	0.858154296875	-1.0	9.0	38
技	0.8203125	0.140380859375	0.830078125	0.150146484375	-1.0	7.0	38
抄	0.82080078125	0.646240234375	0.830322265625	0.65576171875	-1.0	7.0	38
抆	0.861328125	0.140380859375	0.87109375	0.150146484375	-1.0	7.0	38
抉	0.830810546875	0.646240234375	0.84033203125	0.65576171875	-1.0	8.0	38
把	0.615234375	0.52978515625	0.625	0.539306640625	-1.0	7.0	38
抑	0.72265625	0.44091796875	0.73193359375	0.45068359375	-1.0	7.0	38
抒	0.8408203125	0.646240234375	0.850341796875	0.65576171875	-1.0	8.0	38
抓	0.87158203125	0.140380859375	0.88134765625	0.150146484375	-1.0	7.0	38
投	0.78955078125	0.529052734375	0.79931640625	0.53857421875	-1.0	8.0	38
抖	0.90234375	0.140380859375	0.912109375	0.150146484375	-1.0	7.0	38
抗	0.943359375	0.14013671875	0.953125	0.14990234375	-1.0	7.0	38
折	0.87158203125	0.529052734375	0.88134765625	0.53857421875	-1.0	8.0	38
抚	0.533203125	0.743896484375	0.54296875	0.753173828125	-1.0	8.0	38
抛	0.89208984375	0.529052734375	0.90185546875	0.53857421875	-1.0	8.0	38
抟	0.984375	0.14013671875	0.994140625	0.14990234375	-1.0	7.0	38
抠	0.86083984375	0.646240234375	0.870361328125	0.65576171875	-1.0	7.0	38
抡	0.95361328125	0.529052734375	0.96337890625	0.53857421875	-1.0	7.0	38
抢	0.9638671875	0.52880859375	0.9736328125	0.538330078125	-1.0	7.0	38
护	0.810546875	0.440673828125	0.81982421875	0.450439453125	-1.0	7.0	38
报	0.0	0.541015625	0.009765625	0.550537109375	-1.0	8.0	38
抨	0.01025390625	0.15234375	0.02001953125	0.162109375	-1.0	7.0	38
披	0.0205078125	0.15234375	0.0302734375	0.162109375	-1.0	7.0	38
抬	0.041015625	0.15234375	0.05078125	0.162109375	-1.0	7.0	38
抱	0.13330078125	0.541015625	0.14306640625	0.550537109375	-1.0	7.0	38
抵	0.05126953125	0.15234375	0.06103515625	0.162109375	-1.0	7.0	38
抹	0.1025390625	0.15234375	0.1123046875	0.162109375	-1.0	7.0	38
抻	0.259765625	0.391357421875	0.26904296875	0.401123046875	-1.0	7.0	38
押	0.279296875	0.391357421875	0.28857421875	0.401123046875	-1.0	7.0	38
抽	0.634765625	0.69580078125	0.64404296875	0.705322265625	-1.0	7.0	38
抿	0.328125	0.539794921875	0.337890625	0.54931640625	-1.0	8.0	38
拂	0.870849609375	0.646240234375	0.88037109375	0.65576171875	-1.0	8.0	38
拄	0.35888671875	0.539794921875	0.36865234375	0.54931640625	-1.0	7.0	38
担	0.880859375	0.646240234375	0.890380859375	0.65576171875	-1.0	7.0	38
拆	0.890869140625	0.646240234375	0.900390625	0.65576171875	-1.0	8.0	38
拇	0.41015625	0.53955078125	0.419921875	0.549072265625	-1.0	7.0	38
拈	0.90087890625	0.646240234375	0.910400390625	0.65576171875	-1.0	7.0	38
拉	0.4921875	0.53955078125	0.501953125	0.549072265625	-1.0	7.0	38
拊	0.1435546875	0.15234375	0.1533203125	0.162109375	-1.0	7.0	38
拋	0.5537109375	0.53955078125	0.5634765625	0.549072265625	-1.0	8.0	38
拌	0.15380859375	0.15234375	0.16357421875	0.162109375	-1.0	7.0	38
拍	0.6640625	0.69580078125	0.67333984375	0.705322265625	-1.0	7.0	38
拎	0.17431640625	0.15234375	0.18408203125	0.162109375	-1.0	7.0	38
拐	0.703125	0.695556640625	0.71240234375	0.705078125	-1.0	8.0	38
拒	0.810791015625	0.78125	0.8203125	0.79052734375	-1.0	8.0	38
拓	0.790771484375	0.78125	0.80029296875	0.79052734375	-1.0	8.0	38
拔	0.19482421875	0.15234375	0.20458984375	0.162109375	-1.0	7.0	38
拖	0.697265625	0.539306640625	0.70703125	0.548828125	-1.0	7.0	38
拗	0.552734375	0.39111328125	0.56201171875	0.40087890625	-1.0	7.0	38
拘	0.72265625	0.695556640625	0.73193359375	0.705078125	-1.0	7.0	38
拙	0.048828125	0.831298828125	0.05810546875	0.840576171875	-1.0	8.0	38
拚	0.48046875	0.260986328125	0.489990234375	0.270751953125	-1.0	7.0	38
招	0.650390625	0.39111328125	0.65966796875	0.40087890625	-1.0	7.0	38
拜	0.78076171875	0.78125	0.790283203125	0.79052734375	-1.0	9.0	38
拟	0.25634765625	0.151123046875	0.26611328125	0.160888671875	-1.0	7.0	38
拢	0.2666015625	0.151123046875	0.2763671875	0.160888671875	-1.0	7.0	38
拣	0.861328125	0.538818359375	0.87109375	0.54833984375	-1.0	7.0	38
拥	0.74072265625	0.80078125	0.75	0.81005859375	-1.0	8.0	38
拦	0.910888671875	0.646240234375	0.92041015625	0.65576171875	-1.0	7.0	38
拧	0.66650390625	0.57861328125	0.676025390625	0.588134765625	-1.0	7.0	38
拨	0.37939453125	0.15087890625	0.38916015625	0.16064453125	-1.0	7.0	38
择	0.0205078125	0.55078125	0.0302734375	0.560302734375	-1.0	7.0	38
括	0.610595703125	0.260986328125	0.6201171875	0.270751953125	-1.0	7.0	38
拭	0.640625	0.260986328125	0.650146484375	0.270751953125	0.0	7.0	38
拮	0.650634765625	0.2607421875	0.66015625	0.2705078125	-1.0	7.0	38
拯	0.676513671875	0.57861328125	0.68603515625	0.588134765625	-1.0	7.0	38
拱	0.3896484375	0.15087890625	0.3994140625	0.16064453125	-1.0	7.0	38
拳	0.13330078125	0.55078125	0.14306640625	0.560302734375	-1.0	7.0	38
拴	0.1435546875	0.55078125	0.1533203125	0.560302734375	-1.0	7.0	38
拶	0.751953125	0.695068359375	0.76123046875	0.70458984375	-1.0	8.0	38
拷	0.6865234375	0.578369140625	0.696044921875	0.587890625	-1.0	7.0	38
拼	0.451171875	0.15087890625	0.4609375	0.16064453125	-1.0	7.0	38
拽	0.205078125	0.55078125	0.21484375	0.560302734375	-1.0	7.0	38
拾	0.46142578125	0.15087890625	0.47119140625	0.16064453125	-1.0	7.0	38
拿	0.696533203125	0.578369140625	0.7060546875	0.587890625	-1.0	7.0	38
持	0.25634765625	0.549560546875	0.26611328125	0.55908203125	-1.0	7.0	38
挂	0.70654296875	0.578369140625	0.716064453125	0.587890625	-1.0	7.0	38
指	0.48193359375	0.15087890625	0.49169921875	0.16064453125	-1.0	7.0	38
挈	0.730712890625	0.78173828125	0.740234375	0.791015625	-1.0	8.0	38
按	0.80078125	0.260498046875	0.810302734375	0.270263671875	-1.0	7.0	38
挎	0.37939453125	0.549560546875	0.38916015625	0.55908203125	-1.0	7.0	38
挑	0.5126953125	0.15087890625	0.5224609375	0.16064453125	-1.0	7.0	38
挖	0.716552734375	0.578369140625	0.72607421875	0.587890625	0.0	7.0	38
挚	0.7265625	0.578125	0.736083984375	0.587646484375	-1.0	7.0	38
挛	0.48193359375	0.54931640625	0.49169921875	0.558837890625	-1.0	7.0	38
挝	0.7587890625	0.743408203125	0.7685546875	0.752685546875	-1.0	8.0	38
挞	0.78955078125	0.7431640625	0.79931640625	0.75244140625	-1.0	8.0	38
挟	0.5537109375	0.54931640625	0.5634765625	0.558837890625	-1.0	8.0	38
挠	0.5537109375	0.15087890625	0.5634765625	0.16064453125	-1.0	7.0	38
挡	0.736572265625	0.578125	0.74609375	0.587646484375	-1.0	7.0	38
挢	0.57421875	0.15087890625	0.583984375	0.16064453125	-1.0	7.0	38
挣	0.7177734375	0.548828125	0.7275390625	0.558349609375	-1.0	7.0	38
挤	0.58447265625	0.15087890625	0.59423828125	0.16064453125	-1.0	7.0	38
挥	0.10009765625	0.2724609375	0.109619140625	0.2822265625	-1.0	7.0	38
挨	0.60498046875	0.15087890625	0.61474609375	0.16064453125	-1.0	7.0	38
挪	0.74658203125	0.577880859375	0.756103515625	0.58740234375	-1.0	8.0	38
挫	0.8408203125	0.548583984375	0.8505859375	0.55810546875	-1.0	7.0	38
振	0.87158203125	0.548583984375	0.88134765625	0.55810546875	-1.0	8.0	38
挲	0.756591796875	0.577880859375	0.76611328125	0.58740234375	0.0	7.0	38
挹	0.861328125	0.7431640625	0.87109375	0.75244140625	-1.0	8.0	38
挺	0.041015625	0.560546875	0.05078125	0.570068359375	-1.0	8.0	38
挽	0.66650390625	0.150634765625	0.67626953125	0.160400390625	-1.0	7.0	38
挾	0.6767578125	0.150634765625	0.6865234375	0.160400390625	-1.0	7.0	38
捂	0.68701171875	0.150634765625	0.69677734375	0.160400390625	-1.0	7.0	38
捃	0.7666015625	0.577880859375	0.776123046875	0.58740234375	-1.0	7.0	38
捅	0.966796875	0.685302734375	0.97607421875	0.69482421875	-1.0	8.0	38
捆	0.618896484375	0.70556640625	0.6279296875	0.715087890625	-1.0	7.0	38
捉	0.776611328125	0.577880859375	0.7861328125	0.58740234375	-1.0	8.0	38
捋	0.78662109375	0.577880859375	0.796142578125	0.58740234375	-1.0	7.0	38
捌	0.048828125	0.41259765625	0.05810546875	0.42236328125	-1.0	7.0	38
捍	0.710693359375	0.78173828125	0.72021484375	0.791015625	-1.0	8.0	38
捎	0.796630859375	0.577880859375	0.80615234375	0.58740234375	-1.0	8.0	38
捏	0.70068359375	0.781982421875	0.710205078125	0.791259765625	-1.0	8.0	38
捐	0.05859375	0.41259765625	0.06787109375	0.42236328125	-1.0	7.0	38
捕	0.6806640625	0.270751953125	0.690185546875	0.280517578125	-1.0	7.0	38
捞	0.806640625	0.577880859375	0.816162109375	0.58740234375	-1.0	8.0	38
损	0.7587890625	0.150390625	0.7685546875	0.16015625	-1.0	7.0	38
捡	0.39990234375	0.55908203125	0.40966796875	0.568603515625	-1.0	7.0	38
换	0.779296875	0.150390625	0.7890625	0.16015625	-1.0	7.0	38
捣	0.9599609375	0.646240234375	0.96923828125	0.65576171875	-1.0	7.0	38
捧	0.8203125	0.150390625	0.830078125	0.16015625	-1.0	7.0	38
捨	0.48193359375	0.55908203125	0.49169921875	0.568603515625	-1.0	7.0	38
捩	0.8408203125	0.2705078125	0.850341796875	0.2802734375	-1.0	7.0	38
捫	0.9892578125	0.64599609375	0.99853515625	0.655517578125	-1.0	7.0	38
捭	0.861328125	0.150390625	0.87109375	0.16015625	-1.0	7.0	38
据	0.9208984375	0.2705078125	0.930419921875	0.2802734375	-1.0	7.0	38
捱	0.54345703125	0.55908203125	0.55322265625	0.568603515625	-1.0	7.0	38
捲	0.56396484375	0.55908203125	0.57373046875	0.568603515625	-1.0	7.0	38
捶	0.60498046875	0.55908203125	0.61474609375	0.568603515625	-1.0	7.0	38
捷	0.8818359375	0.150390625	0.8916015625	0.16015625	-1.0	7.0	38
捺	0.62548828125	0.55908203125	0.63525390625	0.568603515625	-1.0	7.0	38
捻	0.64599609375	0.55908203125	0.65576171875	0.568603515625	-1.0	7.0	38
掀	0.816650390625	0.577880859375	0.826171875	0.58740234375	-1.0	8.0	38
掂	0.9228515625	0.150390625	0.9326171875	0.16015625	-1.0	7.0	38
掃	0.836669921875	0.577880859375	0.84619140625	0.58740234375	-1.0	8.0	38
掄	0.95361328125	0.150146484375	0.96337890625	0.159912109375	-1.0	7.0	38
掇	0.7587890625	0.558349609375	0.7685546875	0.56787109375	-1.0	8.0	38
授	0.9638671875	0.150146484375	0.9736328125	0.159912109375	-1.0	7.0	38
掉	0.97412109375	0.150146484375	0.98388671875	0.159912109375	-1.0	7.0	38
掊	0.984375	0.150146484375	0.994140625	0.159912109375	-1.0	7.0	38
掌	0.8466796875	0.577880859375	0.856201171875	0.58740234375	-1.0	7.0	38
掎	0.89208984375	0.558349609375	0.90185546875	0.56787109375	-1.0	7.0	38
掏	0.01953125	0.658203125	0.02880859375	0.667724609375	-1.0	7.0	38
掐	0.8203125	0.41064453125	0.82958984375	0.42041015625	-1.0	7.0	38
排	0.0	0.162353515625	0.009765625	0.172119140625	-1.0	7.0	38
掖	0.0205078125	0.162353515625	0.0302734375	0.172119140625	-1.0	7.0	38
掘	0.0	0.422607421875	0.00927734375	0.432373046875	-1.0	7.0	38
掙	0.01025390625	0.5703125	0.02001953125	0.579833984375	-1.0	7.0	38
掛	0.0205078125	0.5703125	0.0302734375	0.579833984375	-1.0	8.0	38
掠	0.856689453125	0.577880859375	0.8662109375	0.58740234375	-1.0	7.0	38
採	0.0615234375	0.5703125	0.0712890625	0.579833984375	-1.0	8.0	38
探	0.23583984375	0.569580078125	0.24560546875	0.5791015625	-1.0	8.0	38
掣	0.029296875	0.658203125	0.03857421875	0.667724609375	0.0	7.0	38
接	0.010009765625	0.29248046875	0.01953125	0.30224609375	-1.0	7.0	38
控	0.52294921875	0.56884765625	0.53271484375	0.578369140625	-1.0	7.0	38
推	0.08203125	0.162353515625	0.091796875	0.172119140625	-1.0	7.0	38
掩	0.54345703125	0.56884765625	0.55322265625	0.578369140625	-1.0	7.0	38
措	0.02001953125	0.29248046875	0.029541015625	0.30224609375	-1.0	7.0	38
掬	0.068359375	0.658203125	0.07763671875	0.667724609375	-1.0	7.0	38
掭	0.58447265625	0.56884765625	0.59423828125	0.578369140625	-1.0	7.0	38
掮	0.546875	0.421142578125	0.55615234375	0.430908203125	-1.0	7.0	38
掰	0.690673828125	0.781982421875	0.7001953125	0.791259765625	-1.0	9.0	38
掳	0.4404296875	0.291015625	0.449951171875	0.30078125	-1.0	7.0	38
掴	0.637939453125	0.70556640625	0.64697265625	0.715087890625	-1.0	7.0	38
掷	0.15380859375	0.162353515625	0.16357421875	0.172119140625	-1.0	7.0	38
掸	0.8408203125	0.568115234375	0.8505859375	0.57763671875	-1.0	7.0	38
掺	0.1845703125	0.162353515625	0.1943359375	0.172119140625	-1.0	7.0	38
掼	0.205078125	0.162353515625	0.21484375	0.172119140625	-1.0	7.0	38
掾	0.87158203125	0.568115234375	0.88134765625	0.57763671875	-1.0	7.0	38
揀	0.2255859375	0.161376953125	0.2353515625	0.171142578125	-1.0	7.0	38
揄	0.90234375	0.568115234375	0.912109375	0.57763671875	-1.0	7.0	38
揆	0.23583984375	0.1611328125	0.24560546875	0.1708984375	-1.0	7.0	38
揉	0.2666015625	0.1611328125	0.2763671875	0.1708984375	-1.0	7.0	38
揍	0.3076171875	0.1611328125	0.3173828125	0.1708984375	-1.0	7.0	38
揎	0.86669921875	0.577880859375	0.876220703125	0.58740234375	-1.0	7.0	38
描	0.328125	0.1611328125	0.337890625	0.1708984375	-1.0	7.0	38
提	0.33837890625	0.1611328125	0.34814453125	0.1708984375	-1.0	7.0	38
插	0.3486328125	0.1611328125	0.3583984375	0.1708984375	-1.0	7.0	38
揖	0.88671875	0.577880859375	0.896240234375	0.58740234375	-1.0	8.0	38
揚	0.369140625	0.160888671875	0.37890625	0.170654296875	-1.0	7.0	38
換	0.050048828125	0.302490234375	0.0595703125	0.312255859375	-1.0	7.0	38
揞	0.3896484375	0.160888671875	0.3994140625	0.170654296875	-1.0	7.0	38
揠	0.670654296875	0.781982421875	0.68017578125	0.791259765625	-1.0	8.0	38
握	0.42041015625	0.160888671875	0.43017578125	0.170654296875	-1.0	7.0	38
揣	0.30029296875	0.30126953125	0.309814453125	0.31103515625	-1.0	7.0	38
揩	0.896728515625	0.577880859375	0.90625	0.58740234375	-1.0	8.0	38
揪	0.2666015625	0.578857421875	0.2763671875	0.58837890625	-1.0	8.0	38
揭	0.078125	0.658203125	0.08740234375	0.667724609375	-1.0	7.0	38
揮	0.041015625	0.755126953125	0.05078125	0.764404296875	-1.0	8.0	38
揲	0.4716796875	0.160888671875	0.4814453125	0.170654296875	-1.0	7.0	38
援	0.48193359375	0.160888671875	0.49169921875	0.170654296875	-1.0	7.0	38
揶	0.710693359375	0.30078125	0.72021484375	0.310546875	-1.0	7.0	38
揸	0.90673828125	0.577880859375	0.916259765625	0.58740234375	-1.0	7.0	38
揹	0.916748046875	0.577880859375	0.92626953125	0.58740234375	-1.0	8.0	38
揽	0.16015625	0.302490234375	0.169677734375	0.312255859375	-1.0	7.0	38
揿	0.5126953125	0.160888671875	0.5224609375	0.170654296875	-1.0	7.0	38
搀	0.210205078125	0.302490234375	0.2197265625	0.312255859375	-1.0	7.0	38
搁	0.1171875	0.658203125	0.12646484375	0.667724609375	-1.0	7.0	38
搂	0.533203125	0.160888671875	0.54296875	0.170654296875	-1.0	7.0	38
搅	0.54345703125	0.160888671875	0.55322265625	0.170654296875	-1.0	7.0	38
搆	0.87158203125	0.470458984375	0.88134765625	0.47998046875	-1.0	8.0	38
搋	0.9267578125	0.577880859375	0.936279296875	0.58740234375	-1.0	8.0	38
搌	0.58447265625	0.160888671875	0.59423828125	0.170654296875	-1.0	7.0	38
損	0.89208984375	0.470458984375	0.90185546875	0.47998046875	-1.0	8.0	38
搏	0.90234375	0.470458984375	0.912109375	0.47998046875	-1.0	7.0	38
搐	0.400390625	0.301025390625	0.409912109375	0.310791015625	-1.0	7.0	38
搓	0.91259765625	0.470458984375	0.92236328125	0.47998046875	-1.0	7.0	38
搔	0.60498046875	0.160888671875	0.61474609375	0.170654296875	-1.0	7.0	38
搖	0.46044921875	0.301025390625	0.469970703125	0.310791015625	-1.0	7.0	38
搗	0.936767578125	0.577880859375	0.9462890625	0.58740234375	-1.0	7.0	38
搛	0.62548828125	0.160888671875	0.63525390625	0.170654296875	-1.0	7.0	38
搜	0.64599609375	0.16064453125	0.65576171875	0.17041015625	-1.0	7.0	38
搞	0.610595703125	0.301025390625	0.6201171875	0.310791015625	-1.0	7.0	38
搠	0.126953125	0.658203125	0.13623046875	0.667724609375	-1.0	8.0	38
搡	0.65625	0.16064453125	0.666015625	0.17041015625	-1.0	7.0	38
搦	0.263671875	0.8115234375	0.27294921875	0.82080078125	-1.0	8.0	38
搪	0.6806640625	0.30078125	0.690185546875	0.310546875	-1.0	7.0	38
搬	0.66650390625	0.16064453125	0.67626953125	0.17041015625	-1.0	7.0	38
搭	0.68701171875	0.16064453125	0.69677734375	0.17041015625	-1.0	7.0	38
搴	0.94677734375	0.577880859375	0.956298828125	0.58740234375	-1.0	7.0	38
搶	0.72802734375	0.509765625	0.73779296875	0.519287109375	-1.0	8.0	38
携	0.720703125	0.300537109375	0.730224609375	0.310302734375	-1.0	7.0	38
搽	0.09228515625	0.501953125	0.10205078125	0.511474609375	-1.0	7.0	38
搾	0.730712890625	0.300537109375	0.740234375	0.310302734375	-1.0	7.0	38
搿	0.956787109375	0.577880859375	0.96630859375	0.58740234375	-1.0	8.0	38
摁	0.07177734375	0.755126953125	0.08154296875	0.764404296875	-1.0	8.0	38
摄	0.7177734375	0.160400390625	0.7275390625	0.170166015625	-1.0	7.0	38
摅	0.72802734375	0.160400390625	0.73779296875	0.170166015625	-1.0	7.0	38
摆	0.770751953125	0.300537109375	0.7802734375	0.310302734375	-1.0	7.0	38
摇	0.73828125	0.160400390625	0.748046875	0.170166015625	-1.0	7.0	38
摈	0.78076171875	0.300537109375	0.790283203125	0.310302734375	-1.0	7.0	38
摊	0.3896484375	0.53955078125	0.3994140625	0.549072265625	-1.0	8.0	38
摑	0.13671875	0.658203125	0.14599609375	0.667724609375	-1.0	8.0	38
摒	0.966796875	0.57763671875	0.976318359375	0.587158203125	-1.0	8.0	38
摔	0.80078125	0.300537109375	0.810302734375	0.310302734375	-1.0	7.0	38
摘	0.810791015625	0.300537109375	0.8203125	0.310302734375	-1.0	7.0	38
摞	0.1435546875	0.755126953125	0.1533203125	0.764404296875	-1.0	8.0	38
摟	0.830810546875	0.300537109375	0.84033203125	0.310302734375	-1.0	7.0	38
摧	0.8408203125	0.300537109375	0.850341796875	0.310302734375	-1.0	7.0	38
摩	0.93310546875	0.568115234375	0.94287109375	0.57763671875	-1.0	7.0	38
摭	0.01025390625	0.4921875	0.02001953125	0.501708984375	-1.0	7.0	38
摯	0.976806640625	0.57763671875	0.986328125	0.587158203125	-1.0	7.0	38
摸	0.86083984375	0.300537109375	0.870361328125	0.310302734375	-1.0	7.0	38
摹	0.7998046875	0.499755859375	0.8095703125	0.50927734375	-1.0	7.0	38
摺	0.986328125	0.430419921875	0.99560546875	0.440185546875	-1.0	7.0	38
摻	0.7587890625	0.160400390625	0.7685546875	0.170166015625	-1.0	7.0	38
撂	0.76904296875	0.160400390625	0.77880859375	0.170166015625	-1.0	7.0	38
撄	0.85107421875	0.509521484375	0.86083984375	0.51904296875	-1.0	8.0	38
撅	0.1025390625	0.521484375	0.1123046875	0.531005859375	-1.0	8.0	38
撇	0.78955078125	0.160400390625	0.79931640625	0.170166015625	-1.0	7.0	38
撈	0.29296875	0.44140625	0.30224609375	0.451171875	-1.0	7.0	38
撐	0.98681640625	0.57763671875	0.996337890625	0.587158203125	-1.0	7.0	38
撑	0.0	0.58984375	0.009521484375	0.599365234375	-1.0	7.0	38
撒	0.7998046875	0.160400390625	0.8095703125	0.170166015625	-1.0	7.0	38
撓	0.930908203125	0.300537109375	0.9404296875	0.310302734375	-1.0	7.0	38
撕	0.95361328125	0.548583984375	0.96337890625	0.55810546875	-1.0	7.0	38
撖	0.8408203125	0.160400390625	0.8505859375	0.170166015625	-1.0	7.0	38
撙	0.010009765625	0.58984375	0.01953125	0.599365234375	-1.0	7.0	38
撚	0.2255859375	0.580078125	0.2353515625	0.589599609375	-1.0	7.0	38
撞	0.29736328125	0.578857421875	0.30712890625	0.58837890625	-1.0	7.0	38
撢	0.97412109375	0.47021484375	0.98388671875	0.479736328125	-1.0	8.0	38
撤	0.8818359375	0.160400390625	0.8916015625	0.170166015625	-1.0	7.0	38
撥	0.89208984375	0.160400390625	0.90185546875	0.170166015625	-1.0	7.0	38
撩	0.9638671875	0.49951171875	0.9736328125	0.509033203125	-1.0	7.0	38
撫	0.56396484375	0.48095703125	0.57373046875	0.490478515625	-1.0	7.0	38
撬	0.57421875	0.48095703125	0.583984375	0.490478515625	-1.0	8.0	38
播	0.6357421875	0.48095703125	0.6455078125	0.490478515625	-1.0	8.0	38
撮	0.6767578125	0.480712890625	0.6865234375	0.490234375	-1.0	8.0	38
撰	0.85107421875	0.480224609375	0.86083984375	0.48974609375	-1.0	7.0	38
撲	0.90234375	0.160400390625	0.912109375	0.170166015625	-1.0	7.0	38
撳	0.9228515625	0.160400390625	0.9326171875	0.170166015625	-1.0	7.0	38
撵	0.93310546875	0.16015625	0.94287109375	0.169921875	-1.0	7.0	38
撷	0.9638671875	0.16015625	0.9736328125	0.169921875	-1.0	7.0	38
撸	0.970947265625	0.30029296875	0.98046875	0.31005859375	-1.0	7.0	38
撺	0.97412109375	0.16015625	0.98388671875	0.169921875	-1.0	7.0	38
撻	0.03076171875	0.17236328125	0.04052734375	0.18212890625	-1.0	7.0	38
撼	0.1025390625	0.501953125	0.1123046875	0.511474609375	-1.0	7.0	38
撾	0.1640625	0.755126953125	0.173828125	0.764404296875	-1.0	8.0	38
撿	0.0615234375	0.17236328125	0.0712890625	0.18212890625	-1.0	7.0	38
擀	0.07177734375	0.17236328125	0.08154296875	0.18212890625	-1.0	7.0	38
擁	0.0	0.3125	0.009521484375	0.322265625	-1.0	7.0	38
擂	0.06005859375	0.3125	0.069580078125	0.322265625	-1.0	7.0	38
擄	0.080078125	0.3125	0.089599609375	0.322265625	-1.0	7.0	38
擅	0.205078125	0.51171875	0.21484375	0.521240234375	-1.0	7.0	38
擇	0.1025390625	0.17236328125	0.1123046875	0.18212890625	-1.0	7.0	38
擊	0.17578125	0.658203125	0.18505859375	0.667724609375	0.0	7.0	38
擋	0.090087890625	0.3125	0.099609375	0.322265625	-1.0	7.0	38
操	0.11279296875	0.17236328125	0.12255859375	0.18212890625	-1.0	7.0	38
擎	0.610595703125	0.781982421875	0.6201171875	0.791259765625	-1.0	8.0	38
擐	0.123046875	0.17236328125	0.1328125	0.18212890625	-1.0	7.0	38
擒	0.205078125	0.17236328125	0.21484375	0.18212890625	-1.0	7.0	38
擔	0.1201171875	0.3125	0.129638671875	0.322265625	-1.0	7.0	38
擗	0.130126953125	0.3125	0.1396484375	0.322265625	-1.0	7.0	38
擘	0.02001953125	0.58984375	0.029541015625	0.599365234375	-1.0	7.0	38
據	0.3076171875	0.171142578125	0.3173828125	0.180908203125	-1.0	7.0	38
擞	0.33837890625	0.171142578125	0.34814453125	0.180908203125	-1.0	7.0	38
擠	0.369140625	0.1708984375	0.37890625	0.1806640625	-1.0	7.0	38
擢	0.37939453125	0.1708984375	0.38916015625	0.1806640625	-1.0	7.0	38
擤	0.150146484375	0.3125	0.15966796875	0.322265625	-1.0	7.0	38
擦	0.3896484375	0.1708984375	0.3994140625	0.1806640625	-1.0	7.0	38
擬	0.1845703125	0.541015625	0.1943359375	0.550537109375	-1.0	8.0	38
擭	0.170166015625	0.3125	0.1796875	0.322265625	-1.0	7.0	38
擰	0.46142578125	0.53955078125	0.47119140625	0.549072265625	-1.0	7.0	38
擱	0.1953125	0.658203125	0.20458984375	0.667724609375	-1.0	8.0	38
擲	0.18017578125	0.3125	0.189697265625	0.322265625	-1.0	7.0	38
擴	0.451171875	0.1708984375	0.4609375	0.1806640625	-1.0	7.0	38
擷	0.46142578125	0.1708984375	0.47119140625	0.1806640625	-1.0	7.0	38
擺	0.25634765625	0.75439453125	0.26611328125	0.763671875	-1.0	8.0	38
擻	0.48193359375	0.1708984375	0.49169921875	0.1806640625	-1.0	7.0	38
擾	0.5126953125	0.1708984375	0.5224609375	0.1806640625	-1.0	7.0	38
攀	0.7587890625	0.548583984375	0.7685546875	0.55810546875	-1.0	8.0	38
攆	0.54345703125	0.1708984375	0.55322265625	0.1806640625	-1.0	7.0	38
攉	0.26025390625	0.311279296875	0.269775390625	0.321044921875	-1.0	7.0	38
攏	0.85107421875	0.558349609375	0.86083984375	0.56787109375	-1.0	7.0	38
攒	0.93310546875	0.558349609375	0.94287109375	0.56787109375	-1.0	8.0	38
攔	0.732421875	0.810302734375	0.74169921875	0.819580078125	-1.0	8.0	38
攘	0.57421875	0.1708984375	0.583984375	0.1806640625	-1.0	7.0	38
攙	0.58447265625	0.1708984375	0.59423828125	0.1806640625	-1.0	7.0	38
攜	0.65625	0.170654296875	0.666015625	0.180419921875	-1.0	7.0	38
攝	0.030029296875	0.58984375	0.03955078125	0.599365234375	-1.0	7.0	38
攣	0.0400390625	0.58984375	0.049560546875	0.599365234375	-1.0	7.0	38
攤	0.7587890625	0.568115234375	0.7685546875	0.57763671875	-1.0	8.0	38
攥	0.8818359375	0.568115234375	0.8916015625	0.57763671875	-1.0	7.0	38
攪	0.3203125	0.311279296875	0.329833984375	0.321044921875	-1.0	7.0	38
攫	0.68701171875	0.170654296875	0.69677734375	0.180419921875	-1.0	7.0	38
攬	0.697265625	0.170654296875	0.70703125	0.180419921875	-1.0	7.0	38
攮	0.7177734375	0.17041015625	0.7275390625	0.18017578125	-1.0	7.0	38
支	0.350341796875	0.311279296875	0.35986328125	0.321044921875	-1.0	7.0	38
攴	0.46044921875	0.31103515625	0.469970703125	0.32080078125	-1.0	7.0	38
攵	0.54052734375	0.31103515625	0.550048828125	0.32080078125	-1.0	7.0	38
收	0.560546875	0.31103515625	0.570068359375	0.32080078125	0.0	7.0	38
攸	0.73828125	0.17041015625	0.748046875	0.18017578125	-1.0	7.0	38
改	0.610595703125	0.31103515625	0.6201171875	0.32080078125	0.0	7.0	38
攻	0.1845703125	0.482421875	0.1943359375	0.491943359375	-1.0	8.0	38
放	0.74853515625	0.17041015625	0.75830078125	0.18017578125	-1.0	7.0	38
政	0.779296875	0.17041015625	0.7890625	0.18017578125	-1.0	7.0	38
故	0.78955078125	0.17041015625	0.79931640625	0.18017578125	-1.0	7.0	38
效	0.7998046875	0.17041015625	0.8095703125	0.18017578125	-1.0	7.0	38
敉	0.81005859375	0.17041015625	0.81982421875	0.18017578125	-1.0	7.0	38
敌	0.83056640625	0.17041015625	0.84033203125	0.18017578125	-1.0	7.0	38
敏	0.8408203125	0.17041015625	0.8505859375	0.18017578125	-1.0	7.0	38
救	0.050048828125	0.58984375	0.0595703125	0.599365234375	-1.0	8.0	38
敔	0.87158203125	0.17041015625	0.88134765625	0.18017578125	-1.0	7.0	38
敕	0.8818359375	0.17041015625	0.8916015625	0.18017578125	-1.0	7.0	38
敖	0.89208984375	0.17041015625	0.90185546875	0.18017578125	-1.0	7.0	38
敗	0.90234375	0.17041015625	0.912109375	0.18017578125	-1.0	7.0	38
敘	0.9228515625	0.17041015625	0.9326171875	0.18017578125	-1.0	7.0	38
教	0.697265625	0.480712890625	0.70703125	0.490234375	-1.0	8.0	38
敛	0.93310546875	0.170166015625	0.94287109375	0.179931640625	-1.0	7.0	38
敝	0.74072265625	0.310546875	0.750244140625	0.3203125	0.0	7.0	38
敞	0.750732421875	0.310546875	0.76025390625	0.3203125	0.0	7.0	38
敢	0.97412109375	0.170166015625	0.98388671875	0.179931640625	-1.0	7.0	38
散	0.984375	0.170166015625	0.994140625	0.179931640625	-1.0	7.0	38
敦	0.01025390625	0.182373046875	0.02001953125	0.192138671875	-1.0	7.0	38
敫	0.0615234375	0.182373046875	0.0712890625	0.192138671875	-1.0	7.0	38
敬	0.07177734375	0.182373046875	0.08154296875	0.192138671875	-1.0	7.0	38
数	0.11279296875	0.182373046875	0.12255859375	0.192138671875	-1.0	7.0	38
敲	0.13330078125	0.182373046875	0.14306640625	0.192138671875	-1.0	7.0	38
整	0.27685546875	0.75390625	0.28662109375	0.76318359375	-1.0	7.0	38
敵	0.970947265625	0.310302734375	0.98046875	0.320068359375	0.0	7.0	38
敷	0.1435546875	0.182373046875	0.1533203125	0.192138671875	-1.0	7.0	38
數	0.21533203125	0.181640625	0.22509765625	0.19140625	-1.0	7.0	38
斂	0.2255859375	0.181396484375	0.2353515625	0.191162109375	-1.0	7.0	38
斃	0.23583984375	0.18115234375	0.24560546875	0.19091796875	-1.0	7.0	38
文	0.06005859375	0.58984375	0.069580078125	0.599365234375	-1.0	7.0	38
斋	0.18017578125	0.322509765625	0.189697265625	0.332275390625	-1.0	7.0	38
斌	0.31787109375	0.18115234375	0.32763671875	0.19091796875	-1.0	7.0	38
斐	0.328125	0.18115234375	0.337890625	0.19091796875	-1.0	7.0	38
斑	0.57421875	0.50048828125	0.583984375	0.510009765625	-1.0	7.0	38
斓	0.791015625	0.809814453125	0.80029296875	0.819091796875	-1.0	8.0	38
斕	0.810546875	0.809814453125	0.81982421875	0.819091796875	-1.0	8.0	38
斗	0.58056640625	0.781982421875	0.590087890625	0.791259765625	-1.0	8.0	38
料	0.33837890625	0.18115234375	0.34814453125	0.19091796875	-1.0	7.0	38
斛	0.369140625	0.180908203125	0.37890625	0.190673828125	-1.0	7.0	38
斜	0.39990234375	0.180908203125	0.40966796875	0.190673828125	-1.0	7.0	38
斟	0.451171875	0.180908203125	0.4609375	0.190673828125	-1.0	7.0	38
斡	0.4716796875	0.180908203125	0.4814453125	0.190673828125	-1.0	7.0	38
斤	0.570556640625	0.781982421875	0.580078125	0.791259765625	-1.0	9.0	38
斥	0.070068359375	0.58984375	0.07958984375	0.599365234375	-1.0	8.0	38
斧	0.52294921875	0.180908203125	0.53271484375	0.190673828125	-1.0	7.0	38
斩	0.533203125	0.180908203125	0.54296875	0.190673828125	-1.0	7.0	38
斫	0.39990234375	0.753662109375	0.40966796875	0.762939453125	-1.0	9.0	38
斬	0.970947265625	0.3203125	0.98046875	0.330078125	-1.0	7.0	38
断	0.322265625	0.656982421875	0.33154296875	0.66650390625	1.0	8.0	38
斯	0.56396484375	0.180908203125	0.57373046875	0.190673828125	-1.0	7.0	38
新	0.57421875	0.180908203125	0.583984375	0.190673828125	-1.0	7.0	38
斷	0.390625	0.65673828125	0.39990234375	0.666259765625	1.0	8.0	38
方	0.14013671875	0.33251953125	0.149658203125	0.34228515625	-1.0	7.0	38
於	0.58447265625	0.180908203125	0.59423828125	0.190673828125	-1.0	7.0	38
施	0.4306640625	0.52001953125	0.4404296875	0.529541015625	-1.0	7.0	38
旁	0.170166015625	0.33251953125	0.1796875	0.34228515625	-1.0	7.0	38
旃	0.5947265625	0.180908203125	0.6044921875	0.190673828125	-1.0	7.0	38
旄	0.52294921875	0.52978515625	0.53271484375	0.539306640625	-1.0	7.0	38
旅	0.60498046875	0.180908203125	0.61474609375	0.190673828125	-1.0	7.0	38
旆	0.190185546875	0.33251953125	0.19970703125	0.34228515625	-1.0	7.0	38
旋	0.615234375	0.180908203125	0.625	0.190673828125	-1.0	7.0	38
旌	0.58447265625	0.52978515625	0.59423828125	0.539306640625	-1.0	7.0	38
旎	0.65625	0.1806640625	0.666015625	0.1904296875	-1.0	7.0	38
族	0.66650390625	0.1806640625	0.67626953125	0.1904296875	-1.0	7.0	38
旒	0.6767578125	0.1806640625	0.6865234375	0.1904296875	-1.0	7.0	38
旖	0.8203125	0.529052734375	0.830078125	0.53857421875	-1.0	7.0	38
旗	0.68701171875	0.1806640625	0.69677734375	0.1904296875	-1.0	7.0	38
无	0.410400390625	0.867431640625	0.419921875	0.87646484375	-1.0	10.0	38
既	0.54052734375	0.781982421875	0.550048828125	0.791259765625	0.0	9.0	38
日	0.07421875	0.906005859375	0.081298828125	0.914794921875	4.0	10.0	38
旦	0.453125	0.904052734375	0.46240234375	0.91259765625	0.0	10.0	38
旧	0.951416015625	0.83837890625	0.959716796875	0.84765625	2.0	9.0	38
旨	0.990966796875	0.61669921875	0.99951171875	0.626220703125	3.0	8.0	38
早	0.530517578125	0.781982421875	0.5400390625	0.791259765625	-1.0	9.0	38
旬	0.6474609375	0.70556640625	0.656494140625	0.715087890625	-1.0	7.0	38
旭	0.85107421875	0.180419921875	0.86083984375	0.190185546875	-1.0	7.0	38
旮	0.570556640625	0.3310546875	0.580078125	0.3408203125	-1.0	7.0	38
旯	0.70751953125	0.753173828125	0.71728515625	0.762451171875	-1.0	9.0	38
旰	0.2080078125	0.896728515625	0.21728515625	0.905517578125	1.0	10.0	38
旱	0.490478515625	0.781982421875	0.5	0.791259765625	0.0	9.0	38
时	0.673828125	0.65673828125	0.68310546875	0.666259765625	0.0	7.0	38
旷	0.689453125	0.390869140625	0.69873046875	0.400634765625	1.0	7.0	38
旺	0.579345703125	0.90380859375	0.58837890625	0.912353515625	1.0	10.0	38
昀	0.0185546875	0.716796875	0.02734375	0.726318359375	1.0	7.0	38
昂	0.1669921875	0.8408203125	0.17578125	0.85009765625	1.0	9.0	38
昃	0.34033203125	0.7822265625	0.349853515625	0.79150390625	-1.0	9.0	38
昆	0.640869140625	0.87646484375	0.64990234375	0.885498046875	2.0	9.0	38
昇	0.290283203125	0.782470703125	0.2998046875	0.791748046875	-1.0	9.0	38
昊	0.2802734375	0.782470703125	0.289794921875	0.791748046875	-1.0	9.0	38
昌	0.968994140625	0.83837890625	0.97705078125	0.84765625	2.0	9.0	38
明	0.56494140625	0.839111328125	0.573486328125	0.848388671875	1.0	9.0	38
昏	0.04638671875	0.716796875	0.05517578125	0.726318359375	2.0	8.0	38
易	0.7783203125	0.8291015625	0.787353515625	0.83837890625	-1.0	9.0	38
昔	0.634765625	0.401123046875	0.64404296875	0.410888671875	0.0	7.0	38
昕	0.53076171875	0.82958984375	0.539794921875	0.8388671875	1.0	9.0	38
昙	0.44921875	0.820068359375	0.45849609375	0.829345703125	0.0	9.0	38
昝	0.97412109375	0.18017578125	0.98388671875	0.18994140625	-1.0	7.0	38
星	0.030029296875	0.89697265625	0.03955078125	0.90576171875	-1.0	9.0	38
映	0.830078125	0.400634765625	0.83935546875	0.410400390625	1.0	7.0	38
昤	0.3125	0.431396484375	0.32177734375	0.441162109375	1.0	7.0	38
春	0.68701171875	0.070556640625	0.69677734375	0.080322265625	-1.0	7.0	38
昧	0.263671875	0.411376953125	0.27294921875	0.421142578125	1.0	7.0	38
昨	0.283203125	0.411376953125	0.29248046875	0.421142578125	1.0	7.0	38
昭	0.10205078125	0.8408203125	0.11083984375	0.85009765625	1.0	9.0	38
是	0.205078125	0.7646484375	0.21484375	0.77392578125	-1.0	9.0	38
昱	0.8046875	0.885498046875	0.814208984375	0.894287109375	-1.0	9.0	38
昴	0.259765625	0.8408203125	0.2685546875	0.85009765625	0.0	9.0	38
昵	0.95556640625	0.80029296875	0.96484375	0.8095703125	1.0	9.0	38
昶	0.15380859375	0.5703125	0.16357421875	0.579833984375	-1.0	7.0	38
昼	0.512939453125	0.8857421875	0.522705078125	0.89453125	-1.0	9.0	38
显	0.694580078125	0.8857421875	0.7041015625	0.89453125	-1.0	9.0	38
晁	0.9609375	0.771728515625	0.970458984375	0.781005859375	-1.0	9.0	38
時	0.908203125	0.685302734375	0.91748046875	0.69482421875	1.0	7.0	38
晃	0.910888671875	0.771728515625	0.92041015625	0.781005859375	-1.0	9.0	38
晅	0.47265625	0.90380859375	0.48193359375	0.912353515625	1.0	10.0	38
晉	0.400390625	0.810791015625	0.40966796875	0.820068359375	0.0	9.0	38
晋	0.25390625	0.82177734375	0.26318359375	0.8310546875	0.0	9.0	38
晌	0.2412109375	0.461669921875	0.25	0.471435546875	1.0	7.0	38
晏	0.88720703125	0.80029296875	0.896484375	0.8095703125	0.0	9.0	38
晒	0.1982421875	0.896728515625	0.20751953125	0.905517578125	0.0	10.0	38
晓	0.01904296875	0.45263671875	0.028076171875	0.46240234375	1.0	7.0	38
晔	0.556640625	0.65673828125	0.56591796875	0.666259765625	1.0	8.0	38
晕	0.78076171875	0.771728515625	0.790283203125	0.781005859375	-1.0	9.0	38
晖	0.888671875	0.809814453125	0.89794921875	0.819091796875	1.0	9.0	38
晗	0.625	0.421142578125	0.63427734375	0.430908203125	1.0	7.0	38
晚	0.673828125	0.4208984375	0.68310546875	0.4306640625	1.0	7.0	38
晝	0.080078125	0.58984375	0.089599609375	0.599365234375	-1.0	7.0	38
晞	0.3125	0.656982421875	0.32177734375	0.66650390625	1.0	8.0	38
晟	0.770751953125	0.771728515625	0.7802734375	0.781005859375	-1.0	9.0	38
晡	0.888671875	0.420654296875	0.89794921875	0.430419921875	1.0	7.0	38
晤	0.244140625	0.812255859375	0.25341796875	0.821533203125	0.0	9.0	38
晦	0.087890625	0.658203125	0.09716796875	0.667724609375	1.0	7.0	38
晨	0.720703125	0.772216796875	0.730224609375	0.781494140625	-1.0	9.0	38
普	0.90087890625	0.33056640625	0.910400390625	0.34033203125	-1.0	7.0	38
景	0.526611328125	0.87646484375	0.53564453125	0.885498046875	0.0	9.0	38
晰	0.5078125	0.69580078125	0.51708984375	0.705322265625	1.0	8.0	38
晴	0.2734375	0.431396484375	0.28271484375	0.441162109375	1.0	7.0	38
晶	0.706298828125	0.87646484375	0.715087890625	0.885498046875	1.0	9.0	38
晷	0.287109375	0.744384765625	0.296875	0.753662109375	-1.0	9.0	38
智	0.29296875	0.431396484375	0.30224609375	0.441162109375	-1.0	7.0	38
晾	0.458984375	0.69580078125	0.46826171875	0.705322265625	0.0	7.0	38
暂	0.94091796875	0.330322265625	0.950439453125	0.340087890625	-1.0	7.0	38
暄	0.400390625	0.8203125	0.40966796875	0.82958984375	1.0	7.0	38
暇	0.58056640625	0.7724609375	0.590087890625	0.78173828125	0.0	9.0	38
暈	0.361328125	0.8203125	0.37060546875	0.82958984375	0.0	9.0	38
暉	0.263671875	0.821044921875	0.27294921875	0.830322265625	1.0	9.0	38
暌	0.517578125	0.421142578125	0.52685546875	0.430908203125	1.0	7.0	38
暍	0.715576171875	0.87646484375	0.724365234375	0.885498046875	1.0	9.0	38
暑	0.370361328125	0.772705078125	0.3798828125	0.781982421875	-1.0	9.0	38
暖	0.732421875	0.685546875	0.74169921875	0.695068359375	1.0	8.0	38
暗	0.673828125	0.68603515625	0.68310546875	0.695556640625	1.0	7.0	38
暘	0.966796875	0.809814453125	0.97607421875	0.819091796875	1.0	9.0	38
暝	0.33203125	0.876953125	0.34130859375	0.885986328125	0.0	10.0	38
暢	0.328125	0.391357421875	0.33740234375	0.401123046875	0.0	7.0	38
暧	0.068359375	0.831298828125	0.07763671875	0.840576171875	1.0	9.0	38
暨	0.02001953125	0.89697265625	0.029541015625	0.90576171875	-1.0	9.0	38
暫	0.080078125	0.342529296875	0.089599609375	0.352294921875	-1.0	7.0	38
暮	0.72802734375	0.1904296875	0.73779296875	0.2001953125	-1.0	7.0	38
暱	0.3251953125	0.8955078125	0.33447265625	0.904296875	0.0	9.0	38
暴	0.333984375	0.84912109375	0.34375	0.858154296875	-1.0	9.0	38
暸	0.205078125	0.66796875	0.21435546875	0.677490234375	1.0	7.0	38
暹	0.54345703125	0.75341796875	0.55322265625	0.7626953125	-1.0	8.0	38
暾	0.83984375	0.420654296875	0.84912109375	0.430419921875	0.0	7.0	38
曄	0.9765625	0.809814453125	0.98583984375	0.819091796875	1.0	8.0	38
曆	0.310302734375	0.77294921875	0.31982421875	0.7822265625	-1.0	9.0	38
曇	0.6005859375	0.79150390625	0.610107421875	0.80078125	-1.0	9.0	38
曉	0.72265625	0.656494140625	0.73193359375	0.666015625	1.0	8.0	38
曖	0.078125	0.697265625	0.08740234375	0.706787109375	1.0	8.0	38
曙	0.2734375	0.830322265625	0.28271484375	0.839599609375	0.0	9.0	38
曛	0.498046875	0.66650390625	0.50732421875	0.676025390625	0.0	8.0	38
曜	0.94580078125	0.80029296875	0.955078125	0.8095703125	1.0	9.0	38
曝	0.3125	0.876953125	0.32177734375	0.885986328125	0.0	9.0	38
曠	0.68359375	0.4208984375	0.69287109375	0.4306640625	0.0	7.0	38
曦	0.8984375	0.656005859375	0.90771484375	0.66552734375	0.0	7.0	38
曩	0.06005859375	0.774169921875	0.069580078125	0.783447265625	-1.0	9.0	38
曬	0.81884765625	0.80029296875	0.828125	0.8095703125	0.0	9.0	38
曰	0.066162109375	0.906005859375	0.07373046875	0.914794921875	3.0	10.0	38
曱	0.03369140625	0.850341796875	0.04150390625	0.859619140625	3.0	9.0	38
曲	0.39697265625	0.461181640625	0.4052734375	0.470947265625	2.0	7.0	38
曳	0.546875	0.43115234375	0.55615234375	0.44091796875	0.0	7.0	38
更	0.1845703125	0.736083984375	0.1943359375	0.745361328125	-1.0	9.0	38
曷	0.650390625	0.87646484375	0.659423828125	0.885498046875	-1.0	9.0	38
書	0.190185546875	0.342529296875	0.19970703125	0.352294921875	0.0	7.0	38
曹	0.9794921875	0.64599609375	0.98876953125	0.655517578125	0.0	8.0	38
曼	0.9208984375	0.646240234375	0.93017578125	0.65576171875	0.0	8.0	38
曾	0.990966796875	0.63623046875	0.99951171875	0.645751953125	1.0	7.0	38
替	0.22021484375	0.341796875	0.229736328125	0.3515625	-1.0	7.0	38
最	0.31787109375	0.763427734375	0.32763671875	0.772705078125	-1.0	9.0	38
會	0.250244140625	0.34130859375	0.259765625	0.35107421875	-1.0	7.0	38
月	0.9775390625	0.83837890625	0.985595703125	0.84765625	0.0	9.0	38
有	0.26025390625	0.34130859375	0.269775390625	0.35107421875	-1.0	7.0	38
朊	0.1025390625	0.85986328125	0.1123046875	0.868896484375	-1.0	10.0	38
朋	0.79736328125	0.828857421875	0.806396484375	0.838134765625	-1.0	9.0	38
服	0.8203125	0.752685546875	0.830078125	0.761962890625	-1.0	9.0	38
朐	0.654296875	0.43115234375	0.66357421875	0.44091796875	-1.0	7.0	38
朔	0.542724609375	0.451171875	0.5517578125	0.4609375	-1.0	7.0	38
朕	0.290283203125	0.34130859375	0.2998046875	0.35107421875	-1.0	7.0	38
朗	0.0	0.716796875	0.0087890625	0.726318359375	1.0	7.0	38
望	0.7421875	0.81982421875	0.75146484375	0.8291015625	0.0	7.0	38
朝	0.62841796875	0.451171875	0.637451171875	0.4609375	-1.0	7.0	38
期	0.44921875	0.65673828125	0.45849609375	0.666259765625	-1.0	8.0	38
朤	0.578369140625	0.82958984375	0.58740234375	0.8388671875	-1.0	9.0	38
朦	0.984375	0.190185546875	0.994140625	0.199951171875	-1.0	7.0	38
朧	0.01025390625	0.202392578125	0.02001953125	0.212158203125	-1.0	7.0	38
木	0.090087890625	0.58984375	0.099609375	0.599365234375	-1.0	7.0	38
未	0.03076171875	0.202392578125	0.04052734375	0.212158203125	-1.0	7.0	38
末	0.11279296875	0.202392578125	0.12255859375	0.212158203125	-1.0	7.0	38
本	0.3203125	0.34130859375	0.329833984375	0.35107421875	-1.0	7.0	38
札	0.123046875	0.202392578125	0.1328125	0.212158203125	-1.0	7.0	38
朮	0.3603515625	0.791748046875	0.369873046875	0.801025390625	-1.0	8.0	38
术	0.1640625	0.202392578125	0.173828125	0.212158203125	-1.0	7.0	38
朱	0.17431640625	0.202392578125	0.18408203125	0.212158203125	-1.0	7.0	38
朴	0.90234375	0.489990234375	0.912109375	0.49951171875	-1.0	8.0	38
朵	0.984375	0.7431640625	0.994140625	0.75244140625	-1.0	9.0	38
机	0.1845703125	0.202392578125	0.1943359375	0.212158203125	-1.0	7.0	38
朽	0.400390625	0.341064453125	0.409912109375	0.350830078125	-1.0	7.0	38
杀	0.7421875	0.810302734375	0.75146484375	0.819580078125	0.0	8.0	38
杂	0.123046875	0.501953125	0.1328125	0.511474609375	-1.0	7.0	38
权	0.21533203125	0.20166015625	0.22509765625	0.21142578125	-1.0	7.0	38
杆	0.4404296875	0.341064453125	0.449951171875	0.350830078125	-1.0	7.0	38
杈	0.205078125	0.501953125	0.21484375	0.511474609375	-1.0	8.0	38
杉	0.2255859375	0.201416015625	0.2353515625	0.211181640625	-1.0	7.0	38
杌	0.24609375	0.5009765625	0.255859375	0.510498046875	-1.0	8.0	38
李	0.10009765625	0.58984375	0.109619140625	0.599365234375	-1.0	7.0	38
杏	0.22021484375	0.793212890625	0.229736328125	0.802490234375	-1.0	8.0	38
材	0.25634765625	0.201171875	0.26611328125	0.2109375	-1.0	7.0	38
村	0.2666015625	0.201171875	0.2763671875	0.2109375	-1.0	7.0	38
杓	0.9404296875	0.646240234375	0.94970703125	0.65576171875	-1.0	7.0	38
杖	0.27685546875	0.201171875	0.28662109375	0.2109375	-1.0	7.0	38
杗	0.110107421875	0.58984375	0.11962890625	0.599365234375	-1.0	7.0	38
杜	0.83056640625	0.7431640625	0.84033203125	0.75244140625	-1.0	8.0	38
杞	0.779296875	0.7431640625	0.7890625	0.75244140625	-1.0	8.0	38
束	0.6005859375	0.341064453125	0.610107421875	0.350830078125	-1.0	7.0	38
杠	0.615234375	0.743896484375	0.625	0.753173828125	-1.0	8.0	38
条	0.6767578125	0.500244140625	0.6865234375	0.509765625	-1.0	7.0	38
来	0.3076171875	0.201171875	0.3173828125	0.2109375	-1.0	7.0	38
杨	0.60546875	0.69580078125	0.61474609375	0.705322265625	-1.0	8.0	38
杩	0.947265625	0.430419921875	0.95654296875	0.440185546875	-1.0	7.0	38
杪	0.72802734375	0.5	0.73779296875	0.509521484375	-1.0	8.0	38
杭	0.31787109375	0.201171875	0.32763671875	0.2109375	-1.0	7.0	38
杯	0.328125	0.201171875	0.337890625	0.2109375	-1.0	7.0	38
杰	0.1201171875	0.58984375	0.129638671875	0.599365234375	-1.0	8.0	38
東	0.33837890625	0.201171875	0.34814453125	0.2109375	-1.0	7.0	38
杲	0.46142578125	0.743896484375	0.47119140625	0.753173828125	-1.0	9.0	38
杳	0.984375	0.49951171875	0.994140625	0.509033203125	-1.0	7.0	38
杵	0.3486328125	0.201171875	0.3583984375	0.2109375	-1.0	7.0	38
杷	0.09228515625	0.51171875	0.10205078125	0.521240234375	-1.0	8.0	38
杼	0.130126953125	0.58984375	0.1396484375	0.599365234375	-1.0	8.0	38
松	0.123046875	0.51171875	0.1328125	0.521240234375	-1.0	8.0	38
板	0.35888671875	0.200927734375	0.36865234375	0.210693359375	-1.0	7.0	38
极	0.1435546875	0.51171875	0.1533203125	0.521240234375	-1.0	8.0	38
构	0.048828125	0.442626953125	0.05810546875	0.452392578125	-1.0	7.0	38
枇	0.37939453125	0.200927734375	0.38916015625	0.210693359375	-1.0	7.0	38
枉	0.21533203125	0.51171875	0.22509765625	0.521240234375	-1.0	7.0	38
枋	0.41015625	0.200927734375	0.419921875	0.210693359375	-1.0	7.0	38
析	0.27685546875	0.510498046875	0.28662109375	0.52001953125	-1.0	8.0	38
枓	0.42041015625	0.200927734375	0.43017578125	0.210693359375	-1.0	7.0	38
枕	0.31787109375	0.510498046875	0.32763671875	0.52001953125	-1.0	8.0	38
林	0.33837890625	0.510498046875	0.34814453125	0.52001953125	-1.0	8.0	38
枘	0.107421875	0.442626953125	0.11669921875	0.452392578125	-1.0	7.0	38
枚	0.3896484375	0.51025390625	0.3994140625	0.519775390625	-1.0	8.0	38
果	0.39990234375	0.744140625	0.40966796875	0.75341796875	-1.0	9.0	38
枝	0.44091796875	0.200927734375	0.45068359375	0.210693359375	-1.0	7.0	38
枞	0.451171875	0.200927734375	0.4609375	0.210693359375	-1.0	7.0	38
枢	0.14013671875	0.58984375	0.149658203125	0.599365234375	-1.0	8.0	38
枣	0.770751953125	0.340576171875	0.7802734375	0.350341796875	-1.0	7.0	38
枥	0.78076171875	0.340576171875	0.790283203125	0.350341796875	-1.0	7.0	38
枧	0.68701171875	0.510009765625	0.69677734375	0.51953125	-1.0	8.0	38
枨	0.5126953125	0.200927734375	0.5224609375	0.210693359375	-1.0	7.0	38
枪	0.54345703125	0.200927734375	0.55322265625	0.210693359375	-1.0	7.0	38
枫	0.5537109375	0.200927734375	0.5634765625	0.210693359375	-1.0	7.0	38
枭	0.21484375	0.442626953125	0.22412109375	0.452392578125	-1.0	7.0	38
枯	0.58447265625	0.200927734375	0.59423828125	0.210693359375	-1.0	7.0	38
枰	0.861328125	0.509521484375	0.87109375	0.51904296875	-1.0	8.0	38
枳	0.8818359375	0.509521484375	0.8916015625	0.51904296875	-1.0	8.0	38
枴	0.52734375	0.69580078125	0.53662109375	0.705322265625	-1.0	8.0	38
枵	0.5947265625	0.200927734375	0.6044921875	0.210693359375	-1.0	7.0	38
架	0.810791015625	0.340576171875	0.8203125	0.350341796875	-1.0	7.0	38
枷	0.263671875	0.44140625	0.27294921875	0.451171875	-1.0	7.0	38
枸	0.82080078125	0.340576171875	0.830322265625	0.350341796875	-1.0	7.0	38
柁	0.830810546875	0.340576171875	0.84033203125	0.350341796875	-1.0	7.0	38
柃	0.60498046875	0.200927734375	0.61474609375	0.210693359375	-1.0	7.0	38
柄	0.041015625	0.521484375	0.05078125	0.531005859375	-1.0	8.0	38
柏	0.2734375	0.44140625	0.28271484375	0.451171875	-1.0	7.0	38
某	0.850830078125	0.340576171875	0.8603515625	0.350341796875	-1.0	7.0	38
柑	0.86083984375	0.340576171875	0.870361328125	0.350341796875	-1.0	7.0	38
柒	0.870849609375	0.340576171875	0.88037109375	0.350341796875	-1.0	7.0	38
染	0.615234375	0.200927734375	0.625	0.210693359375	-1.0	7.0	38
柔	0.630615234375	0.781982421875	0.64013671875	0.791259765625	-1.0	9.0	38
柘	0.590576171875	0.781982421875	0.60009765625	0.791259765625	-1.0	8.0	38
柙	0.498046875	0.69580078125	0.50732421875	0.705322265625	-1.0	8.0	38
柚	0.48828125	0.69580078125	0.49755859375	0.705322265625	-1.0	8.0	38
柜	0.150146484375	0.58984375	0.15966796875	0.599365234375	-1.0	7.0	38
柝	0.16015625	0.58984375	0.169677734375	0.599365234375	-1.0	8.0	38
柞	0.39990234375	0.52001953125	0.40966796875	0.529541015625	-1.0	7.0	38
柠	0.6767578125	0.20068359375	0.6865234375	0.21044921875	-1.0	7.0	38
柢	0.44091796875	0.52001953125	0.45068359375	0.529541015625	-1.0	8.0	38
查	0.510498046875	0.781982421875	0.52001953125	0.791259765625	-1.0	7.0	38
柩	0.170166015625	0.58984375	0.1796875	0.599365234375	-1.0	8.0	38
柬	0.5537109375	0.52001953125	0.5634765625	0.529541015625	-1.0	7.0	38
柯	0.56396484375	0.52001953125	0.57373046875	0.529541015625	-1.0	8.0	38
柰	0.18017578125	0.58984375	0.189697265625	0.599365234375	-1.0	7.0	38
柱	0.70751953125	0.200439453125	0.71728515625	0.210205078125	-1.0	7.0	38
柳	0.41015625	0.69580078125	0.41943359375	0.705322265625	-1.0	8.0	38
柴	0.450439453125	0.781982421875	0.4599609375	0.791259765625	-1.0	8.0	38
柵	0.72802734375	0.51953125	0.73779296875	0.529052734375	-1.0	8.0	38
柽	0.74853515625	0.200439453125	0.75830078125	0.210205078125	-1.0	7.0	38
柿	0.94091796875	0.34033203125	0.950439453125	0.35009765625	-1.0	7.0	38
栀	0.7587890625	0.200439453125	0.7685546875	0.210205078125	-1.0	7.0	38
栅	0.76904296875	0.200439453125	0.77880859375	0.210205078125	-1.0	7.0	38
标	0.56396484375	0.52978515625	0.57373046875	0.539306640625	-1.0	7.0	38
栈	0.779296875	0.200439453125	0.7890625	0.210205078125	-1.0	7.0	38
栉	0.02001953125	0.3525390625	0.029541015625	0.3623046875	-1.0	7.0	38
栊	0.81005859375	0.200439453125	0.81982421875	0.210205078125	-1.0	7.0	38
栋	0.8203125	0.200439453125	0.830078125	0.210205078125	-1.0	7.0	38
栌	0.030029296875	0.3525390625	0.03955078125	0.3623046875	-1.0	7.0	38
栎	0.6767578125	0.529541015625	0.6865234375	0.5390625	-1.0	8.0	38
栏	0.050048828125	0.3525390625	0.0595703125	0.3623046875	-1.0	7.0	38
树	0.83056640625	0.200439453125	0.84033203125	0.210205078125	-1.0	7.0	38
栓	0.8408203125	0.200439453125	0.8505859375	0.210205078125	-1.0	7.0	38
栖	0.190185546875	0.58984375	0.19970703125	0.599365234375	-1.0	7.0	38
栗	0.240234375	0.78369140625	0.249755859375	0.79296875	-1.0	9.0	38
栘	0.080078125	0.3525390625	0.089599609375	0.3623046875	-1.0	7.0	38
栝	0.2001953125	0.58984375	0.209716796875	0.599365234375	-1.0	8.0	38
校	0.090087890625	0.3525390625	0.099609375	0.3623046875	-1.0	7.0	38
栩	0.791015625	0.440673828125	0.80029296875	0.450439453125	-1.0	7.0	38
株	0.87158203125	0.200439453125	0.88134765625	0.210205078125	-1.0	7.0	38
栲	0.8818359375	0.200439453125	0.8916015625	0.210205078125	-1.0	7.0	38
栳	0.91259765625	0.200439453125	0.92236328125	0.210205078125	-1.0	7.0	38
样	0.240234375	0.351318359375	0.249755859375	0.361083984375	-1.0	7.0	38
核	0.9228515625	0.200439453125	0.9326171875	0.210205078125	-1.0	7.0	38
根	0.123046875	0.541015625	0.1328125	0.550537109375	-1.0	8.0	38
格	0.93310546875	0.2001953125	0.94287109375	0.2099609375	-1.0	7.0	38
栽	0.943359375	0.2001953125	0.953125	0.2099609375	-1.0	7.0	38
栾	0.95361328125	0.2001953125	0.96337890625	0.2099609375	-1.0	7.0	38
桀	0.9638671875	0.2001953125	0.9736328125	0.2099609375	-1.0	7.0	38
桁	0.97412109375	0.2001953125	0.98388671875	0.2099609375	-1.0	7.0	38
桂	0.37939453125	0.539794921875	0.38916015625	0.54931640625	-1.0	8.0	38
桃	0.0	0.21240234375	0.009765625	0.22216796875	-1.0	7.0	38
桄	0.39990234375	0.53955078125	0.40966796875	0.549072265625	-1.0	8.0	38
桅	0.01025390625	0.21240234375	0.02001953125	0.22216796875	-1.0	7.0	38
框	0.3203125	0.351318359375	0.329833984375	0.361083984375	-1.0	7.0	38
案	0.0205078125	0.21240234375	0.0302734375	0.22216796875	-1.0	7.0	38
桉	0.34033203125	0.351318359375	0.349853515625	0.361083984375	-1.0	7.0	38
桊	0.03076171875	0.21240234375	0.04052734375	0.22216796875	-1.0	7.0	38
桌	0.041015625	0.21240234375	0.05078125	0.22216796875	-1.0	7.0	38
桎	0.615234375	0.53955078125	0.625	0.549072265625	-1.0	8.0	38
桐	0.341796875	0.696044921875	0.35107421875	0.70556640625	-1.0	8.0	38
桑	0.210205078125	0.58984375	0.2197265625	0.599365234375	-1.0	8.0	38
桓	0.65625	0.53955078125	0.666015625	0.549072265625	-1.0	8.0	38
桔	0.430419921875	0.35107421875	0.43994140625	0.36083984375	-1.0	7.0	38
桕	0.6015625	0.39111328125	0.61083984375	0.40087890625	-1.0	7.0	38
桠	0.78955078125	0.538818359375	0.79931640625	0.54833984375	-1.0	8.0	38
桡	0.08203125	0.21240234375	0.091796875	0.22216796875	-1.0	7.0	38
桢	0.470458984375	0.35107421875	0.47998046875	0.36083984375	-1.0	7.0	38
档	0.8818359375	0.538818359375	0.8916015625	0.54833984375	-1.0	8.0	38
桤	0.95361328125	0.538818359375	0.96337890625	0.54833984375	-1.0	8.0	38
桥	0.984375	0.53857421875	0.994140625	0.548095703125	-1.0	8.0	38
桦	0.0	0.55078125	0.009765625	0.560302734375	-1.0	8.0	38
桧	0.09228515625	0.21240234375	0.10205078125	0.22216796875	-1.0	7.0	38
桨	0.123046875	0.21240234375	0.1328125	0.22216796875	-1.0	7.0	38
桩	0.48046875	0.35107421875	0.489990234375	0.36083984375	-1.0	7.0	38
桫	0.13330078125	0.21240234375	0.14306640625	0.22216796875	-1.0	7.0	38
桴	0.1435546875	0.21240234375	0.1533203125	0.22216796875	-1.0	7.0	38
桶	0.244140625	0.696533203125	0.25341796875	0.7060546875	-1.0	8.0	38
桷	0.234375	0.401611328125	0.24365234375	0.411376953125	-1.0	7.0	38
桿	0.490478515625	0.35107421875	0.5	0.36083984375	-1.0	7.0	38
梁	0.19482421875	0.21240234375	0.20458984375	0.22216796875	-1.0	7.0	38
梂	0.29736328125	0.549560546875	0.30712890625	0.55908203125	-1.0	8.0	38
梃	0.205078125	0.21240234375	0.21484375	0.22216796875	-1.0	7.0	38
梅	0.21533203125	0.211669921875	0.22509765625	0.221435546875	-1.0	7.0	38
梆	0.530517578125	0.35107421875	0.5400390625	0.36083984375	-1.0	7.0	38
梏	0.23583984375	0.211181640625	0.24560546875	0.220947265625	-1.0	7.0	38
梓	0.25634765625	0.211181640625	0.26611328125	0.220947265625	-1.0	7.0	38
梔	0.2666015625	0.211181640625	0.2763671875	0.220947265625	-1.0	7.0	38
梗	0.5126953125	0.54931640625	0.5224609375	0.558837890625	-1.0	8.0	38
條	0.27685546875	0.211181640625	0.28662109375	0.220947265625	-1.0	7.0	38
梟	0.590576171875	0.35107421875	0.60009765625	0.36083984375	-1.0	7.0	38
梡	0.3076171875	0.211181640625	0.3173828125	0.220947265625	-1.0	7.0	38
梢	0.610595703125	0.35107421875	0.6201171875	0.36083984375	-1.0	7.0	38
梦	0.31787109375	0.211181640625	0.32763671875	0.220947265625	-1.0	7.0	38
梧	0.72802734375	0.548828125	0.73779296875	0.558349609375	-1.0	8.0	38
梨	0.74853515625	0.548583984375	0.75830078125	0.55810546875	-1.0	8.0	38
梭	0.328125	0.211181640625	0.337890625	0.220947265625	-1.0	7.0	38
梯	0.66064453125	0.350830078125	0.670166015625	0.360595703125	-1.0	7.0	38
械	0.83056640625	0.548583984375	0.84033203125	0.55810546875	-1.0	8.0	38
梱	0.712890625	0.40087890625	0.72216796875	0.41064453125	-1.0	7.0	38
梳	0.33837890625	0.211181640625	0.34814453125	0.220947265625	-1.0	7.0	38
梵	0.3486328125	0.211181640625	0.3583984375	0.220947265625	-1.0	7.0	38
检	0.91259765625	0.548583984375	0.92236328125	0.55810546875	-1.0	8.0	38
棂	0.35888671875	0.2109375	0.36865234375	0.220703125	-1.0	7.0	38
棄	0.70068359375	0.350830078125	0.710205078125	0.360595703125	-1.0	7.0	38
棉	0.771484375	0.400634765625	0.78076171875	0.410400390625	-1.0	7.0	38
棋	0.369140625	0.2109375	0.37890625	0.220703125	-1.0	7.0	38
棍	0.3896484375	0.2109375	0.3994140625	0.220703125	-1.0	7.0	38
棒	0.39990234375	0.2109375	0.40966796875	0.220703125	-1.0	7.0	38
棕	0.42041015625	0.2109375	0.43017578125	0.220703125	-1.0	7.0	38
棗	0.790771484375	0.3505859375	0.80029296875	0.3603515625	-1.0	7.0	38
棘	0.22021484375	0.58984375	0.229736328125	0.599365234375	-1.0	8.0	38
棚	0.8984375	0.400634765625	0.90771484375	0.410400390625	-1.0	7.0	38
棟	0.4306640625	0.2109375	0.4404296875	0.220703125	-1.0	7.0	38
棠	0.44091796875	0.2109375	0.45068359375	0.220703125	-1.0	7.0	38
棣	0.451171875	0.2109375	0.4609375	0.220703125	-1.0	7.0	38
棧	0.4716796875	0.2109375	0.4814453125	0.220703125	-1.0	7.0	38
森	0.48193359375	0.2109375	0.49169921875	0.220703125	-1.0	7.0	38
棰	0.50244140625	0.2109375	0.51220703125	0.220703125	-1.0	7.0	38
棱	0.5126953125	0.2109375	0.5224609375	0.220703125	-1.0	7.0	38
棲	0.52294921875	0.2109375	0.53271484375	0.220703125	-1.0	7.0	38
棵	0.2666015625	0.559326171875	0.2763671875	0.56884765625	-1.0	8.0	38
棹	0.56396484375	0.2109375	0.57373046875	0.220703125	-1.0	7.0	38
棺	0.810791015625	0.3505859375	0.8203125	0.3603515625	-1.0	7.0	38
棻	0.230224609375	0.58984375	0.23974609375	0.599365234375	-1.0	7.0	38
棼	0.240234375	0.589111328125	0.249755859375	0.5986328125	-1.0	8.0	38
椁	0.58447265625	0.2109375	0.59423828125	0.220703125	-1.0	7.0	38
椅	0.5947265625	0.2109375	0.6044921875	0.220703125	-1.0	7.0	38
椋	0.615234375	0.2109375	0.625	0.220703125	-1.0	7.0	38
植	0.62548828125	0.2109375	0.63525390625	0.220703125	-1.0	7.0	38
椎	0.65625	0.210693359375	0.666015625	0.220458984375	-1.0	7.0	38
椐	0.5126953125	0.55908203125	0.5224609375	0.568603515625	-1.0	8.0	38
椒	0.533203125	0.55908203125	0.54296875	0.568603515625	-1.0	8.0	38
椟	0.6767578125	0.210693359375	0.6865234375	0.220458984375	-1.0	7.0	38
椠	0.68701171875	0.210693359375	0.69677734375	0.220458984375	-1.0	7.0	38
椤	0.205078125	0.41259765625	0.21435546875	0.42236328125	-1.0	7.0	38
椭	0.890869140625	0.3505859375	0.900390625	0.3603515625	-1.0	7.0	38
椰	0.910888671875	0.3505859375	0.92041015625	0.3603515625	-1.0	7.0	38
椴	0.73828125	0.558349609375	0.748046875	0.56787109375	-1.0	8.0	38
椹	0.697265625	0.210693359375	0.70703125	0.220458984375	-1.0	7.0	38
椽	0.861328125	0.558349609375	0.87109375	0.56787109375	-1.0	8.0	38
椿	0.70751953125	0.21044921875	0.71728515625	0.22021484375	-1.0	7.0	38
楂	0.7177734375	0.21044921875	0.7275390625	0.22021484375	-1.0	7.0	38
楊	0.72802734375	0.21044921875	0.73779296875	0.22021484375	-1.0	7.0	38
楓	0.73828125	0.21044921875	0.748046875	0.22021484375	-1.0	7.0	38
楔	0.76904296875	0.21044921875	0.77880859375	0.22021484375	-1.0	7.0	38
楗	0.78955078125	0.21044921875	0.79931640625	0.22021484375	-1.0	7.0	38
楚	0.984375	0.55810546875	0.994140625	0.567626953125	-1.0	8.0	38
楛	0.05126953125	0.5703125	0.06103515625	0.579833984375	-1.0	8.0	38
楝	0.7998046875	0.21044921875	0.8095703125	0.22021484375	-1.0	7.0	38
楞	0.210205078125	0.362548828125	0.2197265625	0.372314453125	-1.0	7.0	38
楠	0.230224609375	0.361572265625	0.23974609375	0.371337890625	-1.0	7.0	38
楣	0.224609375	0.697265625	0.23388671875	0.706787109375	-1.0	8.0	38
楦	0.83056640625	0.21044921875	0.84033203125	0.22021484375	-1.0	7.0	38
楨	0.8408203125	0.21044921875	0.8505859375	0.22021484375	-1.0	7.0	38
楫	0.240234375	0.361328125	0.249755859375	0.37109375	-1.0	7.0	38
業	0.26025390625	0.361328125	0.269775390625	0.37109375	-1.0	7.0	38
楮	0.2802734375	0.361328125	0.289794921875	0.37109375	-1.0	7.0	38
楱	0.85107421875	0.21044921875	0.86083984375	0.22021484375	-1.0	7.0	38
極	0.250244140625	0.5888671875	0.259765625	0.598388671875	-1.0	8.0	38
楷	0.861328125	0.21044921875	0.87109375	0.22021484375	-1.0	7.0	38
楸	0.42041015625	0.56884765625	0.43017578125	0.578369140625	-1.0	8.0	38
楹	0.8818359375	0.21044921875	0.8916015625	0.22021484375	-1.0	7.0	38
楼	0.89208984375	0.21044921875	0.90185546875	0.22021484375	-1.0	7.0	38
榀	0.3125	0.42138671875	0.32177734375	0.43115234375	-1.0	7.0	38
概	0.90234375	0.21044921875	0.912109375	0.22021484375	-1.0	7.0	38
榄	0.350341796875	0.361328125	0.35986328125	0.37109375	-1.0	7.0	38
榆	0.9228515625	0.21044921875	0.9326171875	0.22021484375	-1.0	7.0	38
榇	0.93310546875	0.210205078125	0.94287109375	0.219970703125	-1.0	7.0	38
榈	0.341796875	0.42138671875	0.35107421875	0.43115234375	-1.0	7.0	38
榉	0.943359375	0.210205078125	0.953125	0.219970703125	-1.0	7.0	38
榍	0.17578125	0.697265625	0.18505859375	0.706787109375	-1.0	8.0	38
榔	0.38037109375	0.361083984375	0.389892578125	0.370849609375	-1.0	7.0	38
榕	0.9638671875	0.210205078125	0.9736328125	0.219970703125	-1.0	7.0	38
榘	0.390380859375	0.361083984375	0.39990234375	0.370849609375	-1.0	7.0	38
榛	0.97412109375	0.210205078125	0.98388671875	0.219970703125	-1.0	7.0	38
榜	0.410400390625	0.361083984375	0.419921875	0.370849609375	-1.0	7.0	38
榣	0.74853515625	0.568115234375	0.75830078125	0.57763671875	-1.0	8.0	38
榦	0.984375	0.210205078125	0.994140625	0.219970703125	-1.0	7.0	38
榧	0.4404296875	0.361083984375	0.449951171875	0.370849609375	-1.0	7.0	38
榨	0.470458984375	0.361083984375	0.47998046875	0.370849609375	-1.0	7.0	38
榫	0.0	0.222412109375	0.009765625	0.232177734375	-1.0	7.0	38
榭	0.01025390625	0.222412109375	0.02001953125	0.232177734375	-1.0	7.0	38
榮	0.861328125	0.568115234375	0.87109375	0.57763671875	-1.0	7.0	38
榱	0.0205078125	0.222412109375	0.0302734375	0.232177734375	-1.0	7.0	38
榴	0.26025390625	0.588623046875	0.269775390625	0.59814453125	-1.0	8.0	38
榷	0.50048828125	0.361083984375	0.510009765625	0.370849609375	-1.0	7.0	38
榻	0.104736328125	0.45263671875	0.11376953125	0.46240234375	-1.0	7.0	38
槁	0.5205078125	0.361083984375	0.530029296875	0.370849609375	-1.0	7.0	38
槃	0.530517578125	0.361083984375	0.5400390625	0.370849609375	-1.0	7.0	38
槊	0.560546875	0.361083984375	0.570068359375	0.370849609375	-1.0	7.0	38
構	0.01025390625	0.580078125	0.02001953125	0.589599609375	-1.0	8.0	38
槌	0.03076171875	0.222412109375	0.04052734375	0.232177734375	-1.0	7.0	38
槍	0.041015625	0.222412109375	0.05078125	0.232177734375	-1.0	7.0	38
槎	0.05126953125	0.222412109375	0.06103515625	0.232177734375	-1.0	7.0	38
槐	0.07177734375	0.222412109375	0.08154296875	0.232177734375	-1.0	7.0	38
槓	0.08203125	0.580078125	0.091796875	0.589599609375	-1.0	8.0	38
槔	0.08203125	0.222412109375	0.091796875	0.232177734375	-1.0	7.0	38
槛	0.09228515625	0.222412109375	0.10205078125	0.232177734375	-1.0	7.0	38
槟	0.1025390625	0.222412109375	0.1123046875	0.232177734375	-1.0	7.0	38
槠	0.13330078125	0.222412109375	0.14306640625	0.232177734375	-1.0	7.0	38
槨	0.650634765625	0.36083984375	0.66015625	0.37060546875	-1.0	7.0	38
槭	0.1435546875	0.222412109375	0.1533203125	0.232177734375	-1.0	7.0	38
槲	0.15380859375	0.222412109375	0.16357421875	0.232177734375	-1.0	7.0	38
槳	0.670654296875	0.36083984375	0.68017578125	0.37060546875	-1.0	7.0	38
槽	0.690673828125	0.36083984375	0.7001953125	0.37060546875	-1.0	7.0	38
槿	0.17431640625	0.222412109375	0.18408203125	0.232177734375	-1.0	7.0	38
樁	0.19482421875	0.222412109375	0.20458984375	0.232177734375	-1.0	7.0	38
樂	0.270263671875	0.588623046875	0.27978515625	0.59814453125	-1.0	7.0	38
樅	0.205078125	0.222412109375	0.21484375	0.232177734375	-1.0	7.0	38
樊	0.2802734375	0.588623046875	0.289794921875	0.59814453125	-1.0	8.0	38
樑	0.42041015625	0.57861328125	0.43017578125	0.588134765625	-1.0	8.0	38
樓	0.2255859375	0.221435546875	0.2353515625	0.231201171875	-1.0	7.0	38
樗	0.74072265625	0.360595703125	0.750244140625	0.370361328125	-1.0	7.0	38
樘	0.24609375	0.22119140625	0.255859375	0.23095703125	-1.0	7.0	38
標	0.25634765625	0.22119140625	0.26611328125	0.23095703125	-1.0	7.0	38
樞	0.290283203125	0.588623046875	0.2998046875	0.59814453125	-1.0	8.0	38
樟	0.287109375	0.22119140625	0.296875	0.23095703125	-1.0	7.0	38
模	0.29736328125	0.22119140625	0.30712890625	0.23095703125	-1.0	7.0	38
樣	0.31787109375	0.22119140625	0.32763671875	0.23095703125	-1.0	7.0	38
樨	0.3486328125	0.22119140625	0.3583984375	0.23095703125	-1.0	7.0	38
横	0.03076171875	0.482421875	0.04052734375	0.491943359375	-1.0	7.0	38
樯	0.369140625	0.220947265625	0.37890625	0.230712890625	-1.0	7.0	38
樱	0.37939453125	0.220947265625	0.38916015625	0.230712890625	-1.0	7.0	38
樵	0.3896484375	0.220947265625	0.3994140625	0.230712890625	-1.0	7.0	38
樸	0.41015625	0.220947265625	0.419921875	0.230712890625	-1.0	7.0	38
樹	0.4306640625	0.220947265625	0.4404296875	0.230712890625	-1.0	7.0	38
樺	0.44091796875	0.220947265625	0.45068359375	0.230712890625	-1.0	7.0	38
樽	0.46142578125	0.220947265625	0.47119140625	0.230712890625	-1.0	7.0	38
樾	0.4921875	0.220947265625	0.501953125	0.230712890625	-1.0	7.0	38
橄	0.533203125	0.220947265625	0.54296875	0.230712890625	-1.0	7.0	38
橇	0.09228515625	0.482421875	0.10205078125	0.491943359375	-1.0	8.0	38
橈	0.5537109375	0.220947265625	0.5634765625	0.230712890625	-1.0	7.0	38
橋	0.56396484375	0.220947265625	0.57373046875	0.230712890625	-1.0	7.0	38
橐	0.850830078125	0.360595703125	0.8603515625	0.370361328125	-1.0	7.0	38
橘	0.86083984375	0.360595703125	0.870361328125	0.370361328125	-1.0	7.0	38
橙	0.11279296875	0.482421875	0.12255859375	0.491943359375	-1.0	7.0	38
橛	0.58447265625	0.220947265625	0.59423828125	0.230712890625	-1.0	7.0	38
機	0.5947265625	0.220947265625	0.6044921875	0.230712890625	-1.0	7.0	38
橡	0.60498046875	0.220947265625	0.61474609375	0.230712890625	-1.0	7.0	38
橢	0.880859375	0.360595703125	0.890380859375	0.370361328125	-1.0	7.0	38
橥	0.90087890625	0.360595703125	0.910400390625	0.370361328125	-1.0	7.0	38
橫	0.6357421875	0.220947265625	0.6455078125	0.230712890625	-1.0	7.0	38
橱	0.30029296875	0.588623046875	0.309814453125	0.59814453125	-1.0	8.0	38
橹	0.64599609375	0.220703125	0.65576171875	0.23046875	-1.0	7.0	38
橼	0.65625	0.220703125	0.666015625	0.23046875	-1.0	7.0	38
橾	0.19482421875	0.482421875	0.20458984375	0.491943359375	-1.0	8.0	38
檀	0.66650390625	0.220703125	0.67626953125	0.23046875	-1.0	7.0	38
檄	0.6767578125	0.220703125	0.6865234375	0.23046875	-1.0	7.0	38
檎	0.697265625	0.220703125	0.70703125	0.23046875	-1.0	7.0	38
檐	0.9609375	0.3603515625	0.970458984375	0.3701171875	-1.0	7.0	38
檑	0.970947265625	0.3603515625	0.98046875	0.3701171875	-1.0	7.0	38
檔	0.98095703125	0.3603515625	0.990478515625	0.3701171875	-1.0	7.0	38
檗	0.70751953125	0.220458984375	0.71728515625	0.230224609375	-1.0	7.0	38
檜	0.7177734375	0.220458984375	0.7275390625	0.230224609375	-1.0	7.0	38
檠	0.72802734375	0.220458984375	0.73779296875	0.230224609375	-1.0	7.0	38
檢	0.73828125	0.220458984375	0.748046875	0.230224609375	-1.0	7.0	38
檣	0.23583984375	0.481689453125	0.24560546875	0.4912109375	-1.0	8.0	38
檩	0.74853515625	0.220458984375	0.75830078125	0.230224609375	-1.0	7.0	38
檫	0.7587890625	0.220458984375	0.7685546875	0.230224609375	-1.0	7.0	38
檬	0.76904296875	0.220458984375	0.77880859375	0.230224609375	-1.0	7.0	38
檮	0.779296875	0.220458984375	0.7890625	0.230224609375	-1.0	7.0	38
檯	0.78955078125	0.220458984375	0.79931640625	0.230224609375	-1.0	7.0	38
檳	0.8203125	0.220458984375	0.830078125	0.230224609375	-1.0	7.0	38
檸	0.83056640625	0.220458984375	0.84033203125	0.230224609375	-1.0	7.0	38
檻	0.85107421875	0.220458984375	0.86083984375	0.230224609375	-1.0	7.0	38
櫂	0.861328125	0.220458984375	0.87109375	0.230224609375	-1.0	7.0	38
櫃	0.87158203125	0.220458984375	0.88134765625	0.230224609375	-1.0	7.0	38
櫓	0.8818359375	0.220458984375	0.8916015625	0.230224609375	-1.0	7.0	38
櫚	0.05859375	0.4326171875	0.06787109375	0.4423828125	-1.0	7.0	38
櫛	0.070068359375	0.37255859375	0.07958984375	0.38232421875	-1.0	7.0	38
櫝	0.89208984375	0.220458984375	0.90185546875	0.230224609375	-1.0	7.0	38
櫥	0.90234375	0.220458984375	0.912109375	0.230224609375	-1.0	7.0	38
櫬	0.91259765625	0.220458984375	0.92236328125	0.230224609375	-1.0	7.0	38
櫺	0.310302734375	0.588623046875	0.31982421875	0.59814453125	-1.0	8.0	38
櫻	0.10009765625	0.37255859375	0.109619140625	0.38232421875	-1.0	7.0	38
欄	0.390625	0.421142578125	0.39990234375	0.430908203125	-1.0	7.0	38
權	0.110107421875	0.37255859375	0.11962890625	0.38232421875	-1.0	7.0	38
欐	0.9228515625	0.220458984375	0.9326171875	0.230224609375	-1.0	7.0	38
欖	0.93310546875	0.22021484375	0.94287109375	0.22998046875	-1.0	7.0	38
欠	0.943359375	0.22021484375	0.953125	0.22998046875	-1.0	7.0	38
次	0.95361328125	0.22021484375	0.96337890625	0.22998046875	-1.0	7.0	38
欢	0.9638671875	0.22021484375	0.9736328125	0.22998046875	-1.0	7.0	38
欣	0.984375	0.22021484375	0.994140625	0.22998046875	-1.0	7.0	38
欤	0.35888671875	0.481201171875	0.36865234375	0.49072265625	-1.0	8.0	38
欧	0.625	0.4111328125	0.63427734375	0.4208984375	1.0	7.0	38
欲	0.0	0.232421875	0.009765625	0.2421875	-1.0	7.0	38
欷	0.37939453125	0.481201171875	0.38916015625	0.49072265625	-1.0	8.0	38
欹	0.150146484375	0.37255859375	0.15966796875	0.38232421875	-1.0	7.0	38
欺	0.01025390625	0.232421875	0.02001953125	0.2421875	-1.0	7.0	38
欽	0.0205078125	0.232421875	0.0302734375	0.2421875	-1.0	7.0	38
款	0.03076171875	0.232421875	0.04052734375	0.2421875	-1.0	7.0	38
歃	0.18017578125	0.37255859375	0.189697265625	0.38232421875	-1.0	7.0	38
歆	0.0615234375	0.232421875	0.0712890625	0.2421875	-1.0	7.0	38
歇	0.1025390625	0.232421875	0.1123046875	0.2421875	-1.0	7.0	38
歉	0.2001953125	0.37255859375	0.209716796875	0.38232421875	-1.0	7.0	38
歌	0.1435546875	0.232421875	0.1533203125	0.2421875	-1.0	7.0	38
歎	0.240234375	0.371337890625	0.249755859375	0.381103515625	-1.0	7.0	38
歐	0.166015625	0.697265625	0.17529296875	0.706787109375	1.0	8.0	38
歙	0.17431640625	0.232421875	0.18408203125	0.2421875	-1.0	7.0	38
歜	0.3203125	0.588623046875	0.329833984375	0.59814453125	-1.0	8.0	38
歟	0.330322265625	0.588623046875	0.33984375	0.59814453125	-1.0	8.0	38
歡	0.19482421875	0.232421875	0.20458984375	0.2421875	-1.0	7.0	38
止	0.92333984375	0.857177734375	0.932861328125	0.8662109375	-1.0	7.0	38
正	0.455322265625	0.912841796875	0.465087890625	0.921142578125	-1.0	10.0	38
此	0.850830078125	0.771728515625	0.8603515625	0.781005859375	-1.0	7.0	38
步	0.2802734375	0.371337890625	0.289794921875	0.381103515625	0.0	7.0	38
武	0.730712890625	0.772216796875	0.740234375	0.781494140625	-1.0	8.0	38
歧	0.58447265625	0.48095703125	0.59423828125	0.490478515625	-1.0	8.0	38
歪	0.793212890625	0.857421875	0.802734375	0.866455078125	-1.0	9.0	38
歲	0.24609375	0.231201171875	0.255859375	0.240966796875	-1.0	7.0	38
歷	0.3076171875	0.73486328125	0.3173828125	0.744140625	-1.0	9.0	38
歸	0.34033203125	0.371337890625	0.349853515625	0.381103515625	-1.0	7.0	38
歹	0.01953125	0.87841796875	0.02880859375	0.887451171875	-1.0	10.0	38
死	0.75439453125	0.848388671875	0.76416015625	0.857421875	-1.0	10.0	38
歼	0.95361328125	0.752685546875	0.96337890625	0.761962890625	-1.0	9.0	38
歿	0.29736328125	0.231201171875	0.30712890625	0.240966796875	-1.0	7.0	38
殁	0.90234375	0.752685546875	0.912109375	0.761962890625	-1.0	9.0	38
殂	0.564208984375	0.8857421875	0.573974609375	0.89453125	-1.0	10.0	38
殃	0.3486328125	0.231201171875	0.3583984375	0.240966796875	-1.0	7.0	38
殄	0.70751953125	0.480712890625	0.71728515625	0.490234375	-1.0	8.0	38
殆	0.37939453125	0.23095703125	0.38916015625	0.24072265625	-1.0	7.0	38
殇	0.390380859375	0.37109375	0.39990234375	0.380859375	-1.0	7.0	38
殉	0.703125	0.685791015625	0.71240234375	0.6953125	-1.0	7.0	38
殊	0.41015625	0.23095703125	0.419921875	0.24072265625	-1.0	7.0	38
残	0.34033203125	0.588623046875	0.349853515625	0.59814453125	-1.0	7.0	38
殍	0.82080078125	0.866455078125	0.830322265625	0.87548828125	-1.0	9.0	38
殒	0.0205078125	0.755126953125	0.0302734375	0.764404296875	-1.0	9.0	38
殓	0.78955078125	0.480224609375	0.79931640625	0.48974609375	-1.0	8.0	38
殖	0.44091796875	0.23095703125	0.45068359375	0.24072265625	-1.0	7.0	38
殘	0.46142578125	0.23095703125	0.47119140625	0.24072265625	-1.0	7.0	38
殚	0.4716796875	0.23095703125	0.4814453125	0.24072265625	-1.0	7.0	38
殛	0.70068359375	0.8671875	0.710205078125	0.876220703125	-1.0	9.0	38
殡	0.4921875	0.23095703125	0.501953125	0.24072265625	-1.0	7.0	38
殤	0.52294921875	0.23095703125	0.53271484375	0.24072265625	-1.0	7.0	38
殪	0.91015625	0.76220703125	0.919677734375	0.771484375	-1.0	8.0	38
殮	0.87158203125	0.480224609375	0.88134765625	0.48974609375	-1.0	8.0	38
殯	0.54345703125	0.23095703125	0.55322265625	0.24072265625	-1.0	7.0	38
殲	0.5537109375	0.23095703125	0.5634765625	0.24072265625	-1.0	7.0	38
殳	0.840087890625	0.76220703125	0.849609375	0.771484375	-1.0	9.0	38
殴	0.83984375	0.809814453125	0.84912109375	0.819091796875	1.0	9.0	38
段	0.9228515625	0.480224609375	0.9326171875	0.48974609375	-1.0	8.0	38
殷	0.93310546875	0.480224609375	0.94287109375	0.48974609375	-1.0	8.0	38
殺	0.943359375	0.480224609375	0.953125	0.48974609375	-1.0	8.0	38
殼	0.350341796875	0.588623046875	0.35986328125	0.59814453125	0.0	8.0	38
殿	0.56396484375	0.743896484375	0.57373046875	0.753173828125	-1.0	9.0	38
毀	0.97412109375	0.47998046875	0.98388671875	0.489501953125	-1.0	8.0	38
毁	0.984375	0.47998046875	0.994140625	0.489501953125	-1.0	8.0	38
毂	0.3603515625	0.588623046875	0.369873046875	0.59814453125	0.0	8.0	38
毅	0.58447265625	0.23095703125	0.59423828125	0.24072265625	-1.0	7.0	38
毆	0.068359375	0.812255859375	0.07763671875	0.821533203125	1.0	9.0	38
毋	0.58056640625	0.801025390625	0.590087890625	0.810302734375	-1.0	9.0	38
母	0.250244140625	0.868896484375	0.259765625	0.8779296875	-1.0	9.0	38
每	0.370361328125	0.588623046875	0.3798828125	0.59814453125	-1.0	7.0	38
毒	0.087890625	0.66796875	0.09716796875	0.677490234375	0.0	7.0	38
毓	0.65625	0.230712890625	0.666015625	0.240478515625	-1.0	7.0	38
比	0.87890625	0.656005859375	0.88818359375	0.66552734375	1.0	7.0	38
毕	0.76171875	0.695068359375	0.77099609375	0.70458984375	0.0	8.0	38
毖	0.5126953125	0.724853515625	0.5224609375	0.734130859375	-1.0	7.0	38
毗	0.0390625	0.831298828125	0.04833984375	0.840576171875	0.0	8.0	38
毙	0.48046875	0.37109375	0.489990234375	0.380859375	-1.0	7.0	38
毚	0.490478515625	0.37109375	0.5	0.380859375	-1.0	7.0	38
毛	0.710693359375	0.8671875	0.72021484375	0.876220703125	0.0	8.0	38
毡	0.090087890625	0.793212890625	0.099609375	0.802490234375	-1.0	8.0	38
毪	0.1640625	0.4921875	0.173828125	0.501708984375	-1.0	7.0	38
毫	0.38037109375	0.588623046875	0.389892578125	0.59814453125	0.0	7.0	38
毬	0.287109375	0.725341796875	0.296875	0.734619140625	-1.0	8.0	38
毯	0.893310546875	0.714599609375	0.903076171875	0.723876953125	-1.0	8.0	38
毳	0.872802734375	0.714599609375	0.882568359375	0.723876953125	-1.0	9.0	38
毵	0.697265625	0.230712890625	0.70703125	0.240478515625	-1.0	7.0	38
毹	0.7177734375	0.23046875	0.7275390625	0.240234375	-1.0	7.0	38
毽	0.760009765625	0.714599609375	0.769775390625	0.723876953125	-1.0	8.0	38
氅	0.390380859375	0.58837890625	0.39990234375	0.597900390625	0.0	7.0	38
氆	0.25634765625	0.490966796875	0.26611328125	0.50048828125	-1.0	7.0	38
氇	0.2666015625	0.490966796875	0.2763671875	0.50048828125	-1.0	7.0	38
氈	0.400390625	0.58837890625	0.409912109375	0.597900390625	-1.0	7.0	38
氍	0.688232421875	0.71533203125	0.697998046875	0.724609375	-1.0	9.0	38
氏	0.9306640625	0.828857421875	0.939697265625	0.838134765625	2.0	9.0	38
氐	0.921142578125	0.828857421875	0.93017578125	0.838134765625	2.0	9.0	38
民	0.8544921875	0.828857421875	0.863525390625	0.838134765625	2.0	9.0	38
氓	0.74853515625	0.23046875	0.75830078125	0.240234375	-1.0	7.0	38
气	0.7587890625	0.23046875	0.7685546875	0.240234375	-1.0	7.0	38
氕	0.76904296875	0.23046875	0.77880859375	0.240234375	-1.0	7.0	38
氖	0.35888671875	0.490966796875	0.36865234375	0.50048828125	-1.0	7.0	38
氘	0.779296875	0.23046875	0.7890625	0.240234375	-1.0	7.0	38
氙	0.78955078125	0.23046875	0.79931640625	0.240234375	-1.0	7.0	38
氚	0.7998046875	0.23046875	0.8095703125	0.240234375	-1.0	7.0	38
氛	0.81005859375	0.23046875	0.81982421875	0.240234375	-1.0	7.0	38
氟	0.8203125	0.23046875	0.830078125	0.240234375	-1.0	7.0	38
氡	0.83056640625	0.23046875	0.84033203125	0.240234375	-1.0	7.0	38
氢	0.4306640625	0.49072265625	0.4404296875	0.500244140625	-1.0	7.0	38
氣	0.44091796875	0.49072265625	0.45068359375	0.500244140625	-1.0	7.0	38
氤	0.861328125	0.23046875	0.87109375	0.240234375	-1.0	7.0	38
氦	0.87158203125	0.23046875	0.88134765625	0.240234375	-1.0	7.0	38
氧	0.8818359375	0.23046875	0.8916015625	0.240234375	-1.0	7.0	38
氨	0.91259765625	0.23046875	0.92236328125	0.240234375	-1.0	7.0	38
氩	0.4921875	0.49072265625	0.501953125	0.500244140625	-1.0	7.0	38
氪	0.9228515625	0.23046875	0.9326171875	0.240234375	-1.0	7.0	38
氫	0.5126953125	0.49072265625	0.5224609375	0.500244140625	-1.0	7.0	38
氬	0.97412109375	0.230224609375	0.98388671875	0.239990234375	-1.0	7.0	38
氮	0.533203125	0.49072265625	0.54296875	0.500244140625	-1.0	7.0	38
氯	0.01025390625	0.242431640625	0.02001953125	0.252197265625	-1.0	7.0	38
氰	0.5537109375	0.49072265625	0.5634765625	0.500244140625	-1.0	7.0	38
氲	0.56396484375	0.49072265625	0.57373046875	0.500244140625	-1.0	7.0	38
氳	0.57421875	0.49072265625	0.583984375	0.500244140625	-1.0	7.0	38
水	0.410400390625	0.58837890625	0.419921875	0.597900390625	-1.0	7.0	38
氵	0.995849609375	0.71435546875	0.99951171875	0.7236328125	-1.0	8.0	38
永	0.60498046875	0.49072265625	0.61474609375	0.500244140625	-1.0	7.0	38
氺	0.6640625	0.66650390625	0.67333984375	0.676025390625	0.0	7.0	38
氽	0.62548828125	0.49072265625	0.63525390625	0.500244140625	-1.0	7.0	38
氾	0.19482421875	0.7646484375	0.20458984375	0.77392578125	-1.0	8.0	38
汀	0.1640625	0.7646484375	0.173828125	0.77392578125	-1.0	8.0	38
汁	0.65625	0.49072265625	0.666015625	0.500244140625	-1.0	8.0	38
求	0.42041015625	0.58837890625	0.429931640625	0.597900390625	-1.0	7.0	38
汆	0.6767578125	0.490478515625	0.6865234375	0.5	-1.0	7.0	38
汇	0.15380859375	0.7646484375	0.16357421875	0.77392578125	-1.0	8.0	38
汉	0.697265625	0.490478515625	0.70703125	0.5	-1.0	8.0	38
汊	0.70751953125	0.490478515625	0.71728515625	0.5	-1.0	8.0	38
汍	0.11279296875	0.242431640625	0.12255859375	0.252197265625	-1.0	7.0	38
汎	0.72802734375	0.490234375	0.73779296875	0.499755859375	-1.0	8.0	38
汐	0.771484375	0.4306640625	0.78076171875	0.4404296875	-1.0	7.0	38
汔	0.430419921875	0.58837890625	0.43994140625	0.597900390625	-1.0	7.0	38
汕	0.17578125	0.66796875	0.18505859375	0.677490234375	-1.0	8.0	38
汗	0.76904296875	0.489990234375	0.77880859375	0.49951171875	-1.0	8.0	38
汙	0.779296875	0.489990234375	0.7890625	0.49951171875	-1.0	8.0	38
汛	0.78955078125	0.489990234375	0.79931640625	0.49951171875	-1.0	8.0	38
汜	0.880126953125	0.76220703125	0.8896484375	0.771484375	-1.0	8.0	38
汝	0.640625	0.37109375	0.650146484375	0.380859375	-1.0	7.0	38
汞	0.359130859375	0.88623046875	0.368896484375	0.89501953125	-1.0	10.0	38
江	0.83056640625	0.489990234375	0.84033203125	0.49951171875	-1.0	8.0	38
池	0.8408203125	0.489990234375	0.8505859375	0.49951171875	-1.0	7.0	38
污	0.60498046875	0.734375	0.61474609375	0.74365234375	-1.0	8.0	38
汤	0.361328125	0.656982421875	0.37060546875	0.66650390625	-1.0	8.0	38
汨	0.3212890625	0.830078125	0.330322265625	0.83935546875	-1.0	8.0	38
汩	0.30224609375	0.830078125	0.311279296875	0.83935546875	-1.0	8.0	38
汪	0.23583984375	0.736083984375	0.24560546875	0.745361328125	-1.0	8.0	38
汰	0.17431640625	0.242431640625	0.18408203125	0.252197265625	-1.0	7.0	38
汲	0.91259765625	0.489990234375	0.92236328125	0.49951171875	-1.0	8.0	38
汴	0.1845703125	0.242431640625	0.1943359375	0.252197265625	-1.0	7.0	38
汶	0.205078125	0.242431640625	0.21484375	0.252197265625	-1.0	7.0	38
汹	0.0390625	0.658203125	0.04833984375	0.667724609375	-1.0	8.0	38
決	0.4404296875	0.58837890625	0.449951171875	0.597900390625	-1.0	8.0	38
汽	0.9638671875	0.48974609375	0.9736328125	0.499267578125	-1.0	7.0	38
汾	0.24609375	0.2412109375	0.255859375	0.2509765625	-1.0	7.0	38
沁	0.2666015625	0.2412109375	0.2763671875	0.2509765625	-1.0	7.0	38
沂	0.450439453125	0.58837890625	0.4599609375	0.597900390625	-1.0	8.0	38
沃	0.01025390625	0.501953125	0.02001953125	0.511474609375	-1.0	8.0	38
沅	0.0205078125	0.501953125	0.0302734375	0.511474609375	-1.0	8.0	38
沆	0.328125	0.2412109375	0.337890625	0.2509765625	-1.0	7.0	38
沈	0.46044921875	0.58837890625	0.469970703125	0.597900390625	-1.0	8.0	38
沉	0.03076171875	0.736083984375	0.04052734375	0.745361328125	-1.0	8.0	38
沌	0.0615234375	0.501953125	0.0712890625	0.511474609375	-1.0	7.0	38
沍	0.07177734375	0.501953125	0.08154296875	0.511474609375	-1.0	8.0	38
沏	0.126953125	0.66796875	0.13623046875	0.677490234375	-1.0	8.0	38
沐	0.369140625	0.240966796875	0.37890625	0.250732421875	-1.0	7.0	38
沒	0.3896484375	0.240966796875	0.3994140625	0.250732421875	-1.0	7.0	38
沓	0.42041015625	0.240966796875	0.43017578125	0.250732421875	-1.0	7.0	38
沔	0.470458984375	0.58837890625	0.47998046875	0.597900390625	-1.0	8.0	38
沖	0.70458984375	0.450927734375	0.713623046875	0.460693359375	-1.0	7.0	38
沘	0.1435546875	0.501953125	0.1533203125	0.511474609375	-1.0	8.0	38
沙	0.44091796875	0.240966796875	0.45068359375	0.250732421875	-1.0	7.0	38
沛	0.1640625	0.501953125	0.173828125	0.511474609375	-1.0	8.0	38
沟	0.714111328125	0.450927734375	0.72314453125	0.460693359375	-1.0	7.0	38
没	0.1845703125	0.501953125	0.1943359375	0.511474609375	-1.0	8.0	38
沣	0.890869140625	0.37060546875	0.900390625	0.38037109375	-1.0	7.0	38
沤	0.48046875	0.58837890625	0.489990234375	0.597900390625	-1.0	8.0	38
沥	0.490478515625	0.58837890625	0.5	0.597900390625	-1.0	8.0	38
沦	0.24609375	0.7646484375	0.255859375	0.77392578125	-1.0	8.0	38
沧	0.23583984375	0.501220703125	0.24560546875	0.5107421875	-1.0	7.0	38
沩	0.3515625	0.666748046875	0.36083984375	0.67626953125	-1.0	8.0	38
沪	0.849609375	0.4306640625	0.85888671875	0.4404296875	-1.0	7.0	38
沫	0.24609375	0.131103515625	0.255859375	0.140869140625	-1.0	7.0	38
沬	0.62548828125	0.15087890625	0.63525390625	0.16064453125	-1.0	7.0	38
沭	0.64599609375	0.150634765625	0.65576171875	0.160400390625	-1.0	7.0	38
沮	0.0400390625	0.774169921875	0.049560546875	0.783447265625	-1.0	8.0	38
沱	0.50048828125	0.58837890625	0.510009765625	0.597900390625	-1.0	7.0	38
沲	0.19482421875	0.162353515625	0.20458984375	0.172119140625	-1.0	7.0	38
河	0.52294921875	0.55908203125	0.53271484375	0.568603515625	-1.0	8.0	38
沸	0.510498046875	0.58837890625	0.52001953125	0.597900390625	-1.0	8.0	38
油	0.5205078125	0.58837890625	0.530029296875	0.597900390625	-1.0	7.0	38
治	0.41015625	0.160888671875	0.419921875	0.170654296875	-1.0	7.0	38
沼	0.537109375	0.66650390625	0.54638671875	0.676025390625	-1.0	8.0	38
沽	0.380615234375	0.715576171875	0.390380859375	0.724853515625	-1.0	8.0	38
沾	0.560546875	0.341064453125	0.570068359375	0.350830078125	-1.0	7.0	38
沿	0.9228515625	0.558349609375	0.9326171875	0.56787109375	-1.0	8.0	38
況	0.943359375	0.558349609375	0.953125	0.56787109375	-1.0	8.0	38
泄	0.401123046875	0.71533203125	0.410888671875	0.724609375	-1.0	8.0	38
泅	0.625	0.66650390625	0.63427734375	0.676025390625	-1.0	8.0	38
泉	0.530517578125	0.58837890625	0.5400390625	0.597900390625	-1.0	7.0	38
泊	0.13330078125	0.70703125	0.142333984375	0.716552734375	-1.0	7.0	38
泌	0.35888671875	0.180908203125	0.36865234375	0.190673828125	-1.0	7.0	38
泐	0.732421875	0.666015625	0.74169921875	0.675537109375	-1.0	8.0	38
泓	0.5126953125	0.56884765625	0.5224609375	0.578369140625	-1.0	8.0	38
泔	0.930908203125	0.3505859375	0.9404296875	0.3603515625	-1.0	7.0	38
法	0.8818359375	0.1904296875	0.8916015625	0.2001953125	-1.0	7.0	38
泖	0.1953125	0.677734375	0.20458984375	0.687255859375	-1.0	8.0	38
泗	0.3046875	0.705810546875	0.313720703125	0.71533203125	-1.0	8.0	38
泛	0.68994140625	0.762939453125	0.699462890625	0.772216796875	-1.0	8.0	38
泜	0.85107421875	0.568115234375	0.86083984375	0.57763671875	-1.0	8.0	38
泞	0.984375	0.56787109375	0.994140625	0.577392578125	-1.0	7.0	38
泠	0.697265625	0.20068359375	0.70703125	0.21044921875	-1.0	7.0	38
泡	0.03076171875	0.580078125	0.04052734375	0.589599609375	-1.0	7.0	38
波	0.78955078125	0.200439453125	0.79931640625	0.210205078125	-1.0	7.0	38
泣	0.46044921875	0.361083984375	0.469970703125	0.370849609375	-1.0	7.0	38
泥	0.54052734375	0.58837890625	0.550048828125	0.597900390625	-1.0	8.0	38
注	0.533203125	0.57861328125	0.54296875	0.588134765625	-1.0	7.0	38
泪	0.2666015625	0.705810546875	0.275634765625	0.71533203125	-1.0	8.0	38
泫	0.670654296875	0.370849609375	0.68017578125	0.380615234375	-1.0	7.0	38
泮	0.70068359375	0.370849609375	0.710205078125	0.380615234375	-1.0	7.0	38
泯	0.72509765625	0.4609375	0.73486328125	0.470458984375	-1.0	8.0	38
泰	0.74560546875	0.460693359375	0.75537109375	0.47021484375	-1.0	7.0	38
泱	0.451171875	0.23095703125	0.4609375	0.24072265625	-1.0	7.0	38
泳	0.5126953125	0.23095703125	0.5224609375	0.24072265625	-1.0	7.0	38
泵	0.0205078125	0.85986328125	0.0302734375	0.868896484375	-1.0	9.0	38
泶	0.05126953125	0.47265625	0.06103515625	0.482177734375	-1.0	7.0	38
泷	0.29736328125	0.2412109375	0.30712890625	0.2509765625	-1.0	7.0	38
泸	0.110107421875	0.392578125	0.11962890625	0.40234375	-1.0	7.0	38
泺	0.862548828125	0.714599609375	0.872314453125	0.723876953125	-1.0	8.0	38
泻	0.83837890625	0.80029296875	0.84765625	0.8095703125	-1.0	8.0	38
泼	0.17431640625	0.47265625	0.18408203125	0.482177734375	-1.0	8.0	38
泽	0.550537109375	0.58837890625	0.56005859375	0.597900390625	-1.0	8.0	38
泾	0.09228515625	0.7265625	0.10205078125	0.73583984375	-1.0	8.0	38
洁	0.62060546875	0.27099609375	0.630126953125	0.28076171875	-1.0	7.0	38
洄	0.9375	0.685302734375	0.94677734375	0.69482421875	-1.0	8.0	38
洇	0.447509765625	0.70556640625	0.45654296875	0.715087890625	-1.0	8.0	38
洋	0.730712890625	0.280517578125	0.740234375	0.290283203125	-1.0	7.0	38
洌	0.654296875	0.421142578125	0.66357421875	0.430908203125	-1.0	7.0	38
洎	0.537109375	0.69580078125	0.54638671875	0.705322265625	-1.0	7.0	38
洒	0.54052734375	0.801025390625	0.550048828125	0.810302734375	-1.0	8.0	38
洗	0.1845703125	0.062255859375	0.1943359375	0.072021484375	-1.0	7.0	38
洙	0.39990234375	0.060791015625	0.40966796875	0.070556640625	-1.0	7.0	38
洚	0.46142578125	0.060791015625	0.47119140625	0.070556640625	-1.0	7.0	38
洛	0.7607421875	0.29052734375	0.770263671875	0.30029296875	-1.0	7.0	38
洞	0.615234375	0.69580078125	0.62451171875	0.705322265625	-1.0	8.0	38
津	0.98095703125	0.290283203125	0.990478515625	0.300048828125	-1.0	7.0	38
洧	0.60498046875	0.07080078125	0.61474609375	0.08056640625	-1.0	7.0	38
洩	0.66064453125	0.30078125	0.670166015625	0.310546875	-1.0	7.0	38
洪	0.560546875	0.58837890625	0.570068359375	0.597900390625	-1.0	7.0	38
洫	0.97412109375	0.48974609375	0.98388671875	0.499267578125	-1.0	7.0	38
洮	0.041015625	0.082275390625	0.05078125	0.092041015625	-1.0	7.0	38
洱	0.570556640625	0.58837890625	0.580078125	0.597900390625	-1.0	8.0	38
洲	0.224609375	0.658203125	0.23388671875	0.667724609375	-1.0	8.0	38
洳	0.80078125	0.4306640625	0.81005859375	0.4404296875	-1.0	7.0	38
洵	0.810546875	0.4306640625	0.81982421875	0.4404296875	-1.0	7.0	38
洶	0.029296875	0.442626953125	0.03857421875	0.452392578125	-1.0	7.0	38
洸	0.24609375	0.5107421875	0.255859375	0.520263671875	-1.0	8.0	38
洹	0.78955078125	0.72412109375	0.79931640625	0.7333984375	-1.0	8.0	38
活	0.39990234375	0.54931640625	0.40966796875	0.558837890625	-1.0	8.0	38
洼	0.130126953125	0.802734375	0.1396484375	0.81201171875	-1.0	8.0	38
洽	0.33837890625	0.091064453125	0.34814453125	0.100830078125	-1.0	7.0	38
派	0.9638671875	0.56787109375	0.9736328125	0.577392578125	-1.0	8.0	38
流	0.6357421875	0.0908203125	0.6455078125	0.1005859375	-1.0	7.0	38
浃	0.25634765625	0.510498046875	0.26611328125	0.52001953125	-1.0	8.0	38
浅	0.64599609375	0.090576171875	0.65576171875	0.100341796875	-1.0	7.0	38
浆	0.72802734375	0.529296875	0.73779296875	0.538818359375	-1.0	7.0	38
浇	0.2802734375	0.351318359375	0.289794921875	0.361083984375	-1.0	7.0	38
浈	0.350341796875	0.351318359375	0.35986328125	0.361083984375	-1.0	7.0	38
浊	0.64599609375	0.53955078125	0.65576171875	0.549072265625	-1.0	7.0	38
测	0.126953125	0.402587890625	0.13623046875	0.412353515625	-1.0	7.0	38
浍	0.984375	0.752685546875	0.994140625	0.761962890625	-1.0	8.0	38
济	0.70751953125	0.09033203125	0.71728515625	0.10009765625	-1.0	7.0	38
浏	0.7421875	0.685546875	0.75146484375	0.695068359375	-1.0	7.0	38
浑	0.90234375	0.548583984375	0.912109375	0.55810546875	-1.0	8.0	38
浒	0.7587890625	0.09033203125	0.7685546875	0.10009765625	-1.0	7.0	38
浓	0.78076171875	0.3505859375	0.790283203125	0.3603515625	-1.0	7.0	38
浔	0.58056640625	0.58837890625	0.590087890625	0.597900390625	-1.0	8.0	38
浙	0.590576171875	0.58837890625	0.60009765625	0.597900390625	-1.0	8.0	38
浚	0.943359375	0.090087890625	0.953125	0.099853515625	-1.0	7.0	38
浜	0.6005859375	0.58837890625	0.610107421875	0.597900390625	-1.0	8.0	38
浞	0.041015625	0.4921875	0.05078125	0.501708984375	-1.0	8.0	38
浠	0.3896484375	0.49072265625	0.3994140625	0.500244140625	-1.0	8.0	38
浣	0.07177734375	0.102294921875	0.08154296875	0.112060546875	-1.0	7.0	38
浥	0.68701171875	0.490478515625	0.69677734375	0.5	-1.0	8.0	38
浦	0.610595703125	0.58837890625	0.6201171875	0.597900390625	-1.0	7.0	38
浩	0.810791015625	0.37060546875	0.8203125	0.38037109375	-1.0	7.0	38
浪	0.830810546875	0.37060546875	0.84033203125	0.38037109375	-1.0	7.0	38
浬	0.697265625	0.75341796875	0.70703125	0.7626953125	-1.0	8.0	38
浮	0.9228515625	0.752685546875	0.9326171875	0.761962890625	-1.0	8.0	38
浯	0.60498046875	0.53955078125	0.61474609375	0.549072265625	-1.0	8.0	38
浴	0.15380859375	0.55078125	0.16357421875	0.560302734375	-1.0	8.0	38
海	0.73828125	0.100341796875	0.748046875	0.110107421875	-1.0	7.0	38
浸	0.62060546875	0.58837890625	0.630126953125	0.597900390625	-1.0	8.0	38
浹	0.630615234375	0.58837890625	0.64013671875	0.597900390625	-1.0	8.0	38
浼	0.1640625	0.1123046875	0.173828125	0.1220703125	-1.0	7.0	38
涂	0.62060546875	0.31103515625	0.630126953125	0.32080078125	-1.0	7.0	38
涅	0.33837890625	0.734619140625	0.34814453125	0.743896484375	-1.0	8.0	38
涇	0.240234375	0.793212890625	0.249755859375	0.802490234375	-1.0	8.0	38
消	0.46875	0.69580078125	0.47802734375	0.705322265625	-1.0	7.0	38
涉	0.930908203125	0.320556640625	0.9404296875	0.330322265625	-1.0	7.0	38
涊	0.58447265625	0.743896484375	0.59423828125	0.753173828125	-1.0	8.0	38
涌	0.087890625	0.812255859375	0.09716796875	0.821533203125	-1.0	8.0	38
涎	0.89208984375	0.489990234375	0.90185546875	0.49951171875	-1.0	8.0	38
涑	0.984375	0.110107421875	0.994140625	0.119873046875	-1.0	7.0	38
涓	0.09765625	0.658203125	0.10693359375	0.667724609375	-1.0	8.0	38
涔	0.2255859375	0.501953125	0.2353515625	0.511474609375	-1.0	8.0	38
涕	0.490478515625	0.341064453125	0.5	0.350830078125	-1.0	7.0	38
涛	0.640625	0.58837890625	0.650146484375	0.597900390625	-1.0	7.0	38
涝	0.46142578125	0.51025390625	0.47119140625	0.519775390625	-1.0	8.0	38
涞	0.07177734375	0.122314453125	0.08154296875	0.132080078125	-1.0	7.0	38
涟	0.1025390625	0.541015625	0.1123046875	0.550537109375	-1.0	7.0	38
涠	0.205078125	0.658203125	0.21435546875	0.667724609375	-1.0	8.0	38
涡	0.650634765625	0.58837890625	0.66015625	0.597900390625	-1.0	8.0	38
涣	0.533203125	0.120849609375	0.54296875	0.130615234375	-1.0	7.0	38
涤	0.13330078125	0.580078125	0.14306640625	0.589599609375	-1.0	7.0	38
润	0.0390625	0.422607421875	0.04833984375	0.432373046875	-1.0	7.0	38
涧	0.419921875	0.421142578125	0.42919921875	0.430908203125	-1.0	7.0	38
涨	0.2666015625	0.481201171875	0.2763671875	0.49072265625	-1.0	7.0	38
涩	0.66064453125	0.58837890625	0.670166015625	0.597900390625	-1.0	8.0	38
涪	0.09228515625	0.13232421875	0.10205078125	0.14208984375	-1.0	7.0	38
涫	0.64453125	0.43115234375	0.65380859375	0.44091796875	-1.0	7.0	38
涮	0.693359375	0.810546875	0.70263671875	0.81982421875	-1.0	8.0	38
涯	0.670654296875	0.58837890625	0.68017578125	0.597900390625	-1.0	8.0	38
液	0.41015625	0.130859375	0.419921875	0.140625	-1.0	7.0	38
涵	0.46875	0.65673828125	0.47802734375	0.666259765625	-1.0	8.0	38
涸	0.654296875	0.65673828125	0.66357421875	0.666259765625	-1.0	8.0	38
涼	0.46142578125	0.130859375	0.47119140625	0.140625	-1.0	7.0	38
涿	0.05126953125	0.501953125	0.06103515625	0.511474609375	-1.0	8.0	38
淀	0.57421875	0.130859375	0.583984375	0.140625	-1.0	7.0	38
淄	0.6806640625	0.58837890625	0.690185546875	0.597900390625	-1.0	7.0	38
淅	0.190185546875	0.382568359375	0.19970703125	0.392333984375	-1.0	7.0	38
淆	0.81005859375	0.752685546875	0.81982421875	0.761962890625	-1.0	8.0	38
淇	0.08203125	0.142333984375	0.091796875	0.152099609375	-1.0	7.0	38
淋	0.1845703125	0.142333984375	0.1943359375	0.152099609375	-1.0	7.0	38
淌	0.1171875	0.442626953125	0.12646484375	0.452392578125	-1.0	7.0	38
淑	0.57421875	0.51025390625	0.583984375	0.519775390625	-1.0	8.0	38
淒	0.615234375	0.51025390625	0.625	0.519775390625	-1.0	8.0	38
淖	0.29736328125	0.14111328125	0.30712890625	0.15087890625	-1.0	7.0	38
淘	0.29296875	0.656982421875	0.30224609375	0.66650390625	-1.0	7.0	38
淙	0.690673828125	0.588134765625	0.7001953125	0.59765625	-1.0	7.0	38
淚	0.6005859375	0.381103515625	0.610107421875	0.390869140625	-1.0	7.0	38
淝	0.29736328125	0.520263671875	0.30712890625	0.52978515625	-1.0	8.0	38
淞	0.6357421875	0.140869140625	0.6455078125	0.150634765625	-1.0	7.0	38
淠	0.70068359375	0.588134765625	0.710205078125	0.59765625	-1.0	8.0	38
淡	0.06005859375	0.392578125	0.069580078125	0.40234375	-1.0	7.0	38
淤	0.8408203125	0.140380859375	0.8505859375	0.150146484375	-1.0	7.0	38
淦	0.60498046875	0.52978515625	0.61474609375	0.539306640625	-1.0	7.0	38
淨	0.1845703125	0.755126953125	0.1943359375	0.764404296875	-1.0	8.0	38
淪	0.9228515625	0.529052734375	0.9326171875	0.53857421875	-1.0	8.0	38
淫	0.65625	0.743896484375	0.666015625	0.753173828125	-1.0	8.0	38
淬	0.2802734375	0.26123046875	0.289794921875	0.27099609375	-1.0	7.0	38
淮	0.13330078125	0.15234375	0.14306640625	0.162109375	-1.0	7.0	38
深	0.4716796875	0.53955078125	0.4814453125	0.549072265625	-1.0	8.0	38
淳	0.33837890625	0.151123046875	0.34814453125	0.160888671875	-1.0	7.0	38
淵	0.087890625	0.697265625	0.09716796875	0.706787109375	-1.0	8.0	38
混	0.390380859375	0.772705078125	0.39990234375	0.781982421875	-1.0	8.0	38
淹	0.42041015625	0.15087890625	0.43017578125	0.16064453125	-1.0	7.0	38
淺	0.710693359375	0.588134765625	0.72021484375	0.59765625	-1.0	7.0	38
添	0.64599609375	0.743896484375	0.65576171875	0.753173828125	-1.0	8.0	38
淼	0.42041015625	0.54931640625	0.43017578125	0.558837890625	-1.0	7.0	38
清	0.4306640625	0.54931640625	0.4404296875	0.558837890625	-1.0	7.0	38
渊	0.68359375	0.65673828125	0.69287109375	0.666259765625	-1.0	8.0	38
渌	0.7998046875	0.548583984375	0.8095703125	0.55810546875	-1.0	8.0	38
渍	0.615234375	0.15087890625	0.625	0.16064453125	-1.0	7.0	38
渎	0.560546875	0.27099609375	0.570068359375	0.28076171875	-1.0	7.0	38
渐	0.6005859375	0.27099609375	0.610107421875	0.28076171875	-1.0	7.0	38
渑	0.93310546875	0.7431640625	0.94287109375	0.75244140625	-1.0	8.0	38
渔	0.650634765625	0.270751953125	0.66015625	0.280517578125	-1.0	7.0	38
渖	0.146484375	0.41259765625	0.15576171875	0.42236328125	-1.0	7.0	38
渗	0.90234375	0.150390625	0.912109375	0.16015625	-1.0	7.0	38
渙	0.943359375	0.150146484375	0.953125	0.159912109375	-1.0	7.0	38
渚	0.210205078125	0.282470703125	0.2197265625	0.292236328125	-1.0	7.0	38
減	0.03076171875	0.5703125	0.04052734375	0.579833984375	-1.0	8.0	38
渝	0.31787109375	0.1611328125	0.32763671875	0.1708984375	-1.0	7.0	38
渠	0.35888671875	0.160888671875	0.36865234375	0.170654296875	-1.0	7.0	38
渡	0.4306640625	0.160888671875	0.4404296875	0.170654296875	-1.0	7.0	38
渣	0.85107421875	0.470458984375	0.86083984375	0.47998046875	-1.0	7.0	38
渤	0.4296875	0.69580078125	0.43896484375	0.705322265625	-1.0	8.0	38
渥	0.8818359375	0.470458984375	0.8916015625	0.47998046875	-1.0	8.0	38
渦	0.927734375	0.685302734375	0.93701171875	0.69482421875	-1.0	8.0	38
温	0.27685546875	0.744384765625	0.28662109375	0.753662109375	-1.0	8.0	38
渫	0.697265625	0.16064453125	0.70703125	0.17041015625	-1.0	7.0	38
測	0.791015625	0.4306640625	0.80029296875	0.4404296875	-1.0	7.0	38
渭	0.302734375	0.666748046875	0.31201171875	0.67626953125	-1.0	8.0	38
港	0.91259765625	0.529052734375	0.92236328125	0.53857421875	-1.0	7.0	38
渲	0.9208984375	0.300537109375	0.930419921875	0.310302734375	-1.0	7.0	38
渴	0.5859375	0.820068359375	0.59521484375	0.829345703125	-1.0	8.0	38
游	0.24609375	0.171142578125	0.255859375	0.180908203125	-1.0	7.0	38
渺	0.6767578125	0.170654296875	0.6865234375	0.180419921875	-1.0	7.0	38
渾	0.73828125	0.568115234375	0.748046875	0.57763671875	-1.0	8.0	38
湃	0.5537109375	0.48095703125	0.5634765625	0.490478515625	-1.0	8.0	38
湄	0.15234375	0.70703125	0.161376953125	0.716552734375	-1.0	8.0	38
湊	0.5126953125	0.180908203125	0.5224609375	0.190673828125	-1.0	7.0	38
湍	0.850830078125	0.33056640625	0.8603515625	0.34033203125	-1.0	7.0	38
湎	0.950927734375	0.771728515625	0.96044921875	0.781005859375	-1.0	8.0	38
湓	0.29736328125	0.500732421875	0.30712890625	0.51025390625	-1.0	7.0	38
湔	0.550537109375	0.341064453125	0.56005859375	0.350830078125	-1.0	7.0	38
湖	0.561767578125	0.451171875	0.57080078125	0.4609375	-1.0	7.0	38
湘	0.0390625	0.442626953125	0.04833984375	0.452392578125	-1.0	7.0	38
湛	0.720703125	0.588134765625	0.730224609375	0.59765625	-1.0	7.0	38
湟	0.730712890625	0.587890625	0.740234375	0.597412109375	-1.0	7.0	38
湣	0.74072265625	0.587890625	0.750244140625	0.597412109375	-1.0	8.0	38
湧	0.28564453125	0.705810546875	0.294677734375	0.71533203125	-1.0	8.0	38
湩	0.83056640625	0.752685546875	0.84033203125	0.761962890625	-1.0	8.0	38
湫	0.7587890625	0.529052734375	0.7685546875	0.53857421875	-1.0	8.0	38
湮	0.750732421875	0.587646484375	0.76025390625	0.59716796875	-1.0	8.0	38
湯	0.7607421875	0.587646484375	0.770263671875	0.59716796875	-1.0	8.0	38
湲	0.0205078125	0.560546875	0.0302734375	0.570068359375	-1.0	8.0	38
湾	0.369140625	0.559326171875	0.37890625	0.56884765625	-1.0	7.0	38
湿	0.110107421875	0.774169921875	0.11962890625	0.783447265625	-1.0	8.0	38
溃	0.290283203125	0.361328125	0.2998046875	0.37109375	-1.0	7.0	38
溅	0.91259765625	0.568115234375	0.92236328125	0.57763671875	-1.0	8.0	38
溆	0.328125	0.763427734375	0.337890625	0.772705078125	-1.0	8.0	38
溉	0.39990234375	0.57861328125	0.40966796875	0.588134765625	-1.0	8.0	38
溏	0.770751953125	0.587646484375	0.7802734375	0.59716796875	-1.0	7.0	38
源	0.17431640625	0.482421875	0.18408203125	0.491943359375	-1.0	8.0	38
準	0.751953125	0.41064453125	0.76123046875	0.42041015625	0.0	7.0	38
溘	0.1845703125	0.232421875	0.1943359375	0.2421875	-1.0	7.0	38
溜	0.78125	0.8193359375	0.79052734375	0.82861328125	-1.0	8.0	38
溝	0.78076171875	0.587646484375	0.790283203125	0.59716796875	-1.0	8.0	38
溟	0.95361328125	0.480224609375	0.96337890625	0.48974609375	-1.0	8.0	38
溢	0.0	0.4921875	0.009765625	0.501708984375	-1.0	7.0	38
溥	0.64599609375	0.230712890625	0.65576171875	0.240478515625	-1.0	7.0	38
溧	0.17431640625	0.4921875	0.18408203125	0.501708984375	-1.0	8.0	38
溪	0.24609375	0.4912109375	0.255859375	0.500732421875	-1.0	8.0	38
溫	0.472900390625	0.71533203125	0.482666015625	0.724609375	-1.0	8.0	38
溯	0.146484375	0.677734375	0.15576171875	0.687255859375	-1.0	8.0	38
溱	0.07177734375	0.242431640625	0.08154296875	0.252197265625	-1.0	7.0	38
溲	0.74853515625	0.489990234375	0.75830078125	0.49951171875	-1.0	8.0	38
溴	0.7607421875	0.37060546875	0.770263671875	0.38037109375	-1.0	7.0	38
溶	0.3076171875	0.2412109375	0.3173828125	0.2509765625	-1.0	7.0	38
溷	0.791015625	0.695068359375	0.80029296875	0.70458984375	-1.0	8.0	38
溺	0.498046875	0.810546875	0.50732421875	0.81982421875	-1.0	8.0	38
溻	0.502197265625	0.82958984375	0.51123046875	0.8388671875	-1.0	8.0	38
溼	0.66064453125	0.781982421875	0.670166015625	0.791259765625	-1.0	8.0	38
溽	0.50244140625	0.55908203125	0.51220703125	0.568603515625	-1.0	8.0	38
滁	0.57421875	0.55908203125	0.583984375	0.568603515625	-1.0	8.0	38
滂	0.350341796875	0.34130859375	0.35986328125	0.35107421875	-1.0	7.0	38
滄	0.328125	0.569091796875	0.337890625	0.57861328125	-1.0	8.0	38
滅	0.89208984375	0.200439453125	0.90185546875	0.210205078125	-1.0	7.0	38
滇	0.66650390625	0.0205078125	0.67626953125	0.0302734375	-1.0	7.0	38
滋	0.943359375	0.070068359375	0.953125	0.079833984375	-1.0	7.0	38
滌	0.25634765625	0.0810546875	0.26611328125	0.0908203125	-1.0	7.0	38
滏	0.7587890625	0.7529296875	0.7685546875	0.76220703125	-1.0	8.0	38
滑	0.87890625	0.809814453125	0.88818359375	0.819091796875	-1.0	8.0	38
滓	0.250244140625	0.371337890625	0.259765625	0.381103515625	-1.0	7.0	38
滔	0.48828125	0.65673828125	0.49755859375	0.666259765625	-1.0	8.0	38
滕	0.76904296875	0.100341796875	0.77880859375	0.110107421875	-1.0	7.0	38
滗	0.790771484375	0.587646484375	0.80029296875	0.59716796875	-1.0	7.0	38
滚	0.0205078125	0.122314453125	0.0302734375	0.132080078125	-1.0	7.0	38
滞	0.82080078125	0.3505859375	0.830322265625	0.3603515625	-1.0	7.0	38
滟	0.07177734375	0.13232421875	0.08154296875	0.14208984375	-1.0	7.0	38
滠	0.27685546875	0.490966796875	0.28662109375	0.50048828125	-1.0	8.0	38
满	0.65625	0.130615234375	0.666015625	0.140380859375	-1.0	7.0	38
滢	0.80078125	0.587646484375	0.810302734375	0.59716796875	-1.0	7.0	38
滤	0.890869140625	0.380615234375	0.900390625	0.390380859375	-1.0	7.0	38
滥	0.810791015625	0.587646484375	0.8203125	0.59716796875	-1.0	8.0	38
滦	0.48193359375	0.200927734375	0.49169921875	0.210693359375	-1.0	7.0	38
滨	0.65625	0.20068359375	0.666015625	0.21044921875	-1.0	7.0	38
滩	0.66650390625	0.20068359375	0.67626953125	0.21044921875	-1.0	7.0	38
滬	0.861328125	0.200439453125	0.87109375	0.210205078125	-1.0	7.0	38
滯	0.82080078125	0.587646484375	0.830322265625	0.59716796875	-1.0	8.0	38
滲	0.2666015625	0.22119140625	0.2763671875	0.23095703125	-1.0	7.0	38
滴	0.830810546875	0.587646484375	0.84033203125	0.59716796875	-1.0	7.0	38
滷	0.030029296875	0.29248046875	0.03955078125	0.30224609375	-1.0	7.0	38
滹	0.73828125	0.509521484375	0.748046875	0.51904296875	-1.0	8.0	38
滾	0.4716796875	0.15087890625	0.4814453125	0.16064453125	-1.0	7.0	38
滿	0.0615234375	0.21240234375	0.0712890625	0.22216796875	-1.0	7.0	38
漁	0.4306640625	0.23095703125	0.4404296875	0.24072265625	-1.0	7.0	38
漂	0.690673828125	0.627197265625	0.7001953125	0.63671875	-1.0	8.0	38
漆	0.11279296875	0.102294921875	0.12255859375	0.112060546875	-1.0	7.0	38
漉	0.90234375	0.09033203125	0.912109375	0.10009765625	-1.0	7.0	38
漏	0.205078125	0.736083984375	0.21484375	0.745361328125	-1.0	8.0	38
漓	0.7607421875	0.360595703125	0.770263671875	0.370361328125	-1.0	7.0	38
演	0.83984375	0.4306640625	0.84912109375	0.4404296875	-1.0	7.0	38
漕	0.90087890625	0.37060546875	0.910400390625	0.38037109375	-1.0	7.0	38
漠	0.86083984375	0.37060546875	0.870361328125	0.38037109375	-1.0	7.0	38
漢	0.33837890625	0.2412109375	0.34814453125	0.2509765625	-1.0	7.0	38
漣	0.801025390625	0.714599609375	0.810791015625	0.723876953125	-1.0	8.0	38
漤	0.58447265625	0.49072265625	0.59423828125	0.500244140625	-1.0	8.0	38
漩	0.72802734375	0.23046875	0.73779296875	0.240234375	-1.0	7.0	38
漪	0.5126953125	0.48095703125	0.5224609375	0.490478515625	-1.0	7.0	38
漫	0.35888671875	0.578857421875	0.36865234375	0.58837890625	-1.0	8.0	38
漬	0.850830078125	0.587646484375	0.8603515625	0.59716796875	-1.0	8.0	38
漭	0.57421875	0.2109375	0.583984375	0.220703125	-1.0	7.0	38
漯	0.57421875	0.52001953125	0.583984375	0.529541015625	-1.0	8.0	38
漱	0.52294921875	0.52001953125	0.53271484375	0.529541015625	-1.0	8.0	38
漲	0.31787109375	0.490966796875	0.32763671875	0.50048828125	-1.0	8.0	38
漳	0.3076171875	0.18115234375	0.3173828125	0.19091796875	-1.0	7.0	38
漶	0.85107421875	0.160400390625	0.86083984375	0.170166015625	-1.0	7.0	38
漸	0.850830078125	0.300537109375	0.8603515625	0.310302734375	-1.0	7.0	38
漾	0.3076171875	0.539794921875	0.3173828125	0.54931640625	-1.0	7.0	38
漿	0.86083984375	0.587646484375	0.870361328125	0.59716796875	-1.0	7.0	38
潆	0.870849609375	0.587646484375	0.88037109375	0.59716796875	-1.0	7.0	38
潇	0.615234375	0.160888671875	0.625	0.170654296875	-1.0	7.0	38
潋	0.50244140625	0.160888671875	0.51220703125	0.170654296875	-1.0	7.0	38
潍	0.7177734375	0.150390625	0.7275390625	0.16015625	-1.0	7.0	38
潑	0.56396484375	0.15087890625	0.57373046875	0.16064453125	-1.0	7.0	38
潔	0.880859375	0.587646484375	0.890380859375	0.59716796875	-1.0	7.0	38
潘	0.31787109375	0.549560546875	0.32763671875	0.55908203125	-1.0	8.0	38
潛	0.09228515625	0.55078125	0.10205078125	0.560302734375	-1.0	8.0	38
潜	0.369140625	0.15087890625	0.37890625	0.16064453125	-1.0	7.0	38
潞	0.33837890625	0.539794921875	0.34814453125	0.54931640625	-1.0	8.0	38
潟	0.322265625	0.81103515625	0.33154296875	0.8203125	-1.0	8.0	38
潠	0.66650390625	0.52978515625	0.67626953125	0.539306640625	-1.0	8.0	38
潢	0.35888671875	0.140869140625	0.36865234375	0.150634765625	-1.0	7.0	38
潤	0.80078125	0.656005859375	0.81005859375	0.66552734375	-1.0	8.0	38
潦	0.861328125	0.13037109375	0.87109375	0.14013671875	-1.0	7.0	38
潭	0.66650390625	0.49072265625	0.67626953125	0.500244140625	-1.0	8.0	38
潮	0.7421875	0.4306640625	0.75146484375	0.4404296875	-1.0	7.0	38
潯	0.08203125	0.4921875	0.091796875	0.501708984375	-1.0	8.0	38
潰	0.24609375	0.5595703125	0.255859375	0.569091796875	-1.0	8.0	38
潲	0.890869140625	0.587646484375	0.900390625	0.59716796875	-1.0	8.0	38
潴	0.0	0.122314453125	0.009765625	0.132080078125	-1.0	7.0	38
潸	0.3603515625	0.34130859375	0.369873046875	0.35107421875	-1.0	7.0	38
潺	0.1025390625	0.482421875	0.1123046875	0.491943359375	-1.0	8.0	38
潼	0.37939453125	0.11083984375	0.38916015625	0.12060546875	-1.0	7.0	38
澀	0.73828125	0.734130859375	0.748046875	0.743408203125	-1.0	8.0	38
澄	0.72802734375	0.734130859375	0.73779296875	0.743408203125	-1.0	8.0	38
澆	0.90087890625	0.587646484375	0.910400390625	0.59716796875	-1.0	8.0	38
澈	0.35888671875	0.11083984375	0.36865234375	0.12060546875	-1.0	7.0	38
澉	0.33837890625	0.111083984375	0.34814453125	0.120849609375	-1.0	7.0	38
澌	0.01025390625	0.541015625	0.02001953125	0.550537109375	-1.0	8.0	38
澍	0.83056640625	0.529052734375	0.84033203125	0.53857421875	-1.0	7.0	38
澎	0.533203125	0.54931640625	0.54296875	0.558837890625	-1.0	8.0	38
澗	0.302734375	0.686279296875	0.31201171875	0.69580078125	-1.0	8.0	38
澜	0.283203125	0.686279296875	0.29248046875	0.69580078125	-1.0	7.0	38
澠	0.37939453125	0.734619140625	0.38916015625	0.743896484375	-1.0	8.0	38
澡	0.07177734375	0.55078125	0.08154296875	0.560302734375	-1.0	8.0	38
澤	0.451171875	0.75341796875	0.4609375	0.7626953125	-1.0	8.0	38
澦	0.11279296875	0.580078125	0.12255859375	0.589599609375	-1.0	8.0	38
澧	0.910888671875	0.587646484375	0.92041015625	0.59716796875	-1.0	7.0	38
澱	0.09228515625	0.560546875	0.10205078125	0.570068359375	-1.0	8.0	38
澳	0.130126953125	0.37255859375	0.1396484375	0.38232421875	-1.0	7.0	38
澴	0.9208984375	0.587646484375	0.930419921875	0.59716796875	-1.0	8.0	38
澶	0.73828125	0.470458984375	0.748046875	0.47998046875	-1.0	7.0	38
澹	0.070068359375	0.29248046875	0.07958984375	0.30224609375	0.0	7.0	38
激	0.6767578125	0.050537109375	0.6865234375	0.060302734375	-1.0	7.0	38
濁	0.048828125	0.812255859375	0.05810546875	0.821533203125	-1.0	8.0	38
濂	0.37939453125	0.05078125	0.38916015625	0.060546875	-1.0	7.0	38
濃	0.530517578125	0.281005859375	0.5400390625	0.290771484375	-1.0	7.0	38
濉	0.2255859375	0.03125	0.2353515625	0.041015625	-1.0	7.0	38
濑	0.697265625	0.010498046875	0.70703125	0.020263671875	-1.0	7.0	38
濒	0.15380859375	0.47265625	0.16357421875	0.482177734375	-1.0	8.0	38
濕	0.9609375	0.46044921875	0.970703125	0.469970703125	-1.0	8.0	38
濘	0.5537109375	0.57861328125	0.5634765625	0.588134765625	-1.0	7.0	38
濛	0.930908203125	0.587646484375	0.9404296875	0.59716796875	-1.0	7.0	38
濞	0.18017578125	0.362548828125	0.189697265625	0.372314453125	-1.0	7.0	38
濟	0.23583984375	0.201171875	0.24560546875	0.2109375	-1.0	7.0	38
濠	0.65625	0.56884765625	0.666015625	0.578369140625	-1.0	7.0	38
濡	0.94091796875	0.587646484375	0.950439453125	0.59716796875	-1.0	8.0	38
濤	0.950927734375	0.587646484375	0.96044921875	0.59716796875	-1.0	7.0	38
濩	0.7998046875	0.180419921875	0.8095703125	0.190185546875	-1.0	7.0	38
濫	0.9609375	0.587646484375	0.970458984375	0.59716796875	-1.0	8.0	38
濬	0.85107421875	0.17041015625	0.86083984375	0.18017578125	-1.0	7.0	38
濮	0.3486328125	0.171142578125	0.3583984375	0.180908203125	-1.0	7.0	38
濯	0.27685546875	0.569091796875	0.28662109375	0.57861328125	-1.0	8.0	38
濰	0.6767578125	0.16064453125	0.6865234375	0.17041015625	-1.0	7.0	38
濱	0.44921875	0.43115234375	0.45849609375	0.44091796875	0.0	7.0	38
濺	0.31787109375	0.559326171875	0.32763671875	0.56884765625	-1.0	7.0	38
濾	0.329345703125	0.715576171875	0.339111328125	0.724853515625	-1.0	8.0	38
瀆	0.451171875	0.240966796875	0.4609375	0.250732421875	-1.0	7.0	38
瀉	0.970947265625	0.58740234375	0.98046875	0.596923828125	-1.0	7.0	38
瀋	0.9208984375	0.37060546875	0.930419921875	0.38037109375	-1.0	7.0	38
瀏	0.390625	0.8203125	0.39990234375	0.82958984375	-1.0	8.0	38
瀑	0.76904296875	0.752685546875	0.77880859375	0.761962890625	-1.0	8.0	38
瀕	0.08203125	0.501953125	0.091796875	0.511474609375	-1.0	8.0	38
瀘	0.090087890625	0.774169921875	0.099609375	0.783447265625	-1.0	8.0	38
瀚	0.3486328125	0.2412109375	0.3583984375	0.2509765625	-1.0	7.0	38
瀛	0.23583984375	0.2412109375	0.24560546875	0.2509765625	-1.0	7.0	38
瀝	0.19482421875	0.736083984375	0.20458984375	0.745361328125	-1.0	8.0	38
瀟	0.1435546875	0.242431640625	0.1533203125	0.252197265625	-1.0	7.0	38
瀣	0.8818359375	0.489990234375	0.8916015625	0.49951171875	-1.0	7.0	38
瀨	0.13330078125	0.242431640625	0.14306640625	0.252197265625	-1.0	7.0	38
瀰	0.861328125	0.489990234375	0.87109375	0.49951171875	-1.0	8.0	38
瀲	0.123046875	0.242431640625	0.1328125	0.252197265625	-1.0	7.0	38
瀵	0.98095703125	0.58740234375	0.990478515625	0.596923828125	-1.0	8.0	38
瀹	0.650634765625	0.370849609375	0.66015625	0.380615234375	-1.0	7.0	38
瀾	0.01953125	0.812255859375	0.02880859375	0.821533203125	-1.0	8.0	38
灌	0.85009765625	0.76220703125	0.859619140625	0.771484375	-1.0	8.0	38
灏	0.7998046875	0.489990234375	0.8095703125	0.49951171875	-1.0	8.0	38
灑	0.0	0.599609375	0.009521484375	0.609130859375	-1.0	8.0	38
灘	0.7587890625	0.489990234375	0.7685546875	0.49951171875	-1.0	8.0	38
灞	0.010009765625	0.599609375	0.01953125	0.609130859375	-1.0	8.0	38
灣	0.1025390625	0.242431640625	0.1123046875	0.252197265625	-1.0	7.0	38
灤	0.64599609375	0.49072265625	0.65576171875	0.500244140625	-1.0	8.0	38
火	0.6357421875	0.49072265625	0.6455078125	0.500244140625	-1.0	8.0	38
灬	0.51025390625	0.965576171875	0.519775390625	0.968994140625	-1.0	32.0	38
灭	0.56982421875	0.8486328125	0.57958984375	0.857666015625	-1.0	10.0	38
灯	0.421630859375	0.71533203125	0.431396484375	0.724609375	-1.0	8.0	38
灰	0.05126953125	0.242431640625	0.06103515625	0.252197265625	-1.0	7.0	38
灵	0.530517578125	0.7724609375	0.5400390625	0.78173828125	-1.0	9.0	38
灶	0.483154296875	0.71533203125	0.492919921875	0.724609375	-1.0	8.0	38
灸	0.02001953125	0.599609375	0.029541015625	0.609130859375	-1.0	8.0	38
灼	0.09765625	0.677734375	0.10693359375	0.687255859375	-1.0	7.0	38
災	0.0205078125	0.242431640625	0.0302734375	0.252197265625	-1.0	7.0	38
灾	0.570556640625	0.37109375	0.580078125	0.380859375	-1.0	7.0	38
灿	0.0	0.82177734375	0.00927734375	0.8310546875	-1.0	8.0	38
炀	0.030029296875	0.599609375	0.03955078125	0.609130859375	-1.0	8.0	38
炅	0.0	0.78369140625	0.009521484375	0.79296875	-1.0	9.0	38
炉	0.703125	0.430908203125	0.71240234375	0.440673828125	-1.0	7.0	38
炊	0.73828125	0.23046875	0.748046875	0.240234375	-1.0	7.0	38
炎	0.0400390625	0.599609375	0.049560546875	0.609130859375	-1.0	8.0	38
炒	0.287109375	0.490966796875	0.296875	0.50048828125	-1.0	8.0	38
炔	0.550537109375	0.37109375	0.56005859375	0.380859375	-1.0	7.0	38
炕	0.68701171875	0.230712890625	0.69677734375	0.240478515625	-1.0	7.0	38
炖	0.19482421875	0.4921875	0.20458984375	0.501708984375	-1.0	7.0	38
炙	0.050048828125	0.599609375	0.0595703125	0.609130859375	-1.0	8.0	38
炜	0.5205078125	0.37109375	0.530029296875	0.380859375	-1.0	7.0	38
炝	0.15380859375	0.4921875	0.16357421875	0.501708984375	-1.0	7.0	38
炤	0.859375	0.8193359375	0.86865234375	0.82861328125	-1.0	8.0	38
炫	0.510498046875	0.37109375	0.52001953125	0.380859375	-1.0	7.0	38
炬	0.30029296875	0.7919921875	0.309814453125	0.80126953125	-1.0	8.0	38
炭	0.470458984375	0.37109375	0.47998046875	0.380859375	-1.0	7.0	38
炮	0.1025390625	0.4921875	0.1123046875	0.501708984375	-1.0	7.0	38
炯	0.693359375	0.695556640625	0.70263671875	0.705078125	-1.0	8.0	38
炱	0.46044921875	0.37109375	0.469970703125	0.380859375	0.0	7.0	38
炳	0.6767578125	0.230712890625	0.6865234375	0.240478515625	-1.0	7.0	38
炷	0.0615234375	0.4921875	0.0712890625	0.501708984375	-1.0	7.0	38
炸	0.6357421875	0.23095703125	0.6455078125	0.24072265625	-1.0	7.0	38
点	0.06005859375	0.599609375	0.069580078125	0.609130859375	-1.0	7.0	38
為	0.361328125	0.666748046875	0.37060546875	0.67626953125	-1.0	7.0	38
炻	0.070068359375	0.599609375	0.07958984375	0.609130859375	-1.0	7.0	38
炼	0.03076171875	0.4921875	0.04052734375	0.501708984375	-1.0	7.0	38
炽	0.0205078125	0.4921875	0.0302734375	0.501708984375	-1.0	8.0	38
烀	0.42041015625	0.743896484375	0.43017578125	0.753173828125	-1.0	8.0	38
烁	0.9638671875	0.47998046875	0.9736328125	0.489501953125	-1.0	7.0	38
烂	0.91259765625	0.480224609375	0.92236328125	0.48974609375	-1.0	7.0	38
烃	0.7998046875	0.7431640625	0.8095703125	0.75244140625	-1.0	8.0	38
烈	0.080078125	0.599609375	0.089599609375	0.609130859375	-1.0	8.0	38
烊	0.56396484375	0.23095703125	0.57373046875	0.24072265625	-1.0	7.0	38
烏	0.62841796875	0.70556640625	0.637451171875	0.715087890625	0.0	7.0	38
烘	0.533203125	0.23095703125	0.54296875	0.24072265625	-1.0	7.0	38
烙	0.48193359375	0.23095703125	0.49169921875	0.24072265625	-1.0	7.0	38
烛	0.779296875	0.480224609375	0.7890625	0.48974609375	-1.0	7.0	38
烟	0.60546875	0.43115234375	0.61474609375	0.44091796875	-1.0	7.0	38
烤	0.73828125	0.480224609375	0.748046875	0.48974609375	-1.0	7.0	38
烦	0.68701171875	0.480712890625	0.69677734375	0.490234375	-1.0	8.0	38
烧	0.3076171875	0.231201171875	0.3173828125	0.240966796875	-1.0	7.0	38
烨	0.65625	0.48095703125	0.666015625	0.490478515625	-1.0	8.0	38
烩	0.27685546875	0.231201171875	0.28662109375	0.240966796875	-1.0	7.0	38
烫	0.3603515625	0.371337890625	0.369873046875	0.381103515625	-1.0	7.0	38
烬	0.15380859375	0.736083984375	0.16357421875	0.745361328125	-1.0	8.0	38
热	0.090087890625	0.599609375	0.099609375	0.609130859375	0.0	7.0	38
烯	0.10009765625	0.599609375	0.109619140625	0.609130859375	-1.0	8.0	38
烷	0.25634765625	0.231201171875	0.26611328125	0.240966796875	-1.0	7.0	38
烹	0.56640625	0.43115234375	0.57568359375	0.44091796875	0.0	7.0	38
烽	0.290283203125	0.371337890625	0.2998046875	0.381103515625	-1.0	7.0	38
焉	0.1953125	0.878173828125	0.20458984375	0.88720703125	0.0	9.0	38
焊	0.80078125	0.771728515625	0.810302734375	0.781005859375	-1.0	8.0	38
焐	0.2255859375	0.2314453125	0.2353515625	0.2412109375	-1.0	7.0	38
焓	0.21533203125	0.231689453125	0.22509765625	0.241455078125	-1.0	7.0	38
焕	0.205078125	0.232421875	0.21484375	0.2421875	-1.0	7.0	38
焖	0.537109375	0.43115234375	0.54638671875	0.44091796875	-1.0	7.0	38
焘	0.370361328125	0.361083984375	0.3798828125	0.370849609375	-1.0	7.0	38
焙	0.81005859375	0.21044921875	0.81982421875	0.22021484375	-1.0	7.0	38
焚	0.17431640625	0.21240234375	0.18408203125	0.22216796875	-1.0	7.0	38
焜	0.943359375	0.733642578125	0.953125	0.742919921875	-1.0	8.0	38
無	0.400390625	0.35107421875	0.409912109375	0.36083984375	-1.0	7.0	38
焦	0.76171875	0.440673828125	0.77099609375	0.450439453125	-1.0	7.0	38
焯	0.72802734375	0.200439453125	0.73779296875	0.210205078125	-1.0	7.0	38
焰	0.361328125	0.44140625	0.37060546875	0.451171875	-1.0	7.0	38
焱	0.110107421875	0.599609375	0.11962890625	0.609130859375	-1.0	8.0	38
然	0.68701171875	0.20068359375	0.69677734375	0.21044921875	-1.0	7.0	38
煅	0.3486328125	0.520263671875	0.3583984375	0.52978515625	-1.0	8.0	38
煆	0.33837890625	0.520263671875	0.34814453125	0.52978515625	-1.0	8.0	38
煉	0.62548828125	0.200927734375	0.63525390625	0.210693359375	-1.0	7.0	38
煊	0.25634765625	0.520263671875	0.26611328125	0.52978515625	-1.0	7.0	38
煌	0.89208984375	0.509521484375	0.90185546875	0.51904296875	-1.0	7.0	38
煎	0.74072265625	0.340576171875	0.750244140625	0.350341796875	-1.0	7.0	38
煖	0.97412109375	0.49951171875	0.98388671875	0.509033203125	-1.0	8.0	38
煙	0.5126953125	0.743896484375	0.5224609375	0.753173828125	-1.0	8.0	38
煜	0.697265625	0.500244140625	0.70703125	0.509765625	-1.0	7.0	38
煞	0.5947265625	0.50048828125	0.6044921875	0.510009765625	-1.0	7.0	38
煤	0.52294921875	0.50048828125	0.53271484375	0.510009765625	-1.0	8.0	38
煥	0.287109375	0.201171875	0.296875	0.2109375	-1.0	7.0	38
煦	0.869140625	0.4306640625	0.87841796875	0.4404296875	0.0	7.0	38
照	0.552978515625	0.85791015625	0.5625	0.866943359375	-1.0	9.0	38
煨	0.24609375	0.201171875	0.255859375	0.2109375	-1.0	7.0	38
煩	0.1201171875	0.599609375	0.129638671875	0.609130859375	-1.0	8.0	38
煬	0.205078125	0.202392578125	0.21484375	0.212158203125	-1.0	7.0	38
煮	0.390380859375	0.341064453125	0.39990234375	0.350830078125	-1.0	7.0	38
煲	0.1435546875	0.202392578125	0.1533203125	0.212158203125	-1.0	7.0	38
煳	0.693359375	0.430908203125	0.70263671875	0.440673828125	-1.0	7.0	38
煸	0.68359375	0.430908203125	0.69287109375	0.440673828125	-1.0	7.0	38
煺	0.66650390625	0.75341796875	0.67626953125	0.7626953125	-1.0	8.0	38
煽	0.673828125	0.430908203125	0.68310546875	0.440673828125	-1.0	7.0	38
熄	0.13330078125	0.4921875	0.14306640625	0.501708984375	-1.0	7.0	38
熊	0.2802734375	0.34130859375	0.289794921875	0.35107421875	-1.0	7.0	38
熏	0.130126953125	0.599609375	0.1396484375	0.609130859375	-1.0	8.0	38
熒	0.270263671875	0.34130859375	0.27978515625	0.35107421875	-1.0	7.0	38
熔	0.9638671875	0.190185546875	0.9736328125	0.199951171875	-1.0	7.0	38
熘	0.3203125	0.801513671875	0.329833984375	0.810791015625	-1.0	8.0	38
熙	0.38037109375	0.80126953125	0.389892578125	0.810546875	-1.0	9.0	38
熟	0.95361328125	0.190185546875	0.96337890625	0.199951171875	-1.0	7.0	38
熠	0.676025390625	0.70556640625	0.68505859375	0.715087890625	-1.0	8.0	38
熨	0.240234375	0.34130859375	0.249755859375	0.35107421875	-1.0	7.0	38
熬	0.9228515625	0.1904296875	0.9326171875	0.2001953125	-1.0	7.0	38
熱	0.730712890625	0.80078125	0.740234375	0.81005859375	-1.0	8.0	38
熳	0.615234375	0.48095703125	0.625	0.490478515625	-1.0	8.0	38
熵	0.2001953125	0.342529296875	0.209716796875	0.352294921875	-1.0	7.0	38
熹	0.18017578125	0.342529296875	0.189697265625	0.352294921875	-1.0	7.0	38
熾	0.52294921875	0.48095703125	0.53271484375	0.490478515625	-1.0	7.0	38
燃	0.46142578125	0.48095703125	0.47119140625	0.490478515625	-1.0	8.0	38
燄	0.89208984375	0.1904296875	0.90185546875	0.2001953125	-1.0	7.0	38
燈	0.328125	0.73486328125	0.337890625	0.744140625	-1.0	8.0	38
燉	0.87158203125	0.1904296875	0.88134765625	0.2001953125	-1.0	7.0	38
燎	0.85107421875	0.1904296875	0.86083984375	0.2001953125	-1.0	7.0	38
燐	0.8203125	0.1904296875	0.830078125	0.2001953125	-1.0	7.0	38
燒	0.3896484375	0.48095703125	0.3994140625	0.490478515625	-1.0	8.0	38
燔	0.3486328125	0.481201171875	0.3583984375	0.49072265625	-1.0	8.0	38
燕	0.33837890625	0.481201171875	0.34814453125	0.49072265625	-1.0	7.0	38
燙	0.0390625	0.677734375	0.04833984375	0.687255859375	0.0	8.0	38
燜	0.244140625	0.831298828125	0.25341796875	0.840576171875	-1.0	8.0	38
營	0.599853515625	0.451171875	0.60888671875	0.4609375	0.0	7.0	38
燠	0.150146484375	0.342529296875	0.15966796875	0.352294921875	-1.0	7.0	38
燥	0.3076171875	0.481201171875	0.3173828125	0.49072265625	-1.0	8.0	38
燦	0.78955078125	0.1904296875	0.79931640625	0.2001953125	-1.0	7.0	38
燧	0.29736328125	0.481201171875	0.30712890625	0.49072265625	-1.0	8.0	38
燬	0.287109375	0.481201171875	0.296875	0.49072265625	-1.0	8.0	38
燭	0.166015625	0.66796875	0.17529296875	0.677490234375	-1.0	8.0	38
燮	0.1201171875	0.342529296875	0.129638671875	0.352294921875	-1.0	7.0	38
燴	0.74853515625	0.1904296875	0.75830078125	0.2001953125	-1.0	7.0	38
燸	0.150146484375	0.599609375	0.15966796875	0.609130859375	-1.0	8.0	38
燹	0.85107421875	0.733642578125	0.86083984375	0.742919921875	-1.0	9.0	38
燻	0.25634765625	0.481201171875	0.26611328125	0.49072265625	-1.0	8.0	38
燼	0.73828125	0.1904296875	0.748046875	0.2001953125	-1.0	7.0	38
燾	0.009765625	0.402587890625	0.01904296875	0.412353515625	0.0	7.0	38
爆	0.4921875	0.734375	0.501953125	0.74365234375	-1.0	8.0	38
爍	0.697265625	0.190673828125	0.70703125	0.200439453125	-1.0	7.0	38
爐	0.68701171875	0.190673828125	0.69677734375	0.200439453125	-1.0	7.0	38
爛	0.3515625	0.686279296875	0.36083984375	0.69580078125	-1.0	8.0	38
爝	0.16015625	0.599609375	0.169677734375	0.609130859375	-1.0	8.0	38
爨	0.9638671875	0.7431640625	0.9736328125	0.75244140625	-1.0	9.0	38
爪	0.205078125	0.859619140625	0.21484375	0.86865234375	-1.0	9.0	38
爬	0.15380859375	0.482421875	0.16357421875	0.491943359375	-1.0	8.0	38
爭	0.330322265625	0.77294921875	0.33984375	0.7822265625	-1.0	8.0	38
爰	0.1435546875	0.482421875	0.1533203125	0.491943359375	-1.0	8.0	38
爱	0.13330078125	0.482421875	0.14306640625	0.491943359375	-1.0	8.0	38
爵	0.656982421875	0.70556640625	0.666015625	0.715087890625	1.0	8.0	38
父	0.3603515625	0.772705078125	0.369873046875	0.781982421875	-1.0	8.0	38
爷	0.66650390625	0.190673828125	0.67626953125	0.200439453125	-1.0	7.0	38
爸	0.21533203125	0.736083984375	0.22509765625	0.745361328125	-1.0	7.0	38
爹	0.170166015625	0.599609375	0.1796875	0.609130859375	-1.0	8.0	38
爺	0.615234375	0.19091796875	0.625	0.20068359375	-1.0	7.0	38
爻	0.18017578125	0.599609375	0.189697265625	0.609130859375	-1.0	8.0	38
爽	0.9609375	0.330322265625	0.970458984375	0.340087890625	-1.0	7.0	38
爾	0.74853515625	0.734130859375	0.75830078125	0.743408203125	-1.0	9.0	38
爿	0.170654296875	0.716796875	0.178466796875	0.726318359375	0.0	8.0	38
牆	0.0615234375	0.482421875	0.0712890625	0.491943359375	-1.0	8.0	38
片	0.654296875	0.4111328125	0.66357421875	0.4208984375	0.0	7.0	38
版	0.041015625	0.482421875	0.05078125	0.491943359375	-1.0	8.0	38
牌	0.5537109375	0.19091796875	0.5634765625	0.20068359375	-1.0	7.0	38
牍	0.54345703125	0.19091796875	0.55322265625	0.20068359375	-1.0	7.0	38
牒	0.533203125	0.19091796875	0.54296875	0.20068359375	-1.0	7.0	38
牖	0.52294921875	0.19091796875	0.53271484375	0.20068359375	-1.0	7.0	38
牘	0.4921875	0.19091796875	0.501953125	0.20068359375	-1.0	7.0	38
牙	0.090087890625	0.89697265625	0.099609375	0.90576171875	-1.0	10.0	38
牛	0.190185546875	0.599609375	0.19970703125	0.609130859375	-1.0	7.0	38
牝	0.48193359375	0.19091796875	0.49169921875	0.20068359375	-1.0	7.0	38
牟	0.880859375	0.33056640625	0.890380859375	0.34033203125	0.0	7.0	38
牠	0.44091796875	0.19091796875	0.45068359375	0.20068359375	-1.0	7.0	38
牡	0.2001953125	0.599609375	0.209716796875	0.609130859375	-1.0	8.0	38
牢	0.210205078125	0.599609375	0.2197265625	0.609130859375	0.0	7.0	38
牦	0.39990234375	0.19091796875	0.40966796875	0.20068359375	-1.0	7.0	38
牧	0.870849609375	0.33056640625	0.88037109375	0.34033203125	-1.0	7.0	38
物	0.830810546875	0.33056640625	0.84033203125	0.34033203125	-1.0	7.0	38
牮	0.82080078125	0.33056640625	0.830322265625	0.34033203125	-1.0	7.0	38
牯	0.35888671875	0.19091796875	0.36865234375	0.20068359375	-1.0	7.0	38
牲	0.287109375	0.191162109375	0.296875	0.200927734375	-1.0	7.0	38
牴	0.56396484375	0.56884765625	0.57373046875	0.578369140625	-1.0	8.0	38
牵	0.322265625	0.42138671875	0.33154296875	0.43115234375	0.0	7.0	38
特	0.27685546875	0.191162109375	0.28662109375	0.200927734375	-1.0	7.0	38
牺	0.15380859375	0.1923828125	0.16357421875	0.2021484375	-1.0	7.0	38
牽	0.380859375	0.696044921875	0.39013671875	0.70556640625	0.0	7.0	38
牾	0.1435546875	0.1923828125	0.1533203125	0.2021484375	-1.0	7.0	38
牿	0.11279296875	0.1923828125	0.12255859375	0.2021484375	-1.0	7.0	38
犀	0.94091796875	0.771728515625	0.950439453125	0.781005859375	-1.0	9.0	38
犁	0.230224609375	0.599609375	0.23974609375	0.609130859375	0.0	8.0	38
犄	0.1025390625	0.1923828125	0.1123046875	0.2021484375	-1.0	7.0	38
犊	0.09228515625	0.1923828125	0.10205078125	0.2021484375	-1.0	7.0	38
犋	0.05126953125	0.1923828125	0.06103515625	0.2021484375	-1.0	7.0	38
犍	0.03076171875	0.1923828125	0.04052734375	0.2021484375	-1.0	7.0	38
犏	0.7607421875	0.33056640625	0.770263671875	0.34033203125	-1.0	7.0	38
犒	0.750732421875	0.33056640625	0.76025390625	0.34033203125	-1.0	7.0	38
犖	0.7236328125	0.450927734375	0.732666015625	0.460693359375	0.0	7.0	38
犛	0.730712890625	0.33056640625	0.740234375	0.34033203125	-1.0	7.0	38
犟	0.1201171875	0.78369140625	0.129638671875	0.79296875	0.0	9.0	38
犢	0.0	0.1923828125	0.009765625	0.2021484375	-1.0	7.0	38
犧	0.95361328125	0.18017578125	0.96337890625	0.18994140625	-1.0	7.0	38
犬	0.690673828125	0.330810546875	0.7001953125	0.340576171875	-1.0	7.0	38
犭	0.1171875	0.850341796875	0.12255859375	0.859619140625	-1.0	8.0	38
犯	0.1845703125	0.7646484375	0.1943359375	0.77392578125	-1.0	8.0	38
犰	0.943359375	0.18017578125	0.953125	0.18994140625	-1.0	7.0	38
犴	0.3603515625	0.867431640625	0.369873046875	0.87646484375	-1.0	9.0	38
状	0.9228515625	0.180419921875	0.9326171875	0.190185546875	-1.0	7.0	38
犷	0.640625	0.3310546875	0.650146484375	0.3408203125	-1.0	7.0	38
犸	0.29296875	0.81103515625	0.30224609375	0.8203125	-1.0	8.0	38
犹	0.54345703125	0.54931640625	0.55322265625	0.558837890625	-1.0	7.0	38
狀	0.50244140625	0.54931640625	0.51220703125	0.558837890625	-1.0	8.0	38
狁	0.91259765625	0.180419921875	0.92236328125	0.190185546875	-1.0	7.0	38
狂	0.31787109375	0.8583984375	0.32763671875	0.867431640625	-1.0	8.0	38
狃	0.30029296875	0.782470703125	0.309814453125	0.791748046875	-1.0	8.0	38
狄	0.90234375	0.180419921875	0.912109375	0.190185546875	-1.0	7.0	38
狈	0.09228515625	0.7646484375	0.10205078125	0.77392578125	-1.0	9.0	38
狍	0.35888671875	0.549560546875	0.36865234375	0.55908203125	-1.0	7.0	38
狎	0.654296875	0.810546875	0.66357421875	0.81982421875	-1.0	9.0	38
狐	0.0	0.7646484375	0.009765625	0.77392578125	-1.0	8.0	38
狒	0.250244140625	0.5986328125	0.259765625	0.608154296875	-1.0	8.0	38
狗	0.712890625	0.656494140625	0.72216796875	0.666015625	-1.0	7.0	38
狙	0.13916015625	0.850341796875	0.14892578125	0.859375	-1.0	9.0	38
狞	0.26025390625	0.598388671875	0.269775390625	0.60791015625	-1.0	7.0	38
狠	0.33837890625	0.549560546875	0.34814453125	0.55908203125	-1.0	8.0	38
狡	0.590576171875	0.3310546875	0.60009765625	0.3408203125	-1.0	7.0	38
狨	0.0615234375	0.55078125	0.0712890625	0.560302734375	-1.0	7.0	38
狩	0.8203125	0.538818359375	0.830078125	0.54833984375	-1.0	7.0	38
独	0.74853515625	0.538818359375	0.75830078125	0.54833984375	-1.0	7.0	38
狭	0.270263671875	0.598388671875	0.27978515625	0.60791015625	-1.0	8.0	38
狮	0.62548828125	0.53955078125	0.63525390625	0.549072265625	-1.0	8.0	38
狯	0.72802734375	0.753173828125	0.73779296875	0.762451171875	-1.0	8.0	38
狰	0.58447265625	0.53955078125	0.59423828125	0.549072265625	-1.0	7.0	38
狱	0.7587890625	0.180419921875	0.7685546875	0.190185546875	-1.0	7.0	38
狲	0.64599609375	0.75341796875	0.65576171875	0.7626953125	-1.0	8.0	38
狳	0.62548828125	0.75341796875	0.63525390625	0.7626953125	-1.0	8.0	38
狴	0.58447265625	0.75341796875	0.59423828125	0.7626953125	-1.0	8.0	38
狷	0.3515625	0.8203125	0.36083984375	0.82958984375	-1.0	9.0	38
狸	0.57421875	0.75341796875	0.583984375	0.7626953125	-1.0	8.0	38
狹	0.73828125	0.180419921875	0.748046875	0.190185546875	-1.0	7.0	38
狺	0.72802734375	0.180419921875	0.73779296875	0.190185546875	-1.0	7.0	38
狻	0.7177734375	0.180419921875	0.7275390625	0.190185546875	-1.0	7.0	38
狼	0.70751953125	0.180419921875	0.71728515625	0.190185546875	-1.0	7.0	38
狽	0.93310546875	0.529052734375	0.94287109375	0.53857421875	-1.0	8.0	38
猁	0.537109375	0.65673828125	0.54638671875	0.666259765625	-1.0	8.0	38
猃	0.50244140625	0.75341796875	0.51220703125	0.7626953125	-1.0	8.0	38
猊	0.2802734375	0.598388671875	0.289794921875	0.60791015625	-1.0	8.0	38
猎	0.3203125	0.331298828125	0.329833984375	0.341064453125	-1.0	7.0	38
猓	0.8818359375	0.529052734375	0.8916015625	0.53857421875	-1.0	8.0	38
猕	0.1435546875	0.521484375	0.1533203125	0.531005859375	-1.0	7.0	38
猖	0.806884765625	0.828857421875	0.81591796875	0.838134765625	-1.0	9.0	38
猗	0.01025390625	0.521484375	0.02001953125	0.531005859375	-1.0	7.0	38
猙	0.4306640625	0.75341796875	0.4404296875	0.7626953125	-1.0	8.0	38
猛	0.41015625	0.75341796875	0.419921875	0.7626953125	-1.0	8.0	38
猜	0.943359375	0.509521484375	0.953125	0.51904296875	-1.0	7.0	38
猝	0.48193359375	0.180908203125	0.49169921875	0.190673828125	-1.0	7.0	38
猞	0.861328125	0.499755859375	0.87109375	0.50927734375	-1.0	7.0	38
猡	0.869140625	0.809814453125	0.87841796875	0.819091796875	-1.0	8.0	38
猢	0.302734375	0.656982421875	0.31201171875	0.66650390625	-1.0	8.0	38
猥	0.33837890625	0.753662109375	0.34814453125	0.762939453125	-1.0	9.0	38
猩	0.451416015625	0.885986328125	0.461181640625	0.894775390625	-1.0	9.0	38
猪	0.450439453125	0.321044921875	0.4599609375	0.330810546875	-1.0	7.0	38
猫	0.68701171875	0.500244140625	0.69677734375	0.509765625	-1.0	8.0	38
猬	0.78125	0.809814453125	0.79052734375	0.819091796875	-1.0	9.0	38
献	0.930908203125	0.310546875	0.9404296875	0.3203125	0.0	7.0	38
猱	0.2666015625	0.754150390625	0.2763671875	0.763427734375	-1.0	9.0	38
猴	0.5537109375	0.1708984375	0.5634765625	0.1806640625	-1.0	7.0	38
猶	0.290283203125	0.598388671875	0.2998046875	0.60791015625	-1.0	7.0	38
猷	0.2001953125	0.3125	0.209716796875	0.322265625	0.0	7.0	38
猸	0.2734375	0.656982421875	0.28271484375	0.66650390625	-1.0	8.0	38
猹	0.30029296875	0.598388671875	0.309814453125	0.60791015625	-1.0	7.0	38
猾	0.595703125	0.810546875	0.60498046875	0.81982421875	-1.0	9.0	38
猿	0.44091796875	0.1708984375	0.45068359375	0.1806640625	-1.0	7.0	38
獄	0.0	0.521484375	0.009765625	0.531005859375	-1.0	8.0	38
獅	0.62548828125	0.51025390625	0.63525390625	0.519775390625	-1.0	8.0	38
獍	0.05126953125	0.17236328125	0.06103515625	0.18212890625	-1.0	7.0	38
獎	0.82080078125	0.300537109375	0.830322265625	0.310302734375	-1.0	7.0	38
獐	0.74853515625	0.160400390625	0.75830078125	0.170166015625	-1.0	7.0	38
獒	0.70751953125	0.160400390625	0.71728515625	0.170166015625	-1.0	7.0	38
獗	0.95361328125	0.470458984375	0.96337890625	0.47998046875	-1.0	8.0	38
獠	0.93310546875	0.470458984375	0.94287109375	0.47998046875	-1.0	7.0	38
獨	0.51171875	0.82958984375	0.520751953125	0.8388671875	-1.0	9.0	38
獬	0.52294921875	0.160888671875	0.53271484375	0.170654296875	-1.0	7.0	38
獭	0.451171875	0.160888671875	0.4609375	0.170654296875	-1.0	7.0	38
獯	0.310302734375	0.598388671875	0.31982421875	0.60791015625	-1.0	8.0	38
獰	0.3203125	0.598388671875	0.329833984375	0.60791015625	-1.0	7.0	38
獲	0.44091796875	0.160888671875	0.45068359375	0.170654296875	-1.0	7.0	38
獵	0.39990234375	0.160888671875	0.40966796875	0.170654296875	-1.0	7.0	38
獷	0.1435546875	0.162353515625	0.1533203125	0.172119140625	-1.0	7.0	38
獸	0.13330078125	0.162353515625	0.14306640625	0.172119140625	-1.0	7.0	38
獺	0.11279296875	0.162353515625	0.12255859375	0.172119140625	-1.0	7.0	38
獻	0.03076171875	0.162353515625	0.04052734375	0.172119140625	-1.0	7.0	38
獾	0.250244140625	0.28125	0.259765625	0.291015625	-1.0	7.0	38
玀	0.330322265625	0.598388671875	0.33984375	0.60791015625	-1.0	8.0	38
玄	0.009765625	0.658203125	0.01904296875	0.667724609375	0.0	7.0	38
玆	0.890869140625	0.2705078125	0.900390625	0.2802734375	-1.0	7.0	38
率	0.720703125	0.2705078125	0.730224609375	0.2802734375	-1.0	7.0	38
玉	0.49560546875	0.91259765625	0.5048828125	0.9208984375	0.0	10.0	38
王	0.341064453125	0.922119140625	0.350341796875	0.93017578125	0.0	11.0	38
玎	0.338623046875	0.88623046875	0.348388671875	0.89501953125	-1.0	10.0	38
玑	0.2724609375	0.849609375	0.2822265625	0.858642578125	-1.0	10.0	38
玖	0.73828125	0.150390625	0.748046875	0.16015625	-1.0	7.0	38
玛	0.048828125	0.87841796875	0.05810546875	0.887451171875	-1.0	9.0	38
玟	0.2255859375	0.560546875	0.2353515625	0.570068359375	-1.0	7.0	38
玢	0.70751953125	0.150390625	0.71728515625	0.16015625	-1.0	7.0	38
玥	0.98486328125	0.80029296875	0.994140625	0.8095703125	-1.0	9.0	38
玨	0.372802734375	0.904296875	0.382568359375	0.912841796875	-1.0	10.0	38
玩	0.28271484375	0.849365234375	0.29248046875	0.8583984375	-1.0	10.0	38
玫	0.697265625	0.150634765625	0.70703125	0.160400390625	-1.0	7.0	38
玮	0.270263671875	0.271240234375	0.27978515625	0.281005859375	-1.0	7.0	38
环	0.38037109375	0.867431640625	0.389892578125	0.87646484375	-1.0	10.0	38
现	0.8408203125	0.7431640625	0.8505859375	0.75244140625	-1.0	9.0	38
玲	0.54345703125	0.15087890625	0.55322265625	0.16064453125	-1.0	7.0	38
玳	0.52294921875	0.15087890625	0.53271484375	0.16064453125	-1.0	7.0	38
玷	0.4921875	0.15087890625	0.501953125	0.16064453125	-1.0	7.0	38
玺	0.74072265625	0.78173828125	0.750244140625	0.791015625	-1.0	7.0	38
玻	0.41015625	0.15087890625	0.419921875	0.16064453125	-1.0	7.0	38
珀	0.7578125	0.390625	0.76708984375	0.400390625	-1.0	7.0	38
珂	0.328369140625	0.88623046875	0.338134765625	0.89501953125	-1.0	10.0	38
珈	0.732421875	0.6953125	0.74169921875	0.704833984375	-1.0	8.0	38
珉	0.72802734375	0.74365234375	0.73779296875	0.7529296875	-1.0	9.0	38
珊	0.690673828125	0.8671875	0.7001953125	0.876220703125	-1.0	9.0	38
珍	0.23583984375	0.151123046875	0.24560546875	0.160888671875	-1.0	7.0	38
珏	0.342041015625	0.904296875	0.351806640625	0.912841796875	-1.0	10.0	38
珐	0.2255859375	0.1513671875	0.2353515625	0.1611328125	-1.0	7.0	38
珑	0.21533203125	0.151611328125	0.22509765625	0.161376953125	-1.0	7.0	38
珙	0.66650390625	0.53955078125	0.67626953125	0.549072265625	-1.0	8.0	38
珞	0.1845703125	0.15234375	0.1943359375	0.162109375	-1.0	7.0	38
珠	0.6357421875	0.53955078125	0.6455078125	0.549072265625	-1.0	7.0	38
珥	0.29296875	0.84912109375	0.302734375	0.858154296875	-1.0	10.0	38
珧	0.5947265625	0.53955078125	0.6044921875	0.549072265625	-1.0	8.0	38
珩	0.11279296875	0.15234375	0.12255859375	0.162109375	-1.0	7.0	38
珪	0.5947265625	0.743896484375	0.6044921875	0.753173828125	-1.0	7.0	38
班	0.350341796875	0.598388671875	0.35986328125	0.60791015625	-1.0	8.0	38
珮	0.30322265625	0.84912109375	0.31298828125	0.858154296875	-1.0	9.0	38
珲	0.57421875	0.743896484375	0.583984375	0.753173828125	-1.0	9.0	38
現	0.5537109375	0.743896484375	0.5634765625	0.753173828125	-1.0	9.0	38
球	0.54345703125	0.743896484375	0.55322265625	0.753173828125	-1.0	8.0	38
琅	0.9365234375	0.250244140625	0.946044921875	0.260009765625	-1.0	7.0	38
理	0.410400390625	0.885986328125	0.420166015625	0.894775390625	-1.0	9.0	38
琉	0.78955078125	0.140380859375	0.79931640625	0.150146484375	-1.0	7.0	38
琊	0.553955078125	0.8857421875	0.563720703125	0.89453125	-1.0	10.0	38
琍	0.5859375	0.69580078125	0.59521484375	0.705322265625	-1.0	8.0	38
琏	0.5947265625	0.52001953125	0.6044921875	0.529541015625	-1.0	7.0	38
琐	0.68701171875	0.140625	0.69677734375	0.150390625	-1.0	7.0	38
琚	0.86083984375	0.78125	0.870361328125	0.79052734375	-1.0	9.0	38
琛	0.32373046875	0.84912109375	0.33349609375	0.858154296875	-1.0	10.0	38
琢	0.502685546875	0.8857421875	0.512451171875	0.89453125	-1.0	10.0	38
琥	0.0400390625	0.392578125	0.049560546875	0.40234375	-1.0	7.0	38
琦	0.46142578125	0.52001953125	0.47119140625	0.529541015625	-1.0	7.0	38
琨	0.36474609375	0.848876953125	0.37451171875	0.85791015625	-1.0	9.0	38
琪	0.451171875	0.52001953125	0.4609375	0.529541015625	-1.0	8.0	38
琬	0.64599609375	0.140625	0.65576171875	0.150390625	-1.0	7.0	38
琮	0.35888671875	0.520263671875	0.36865234375	0.52978515625	-1.0	7.0	38
琯	0.850830078125	0.380615234375	0.8603515625	0.390380859375	-1.0	7.0	38
琰	0.615234375	0.140869140625	0.625	0.150634765625	-1.0	7.0	38
琳	0.60498046875	0.140869140625	0.61474609375	0.150634765625	-1.0	7.0	38
琴	0.37939453125	0.744140625	0.38916015625	0.75341796875	-1.0	9.0	38
琵	0.46875	0.87646484375	0.47802734375	0.885498046875	0.0	9.0	38
琶	0.10009765625	0.89697265625	0.109619140625	0.90576171875	0.0	9.0	38
琺	0.369140625	0.744140625	0.37890625	0.75341796875	-1.0	8.0	38
琼	0.2255859375	0.521484375	0.2353515625	0.531005859375	-1.0	7.0	38
琿	0.33837890625	0.744140625	0.34814453125	0.75341796875	-1.0	9.0	38
瑁	0.751953125	0.81982421875	0.76123046875	0.8291015625	-1.0	9.0	38
瑕	0.870849609375	0.78125	0.88037109375	0.79052734375	-1.0	9.0	38
瑗	0.328125	0.744384765625	0.337890625	0.753662109375	-1.0	9.0	38
瑙	0.3603515625	0.598388671875	0.369873046875	0.60791015625	-1.0	8.0	38
瑚	0.533203125	0.70556640625	0.542236328125	0.715087890625	-1.0	8.0	38
瑛	0.21533203125	0.521484375	0.22509765625	0.531005859375	-1.0	8.0	38
瑜	0.56396484375	0.140869140625	0.57373046875	0.150634765625	-1.0	7.0	38
瑞	0.4921875	0.140869140625	0.501953125	0.150634765625	-1.0	7.0	38
瑟	0.543701171875	0.8857421875	0.553466796875	0.89453125	-1.0	9.0	38
瑣	0.62060546875	0.381103515625	0.630126953125	0.390869140625	-1.0	7.0	38
瑤	0.48193359375	0.140869140625	0.49169921875	0.150634765625	-1.0	7.0	38
瑩	0.90576171875	0.695068359375	0.914794921875	0.70458984375	0.0	7.0	38
瑪	0.46044921875	0.8671875	0.469970703125	0.876220703125	-1.0	9.0	38
瑭	0.2255859375	0.141357421875	0.2353515625	0.151123046875	-1.0	7.0	38
瑯	0.350341796875	0.38134765625	0.35986328125	0.39111328125	-1.0	7.0	38
瑰	0.984375	0.130126953125	0.994140625	0.139892578125	-1.0	7.0	38
瑶	0.09228515625	0.74560546875	0.10205078125	0.7548828125	-1.0	9.0	38
瑷	0.90087890625	0.78125	0.910400390625	0.79052734375	-1.0	9.0	38
瑾	0.08203125	0.74560546875	0.091796875	0.7548828125	-1.0	7.0	38
璀	0.1201171875	0.382568359375	0.129638671875	0.392333984375	-1.0	7.0	38
璁	0.615234375	0.50048828125	0.625	0.510009765625	-1.0	7.0	38
璃	0.090087890625	0.382568359375	0.099609375	0.392333984375	-1.0	7.0	38
璇	0.74853515625	0.13037109375	0.75830078125	0.14013671875	-1.0	7.0	38
璋	0.73828125	0.13037109375	0.748046875	0.14013671875	-1.0	7.0	38
璎	0.910888671875	0.78125	0.92041015625	0.79052734375	-1.0	9.0	38
璐	0.46142578125	0.50048828125	0.47119140625	0.510009765625	-1.0	8.0	38
璘	0.44091796875	0.50048828125	0.45068359375	0.510009765625	-1.0	8.0	38
璜	0.0	0.382568359375	0.009521484375	0.392333984375	-1.0	7.0	38
璞	0.5537109375	0.130859375	0.5634765625	0.140625	-1.0	7.0	38
璟	0.375	0.848876953125	0.384765625	0.85791015625	-1.0	9.0	38
璣	0.0	0.501953125	0.009765625	0.511474609375	-1.0	8.0	38
璦	0.615234375	0.49072265625	0.625	0.500244140625	-1.0	8.0	38
璧	0.9609375	0.78125	0.970458984375	0.79052734375	-1.0	7.0	38
璨	0.31787109375	0.131103515625	0.32763671875	0.140869140625	-1.0	7.0	38
璩	0.3076171875	0.131103515625	0.3173828125	0.140869140625	-1.0	7.0	38
環	0.9638671875	0.733642578125	0.9736328125	0.742919921875	-1.0	9.0	38
璺	0.52685546875	0.894775390625	0.535888671875	0.903564453125	0.0	9.0	38
璽	0.78466796875	0.885498046875	0.794189453125	0.894287109375	-1.0	9.0	38
璿	0.23583984375	0.131103515625	0.24560546875	0.140869140625	-1.0	7.0	38
瓊	0.205078125	0.13232421875	0.21484375	0.14208984375	-1.0	7.0	38
瓏	0.8203125	0.480224609375	0.830078125	0.48974609375	-1.0	7.0	38
瓒	0.1435546875	0.13232421875	0.1533203125	0.14208984375	-1.0	7.0	38
瓔	0.91259765625	0.733642578125	0.92236328125	0.742919921875	-1.0	9.0	38
瓖	0.11279296875	0.13232421875	0.12255859375	0.14208984375	-1.0	7.0	38
瓚	0.01025390625	0.13232421875	0.02001953125	0.14208984375	-1.0	7.0	38
瓜	0.27685546875	0.481201171875	0.28662109375	0.49072265625	-1.0	8.0	38
瓞	0.24609375	0.4814453125	0.255859375	0.490966796875	-1.0	8.0	38
瓠	0.93310546875	0.1201171875	0.94287109375	0.1298828125	-1.0	7.0	38
瓢	0.87158203125	0.733642578125	0.88134765625	0.742919921875	-1.0	9.0	38
瓣	0.010009765625	0.37255859375	0.01953125	0.38232421875	0.0	7.0	38
瓤	0.91259765625	0.120361328125	0.92236328125	0.130126953125	-1.0	7.0	38
瓦	0.423095703125	0.904052734375	0.4326171875	0.91259765625	-1.0	10.0	38
瓩	0.06005859375	0.869140625	0.069580078125	0.878173828125	-1.0	9.0	38
瓮	0.1640625	0.482421875	0.173828125	0.491943359375	-1.0	7.0	38
瓯	0.1494140625	0.896728515625	0.15869140625	0.905517578125	1.0	10.0	38
瓴	0.779296875	0.733642578125	0.7890625	0.742919921875	-1.0	8.0	38
瓶	0.861328125	0.120361328125	0.87109375	0.130126953125	-1.0	7.0	38
瓷	0.98095703125	0.78125	0.990478515625	0.79052734375	0.0	8.0	38
瓿	0.830810546875	0.360595703125	0.84033203125	0.370361328125	-1.0	7.0	38
甄	0.593017578125	0.85791015625	0.6025390625	0.866943359375	-1.0	9.0	38
甌	0.1787109375	0.896728515625	0.18798828125	0.905517578125	1.0	10.0	38
甍	0.3125	0.820556640625	0.32177734375	0.829833984375	0.0	8.0	38
甏	0.370361328125	0.598388671875	0.3798828125	0.60791015625	-1.0	7.0	38
甑	0.83984375	0.41064453125	0.84912109375	0.42041015625	0.0	7.0	38
甓	0.01025390625	0.482421875	0.02001953125	0.491943359375	-1.0	7.0	38
甕	0.38037109375	0.598388671875	0.389892578125	0.60791015625	0.0	7.0	38
甘	0.390380859375	0.59814453125	0.39990234375	0.607666015625	-1.0	8.0	38
甙	0.630615234375	0.361083984375	0.64013671875	0.370849609375	-1.0	7.0	38
甚	0.0400390625	0.793212890625	0.049560546875	0.802490234375	-1.0	7.0	38
甜	0.48046875	0.361083984375	0.489990234375	0.370849609375	-1.0	7.0	38
生	0.170166015625	0.868896484375	0.1796875	0.8779296875	-1.0	7.0	38
產	0.310302734375	0.361328125	0.31982421875	0.37109375	-1.0	7.0	38
甥	0.146484375	0.697265625	0.15576171875	0.706787109375	-1.0	8.0	38
甦	0.39990234375	0.56884765625	0.40966796875	0.578369140625	-1.0	8.0	38
用	0.483154296875	0.82958984375	0.4921875	0.8388671875	-1.0	9.0	38
甩	0.5185546875	0.8486328125	0.5283203125	0.857666015625	-1.0	10.0	38
甫	0.676025390625	0.450927734375	0.68505859375	0.460693359375	0.0	7.0	38
甬	0.0791015625	0.8876953125	0.08740234375	0.896728515625	2.0	9.0	38
甭	0.06005859375	0.793212890625	0.069580078125	0.802490234375	-1.0	9.0	38
甯	0.5712890625	0.451171875	0.580322265625	0.4609375	0.0	7.0	38
田	0.9765625	0.89404296875	0.98486328125	0.90283203125	2.0	10.0	38
由	0.991455078125	0.69482421875	0.99951171875	0.704345703125	2.0	7.0	38
甲	0.05029296875	0.850341796875	0.05810546875	0.859619140625	3.0	9.0	38
申	0.44873046875	0.461181640625	0.456787109375	0.470947265625	2.0	7.0	38
甴	0.14501953125	0.716796875	0.153076171875	0.726318359375	2.0	7.0	38
电	0.224609375	0.82177734375	0.23388671875	0.8310546875	1.0	7.0	38
男	0.4736328125	0.82958984375	0.482666015625	0.8388671875	0.0	9.0	38
甸	0.123779296875	0.70703125	0.1328125	0.716552734375	-1.0	7.0	38
町	0.3154296875	0.8955078125	0.32470703125	0.904296875	1.0	10.0	38
画	0.17578125	0.82177734375	0.18505859375	0.8310546875	0.0	9.0	38
甽	0.199951171875	0.70703125	0.208984375	0.716552734375	0.0	8.0	38
甾	0.990966796875	0.330322265625	0.99951171875	0.340087890625	1.0	7.0	38
畀	0.10009765625	0.793212890625	0.109619140625	0.802490234375	-1.0	9.0	38
畅	0.218994140625	0.70703125	0.22802734375	0.716552734375	0.0	7.0	38
畈	0.234375	0.82177734375	0.24365234375	0.8310546875	1.0	9.0	38
畋	0.986328125	0.400390625	0.99560546875	0.41015625	1.0	7.0	38
界	0.110107421875	0.793212890625	0.11962890625	0.802490234375	-1.0	9.0	38
畎	0.09765625	0.697265625	0.10693359375	0.706787109375	1.0	8.0	38
畏	0.1201171875	0.793212890625	0.129638671875	0.802490234375	-1.0	9.0	38
畔	0.51416015625	0.451171875	0.523193359375	0.4609375	1.0	7.0	38
留	0.15771484375	0.8408203125	0.16650390625	0.85009765625	0.0	8.0	38
畚	0.4716796875	0.120849609375	0.4814453125	0.130615234375	-1.0	7.0	38
畛	0.341796875	0.8203125	0.35107421875	0.82958984375	0.0	8.0	38
畜	0.510498046875	0.35107421875	0.52001953125	0.36083984375	-1.0	7.0	38
畝	0.1025390625	0.122314453125	0.1123046875	0.132080078125	-1.0	7.0	38
畢	0.97021484375	0.866455078125	0.9794921875	0.87548828125	0.0	9.0	38
略	0.3125	0.44140625	0.32177734375	0.451171875	1.0	7.0	38
畦	0.60546875	0.820068359375	0.61474609375	0.829345703125	1.0	7.0	38
番	0.76904296875	0.509521484375	0.77880859375	0.51904296875	-1.0	8.0	38
畫	0.170166015625	0.793212890625	0.1796875	0.802490234375	-1.0	7.0	38
異	0.190185546875	0.793212890625	0.19970703125	0.802490234375	-1.0	9.0	38
畲	0.0615234375	0.122314453125	0.0712890625	0.132080078125	-1.0	7.0	38
畴	0.238037109375	0.70703125	0.2470703125	0.716552734375	1.0	7.0	38
當	0.257080078125	0.451416015625	0.26611328125	0.461181640625	1.0	7.0	38
畸	0.986328125	0.68505859375	0.99560546875	0.694580078125	1.0	7.0	38
畹	0.078125	0.442626953125	0.08740234375	0.452392578125	1.0	7.0	38
畿	0.400390625	0.59814453125	0.409912109375	0.607666015625	0.0	8.0	38
疃	0.9765625	0.685302734375	0.98583984375	0.69482421875	1.0	7.0	38
疆	0.22021484375	0.868896484375	0.229736328125	0.8779296875	-1.0	9.0	38
疇	0.947265625	0.685302734375	0.95654296875	0.69482421875	1.0	7.0	38
疊	0.110107421875	0.89697265625	0.11962890625	0.90576171875	-1.0	9.0	38
疋	0.20068359375	0.850341796875	0.21044921875	0.859375	-1.0	10.0	38
疏	0.03076171875	0.122314453125	0.04052734375	0.132080078125	-1.0	7.0	38
疑	0.410400390625	0.59814453125	0.419921875	0.607666015625	-1.0	8.0	38
疒	0.720703125	0.340576171875	0.730224609375	0.350341796875	-1.0	7.0	38
疔	0.710693359375	0.3408203125	0.72021484375	0.3505859375	-1.0	7.0	38
疖	0.6806640625	0.3408203125	0.690185546875	0.3505859375	-1.0	7.0	38
疗	0.670654296875	0.3408203125	0.68017578125	0.3505859375	-1.0	7.0	38
疙	0.590576171875	0.341064453125	0.60009765625	0.350830078125	-1.0	7.0	38
疚	0.01025390625	0.122314453125	0.02001953125	0.132080078125	-1.0	7.0	38
疝	0.470458984375	0.341064453125	0.47998046875	0.350830078125	-1.0	7.0	38
疟	0.46044921875	0.341064453125	0.469970703125	0.350830078125	-1.0	7.0	38
疠	0.330322265625	0.34130859375	0.33984375	0.35107421875	-1.0	7.0	38
疡	0.310302734375	0.34130859375	0.31982421875	0.35107421875	-1.0	7.0	38
疢	0.30029296875	0.34130859375	0.309814453125	0.35107421875	-1.0	7.0	38
疣	0.90234375	0.1103515625	0.912109375	0.1201171875	-1.0	7.0	38
疤	0.87158203125	0.1103515625	0.88134765625	0.1201171875	-1.0	7.0	38
疥	0.010009765625	0.342529296875	0.01953125	0.352294921875	-1.0	7.0	38
疫	0.930908203125	0.33056640625	0.9404296875	0.34033203125	-1.0	7.0	38
疬	0.9208984375	0.33056640625	0.930419921875	0.34033203125	-1.0	7.0	38
疮	0.910888671875	0.33056640625	0.92041015625	0.34033203125	-1.0	7.0	38
疯	0.8408203125	0.1103515625	0.8505859375	0.1201171875	-1.0	7.0	38
疰	0.328125	0.111083984375	0.337890625	0.120849609375	-1.0	7.0	38
疱	0.31787109375	0.111083984375	0.32763671875	0.120849609375	-1.0	7.0	38
疲	0.770751953125	0.310546875	0.7802734375	0.3203125	-1.0	7.0	38
疳	0.6806640625	0.310791015625	0.690185546875	0.320556640625	-1.0	7.0	38
疴	0.630615234375	0.31103515625	0.64013671875	0.32080078125	-1.0	7.0	38
疵	0.30029296875	0.311279296875	0.309814453125	0.321044921875	-1.0	7.0	38
疸	0.23583984375	0.111083984375	0.24560546875	0.120849609375	-1.0	7.0	38
疹	0.19482421875	0.1123046875	0.20458984375	0.1220703125	-1.0	7.0	38
疼	0.17431640625	0.1123046875	0.18408203125	0.1220703125	-1.0	7.0	38
疽	0.15380859375	0.1123046875	0.16357421875	0.1220703125	-1.0	7.0	38
疾	0.790771484375	0.300537109375	0.80029296875	0.310302734375	-1.0	7.0	38
痂	0.7607421875	0.300537109375	0.770263671875	0.310302734375	-1.0	7.0	38
痃	0.750732421875	0.300537109375	0.76025390625	0.310302734375	-1.0	7.0	38
痄	0.74072265625	0.300537109375	0.750244140625	0.310302734375	-1.0	7.0	38
病	0.42041015625	0.59814453125	0.429931640625	0.607666015625	-1.0	7.0	38
症	0.1025390625	0.1123046875	0.1123046875	0.1220703125	-1.0	7.0	38
痈	0.70068359375	0.30078125	0.710205078125	0.310546875	-1.0	7.0	38
痉	0.9638671875	0.47021484375	0.9736328125	0.479736328125	-1.0	7.0	38
痊	0.9228515625	0.470458984375	0.9326171875	0.47998046875	-1.0	7.0	38
痍	0.08203125	0.1123046875	0.091796875	0.1220703125	-1.0	7.0	38
痒	0.530517578125	0.301025390625	0.5400390625	0.310791015625	-1.0	7.0	38
痔	0.430419921875	0.59814453125	0.43994140625	0.607666015625	-1.0	7.0	38
痕	0.0615234375	0.1123046875	0.0712890625	0.1220703125	-1.0	7.0	38
痖	0.041015625	0.1123046875	0.05078125	0.1220703125	-1.0	7.0	38
痘	0.03076171875	0.1123046875	0.04052734375	0.1220703125	-1.0	7.0	38
痙	0.4404296875	0.59814453125	0.449951171875	0.607666015625	-1.0	7.0	38
痛	0.0205078125	0.1123046875	0.0302734375	0.1220703125	-1.0	7.0	38
痞	0.170166015625	0.302490234375	0.1796875	0.312255859375	-1.0	7.0	38
痠	0.150146484375	0.302490234375	0.15966796875	0.312255859375	-1.0	7.0	38
痢	0.97412109375	0.10009765625	0.98388671875	0.10986328125	-1.0	7.0	38
痣	0.33837890625	0.578857421875	0.34814453125	0.58837890625	-1.0	7.0	38
痤	0.31787109375	0.578857421875	0.32763671875	0.58837890625	-1.0	7.0	38
痦	0.9609375	0.290283203125	0.970458984375	0.300048828125	-1.0	7.0	38
痧	0.95361328125	0.10009765625	0.96337890625	0.10986328125	-1.0	7.0	38
痨	0.710693359375	0.290771484375	0.72021484375	0.300537109375	-1.0	7.0	38
痪	0.93310546875	0.10009765625	0.94287109375	0.10986328125	-1.0	7.0	38
痫	0.4404296875	0.281005859375	0.449951171875	0.290771484375	-1.0	7.0	38
痰	0.85107421875	0.100341796875	0.86083984375	0.110107421875	-1.0	7.0	38
痱	0.150146484375	0.282470703125	0.15966796875	0.292236328125	-1.0	7.0	38
痲	0.8408203125	0.100341796875	0.8505859375	0.110107421875	-1.0	7.0	38
痳	0.779296875	0.100341796875	0.7890625	0.110107421875	-1.0	7.0	38
痴	0.66064453125	0.270751953125	0.670166015625	0.280517578125	-1.0	7.0	38
痹	0.610595703125	0.27099609375	0.6201171875	0.28076171875	-1.0	7.0	38
痺	0.72802734375	0.100341796875	0.73779296875	0.110107421875	-1.0	7.0	38
痼	0.58056640625	0.27099609375	0.590087890625	0.28076171875	-1.0	7.0	38
痿	0.697265625	0.1005859375	0.70703125	0.1103515625	-1.0	7.0	38
瘀	0.090087890625	0.2724609375	0.099609375	0.2822265625	-1.0	7.0	38
瘁	0.66650390625	0.1005859375	0.67626953125	0.1103515625	-1.0	7.0	38
瘃	0.64599609375	0.54931640625	0.65576171875	0.558837890625	-1.0	7.0	38
瘅	0.64599609375	0.1005859375	0.65576171875	0.1103515625	-1.0	7.0	38
瘉	0.6357421875	0.100830078125	0.6455078125	0.110595703125	-1.0	7.0	38
瘊	0.74072265625	0.260498046875	0.750244140625	0.270263671875	-1.0	7.0	38
瘋	0.690673828125	0.2607421875	0.7001953125	0.2705078125	-1.0	7.0	38
瘌	0.670654296875	0.2607421875	0.68017578125	0.2705078125	-1.0	7.0	38
瘍	0.550537109375	0.260986328125	0.56005859375	0.270751953125	-1.0	7.0	38
瘐	0.50048828125	0.260986328125	0.510009765625	0.270751953125	-1.0	7.0	38
瘓	0.615234375	0.100830078125	0.625	0.110595703125	-1.0	7.0	38
瘕	0.5947265625	0.100830078125	0.6044921875	0.110595703125	-1.0	7.0	38
瘗	0.58447265625	0.100830078125	0.59423828125	0.110595703125	-1.0	7.0	38
瘘	0.4404296875	0.260986328125	0.449951171875	0.270751953125	-1.0	7.0	38
瘙	0.54345703125	0.100830078125	0.55322265625	0.110595703125	-1.0	7.0	38
瘛	0.533203125	0.100830078125	0.54296875	0.110595703125	-1.0	7.0	38
瘟	0.450439453125	0.59814453125	0.4599609375	0.607666015625	-1.0	7.0	38
瘠	0.52294921875	0.100830078125	0.53271484375	0.110595703125	-1.0	7.0	38
瘡	0.5126953125	0.100830078125	0.5224609375	0.110595703125	-1.0	7.0	38
瘢	0.4921875	0.100830078125	0.501953125	0.110595703125	-1.0	7.0	38
瘤	0.31591796875	0.251220703125	0.325439453125	0.260986328125	-1.0	7.0	38
瘥	0.27587890625	0.251220703125	0.285400390625	0.260986328125	-1.0	7.0	38
瘦	0.16015625	0.392578125	0.169677734375	0.40234375	-1.0	7.0	38
瘧	0.080078125	0.392578125	0.089599609375	0.40234375	-1.0	7.0	38
瘩	0.050048828125	0.392578125	0.0595703125	0.40234375	-1.0	7.0	38
瘪	0.4306640625	0.100830078125	0.4404296875	0.110595703125	-1.0	7.0	38
瘫	0.42041015625	0.100830078125	0.43017578125	0.110595703125	-1.0	7.0	38
瘭	0.46044921875	0.59814453125	0.469970703125	0.607666015625	-1.0	7.0	38
瘰	0.41015625	0.100830078125	0.419921875	0.110595703125	-1.0	7.0	38
瘳	0.39990234375	0.100830078125	0.40966796875	0.110595703125	-1.0	7.0	38
瘴	0.78076171875	0.380615234375	0.790283203125	0.390380859375	-1.0	7.0	38
瘵	0.3896484375	0.100830078125	0.3994140625	0.110595703125	-1.0	7.0	38
瘸	0.720703125	0.380615234375	0.730224609375	0.390380859375	-1.0	7.0	38
瘺	0.710693359375	0.380859375	0.72021484375	0.390625	-1.0	7.0	38
瘼	0.6806640625	0.380859375	0.690185546875	0.390625	-1.0	7.0	38
瘾	0.66064453125	0.380859375	0.670166015625	0.390625	-1.0	7.0	38
瘿	0.610595703125	0.381103515625	0.6201171875	0.390869140625	-1.0	7.0	38
癀	0.590576171875	0.381103515625	0.60009765625	0.390869140625	-1.0	7.0	38
療	0.37939453125	0.100830078125	0.38916015625	0.110595703125	-1.0	7.0	38
癃	0.369140625	0.100830078125	0.37890625	0.110595703125	-1.0	7.0	38
癆	0.560546875	0.381103515625	0.570068359375	0.390869140625	-1.0	7.0	38
癌	0.550537109375	0.381103515625	0.56005859375	0.390869140625	-1.0	7.0	38
癍	0.6767578125	0.510009765625	0.6865234375	0.51953125	-1.0	7.0	38
癒	0.66650390625	0.51025390625	0.67626953125	0.519775390625	-1.0	7.0	38
癔	0.35888671875	0.100830078125	0.36865234375	0.110595703125	-1.0	7.0	38
癖	0.54052734375	0.381103515625	0.550048828125	0.390869140625	-1.0	7.0	38
癘	0.46044921875	0.381103515625	0.469970703125	0.390869140625	-1.0	7.0	38
癜	0.3486328125	0.10107421875	0.3583984375	0.11083984375	-1.0	7.0	38
癞	0.33837890625	0.10107421875	0.34814453125	0.11083984375	-1.0	7.0	38
癟	0.4404296875	0.381103515625	0.449951171875	0.390869140625	-1.0	7.0	38
癡	0.410400390625	0.381103515625	0.419921875	0.390869140625	-1.0	7.0	38
癢	0.328125	0.10107421875	0.337890625	0.11083984375	-1.0	7.0	38
癣	0.38037109375	0.381103515625	0.389892578125	0.390869140625	-1.0	7.0	38
癥	0.31787109375	0.10107421875	0.32763671875	0.11083984375	-1.0	7.0	38
癩	0.3076171875	0.10107421875	0.3173828125	0.11083984375	-1.0	7.0	38
癫	0.30029296875	0.38134765625	0.309814453125	0.39111328125	-1.0	7.0	38
癬	0.290283203125	0.38134765625	0.2998046875	0.39111328125	-1.0	7.0	38
癮	0.29736328125	0.10107421875	0.30712890625	0.11083984375	-1.0	7.0	38
癯	0.2802734375	0.38134765625	0.289794921875	0.39111328125	-1.0	7.0	38
癱	0.26025390625	0.38134765625	0.269775390625	0.39111328125	-1.0	7.0	38
癲	0.250244140625	0.38134765625	0.259765625	0.39111328125	-1.0	7.0	38
癸	0.287109375	0.10107421875	0.296875	0.11083984375	-1.0	7.0	38
登	0.4716796875	0.734375	0.4814453125	0.74365234375	-1.0	8.0	38
發	0.27685546875	0.10107421875	0.28662109375	0.11083984375	-1.0	7.0	38
白	0.153564453125	0.716796875	0.16162109375	0.726318359375	2.0	7.0	38
百	0.80322265625	0.857177734375	0.812744140625	0.8662109375	-1.0	9.0	38
皂	0.470458984375	0.59814453125	0.47998046875	0.607666015625	-1.0	7.0	38
的	0.276123046875	0.705810546875	0.28515625	0.71533203125	1.0	7.0	38
皆	0.523681640625	0.451171875	0.53271484375	0.4609375	1.0	7.0	38
皇	0.48046875	0.59814453125	0.489990234375	0.607666015625	-1.0	7.0	38
皈	0.95703125	0.430419921875	0.96630859375	0.440185546875	0.0	7.0	38
皋	0.2666015625	0.10107421875	0.2763671875	0.11083984375	-1.0	7.0	38
皎	0.927734375	0.4306640625	0.93701171875	0.4404296875	1.0	7.0	38
皑	0.94091796875	0.866455078125	0.9501953125	0.87548828125	0.0	8.0	38
皓	0.91796875	0.4306640625	0.92724609375	0.4404296875	1.0	7.0	38
皖	0.908203125	0.4306640625	0.91748046875	0.4404296875	0.0	7.0	38
皙	0.030029296875	0.382568359375	0.03955078125	0.392333984375	-1.0	7.0	38
皚	0.078125	0.82177734375	0.08740234375	0.8310546875	1.0	8.0	38
皤	0.966796875	0.675537109375	0.97607421875	0.68505859375	1.0	8.0	38
皮	0.25634765625	0.10107421875	0.26611328125	0.11083984375	-1.0	7.0	38
皰	0.24609375	0.10107421875	0.255859375	0.11083984375	-1.0	7.0	38
皱	0.1435546875	0.102294921875	0.1533203125	0.112060546875	-1.0	7.0	38
皲	0.13330078125	0.102294921875	0.14306640625	0.112060546875	-1.0	7.0	38
皴	0.123046875	0.102294921875	0.1328125	0.112060546875	-1.0	7.0	38
皺	0.09228515625	0.102294921875	0.10205078125	0.112060546875	-1.0	7.0	38
皿	0.260986328125	0.923583984375	0.2705078125	0.931640625	-1.0	11.0	38
盂	0.754638671875	0.885498046875	0.76416015625	0.894287109375	-1.0	9.0	38
盃	0.321533203125	0.904541015625	0.331298828125	0.9130859375	-1.0	10.0	38
盅	0.8408203125	0.790771484375	0.850341796875	0.800048828125	-1.0	7.0	38
盆	0.21533203125	0.755126953125	0.22509765625	0.764404296875	-1.0	7.0	38
盈	0.714599609375	0.8857421875	0.72412109375	0.89453125	-1.0	9.0	38
益	0.870849609375	0.790771484375	0.88037109375	0.800048828125	-1.0	7.0	38
盍	0.890869140625	0.790771484375	0.900390625	0.800048828125	-1.0	7.0	38
盎	0.3203125	0.86767578125	0.329833984375	0.876708984375	-1.0	8.0	38
盏	0.90087890625	0.790771484375	0.910400390625	0.800048828125	-1.0	7.0	38
盐	0.943359375	0.857177734375	0.952880859375	0.8662109375	-1.0	8.0	38
监	0.910888671875	0.790771484375	0.92041015625	0.800048828125	-1.0	7.0	38
盒	0.50048828125	0.59814453125	0.510009765625	0.607666015625	-1.0	7.0	38
盔	0.9208984375	0.790771484375	0.930419921875	0.800048828125	-1.0	7.0	38
盖	0.930908203125	0.790771484375	0.9404296875	0.800048828125	-1.0	7.0	38
盗	0.9609375	0.790771484375	0.970458984375	0.800048828125	-1.0	7.0	38
盘	0.970947265625	0.790771484375	0.98046875	0.800048828125	-1.0	7.0	38
盛	0.98095703125	0.790771484375	0.990478515625	0.800048828125	-1.0	7.0	38
盜	0.02001953125	0.802734375	0.029541015625	0.81201171875	-1.0	7.0	38
盞	0.030029296875	0.802734375	0.03955078125	0.81201171875	-1.0	7.0	38
盟	0.914794921875	0.885009765625	0.92431640625	0.893798828125	-1.0	9.0	38
盡	0.050048828125	0.802734375	0.0595703125	0.81201171875	-1.0	7.0	38
監	0.0	0.869140625	0.009521484375	0.878173828125	-1.0	8.0	38
盤	0.06005859375	0.802734375	0.069580078125	0.81201171875	-1.0	7.0	38
盥	0.913330078125	0.857177734375	0.9228515625	0.8662109375	-1.0	8.0	38
盧	0.070068359375	0.802734375	0.07958984375	0.81201171875	-1.0	8.0	38
盪	0.9033203125	0.857177734375	0.912841796875	0.8662109375	-1.0	8.0	38
目	0.171630859375	0.887451171875	0.178955078125	0.896484375	4.0	9.0	38
盯	0.1689453125	0.896728515625	0.17822265625	0.905517578125	1.0	10.0	38
盱	0.1884765625	0.896728515625	0.19775390625	0.905517578125	1.0	10.0	38
盲	0.58056640625	0.37109375	0.590087890625	0.380859375	-1.0	7.0	38
直	0.080078125	0.802734375	0.089599609375	0.81201171875	-1.0	7.0	38
相	0.72265625	0.430908203125	0.73193359375	0.440673828125	-1.0	7.0	38
盹	0.029296875	0.82177734375	0.03857421875	0.8310546875	1.0	8.0	38
盼	0.450439453125	0.37109375	0.4599609375	0.380859375	0.0	7.0	38
盾	0.1201171875	0.802734375	0.129638671875	0.81201171875	-1.0	8.0	38
省	0.510498046875	0.59814453125	0.52001953125	0.607666015625	-1.0	7.0	38
眄	0.57421875	0.87646484375	0.583251953125	0.885498046875	1.0	9.0	38
眇	0.078125	0.66796875	0.08740234375	0.677490234375	1.0	8.0	38
眈	0.05859375	0.66796875	0.06787109375	0.677490234375	1.0	8.0	38
眉	0.37841796875	0.829833984375	0.387451171875	0.839111328125	-1.0	9.0	38
看	0.90234375	0.480224609375	0.912109375	0.48974609375	-1.0	8.0	38
眍	0.5888671875	0.90380859375	0.597900390625	0.912353515625	1.0	10.0	38
眙	0.625	0.43115234375	0.63427734375	0.44091796875	1.0	7.0	38
眚	0.576171875	0.43115234375	0.58544921875	0.44091796875	0.0	7.0	38
真	0.22021484375	0.371826171875	0.229736328125	0.381591796875	-1.0	7.0	38
眠	0.95703125	0.809814453125	0.96630859375	0.819091796875	1.0	9.0	38
眢	0.02001953125	0.37255859375	0.029541015625	0.38232421875	-1.0	7.0	38
眦	0.9375	0.809814453125	0.94677734375	0.819091796875	0.0	8.0	38
眨	0.068359375	0.87841796875	0.07763671875	0.887451171875	1.0	9.0	38
眩	0.8203125	0.656005859375	0.82958984375	0.66552734375	1.0	7.0	38
眭	0.91796875	0.809814453125	0.92724609375	0.819091796875	1.0	7.0	38
眯	0.791015625	0.420654296875	0.80029296875	0.430419921875	1.0	7.0	38
眵	0.009521484375	0.45263671875	0.0185546875	0.46240234375	1.0	7.0	38
眶	0.541015625	0.90380859375	0.55029296875	0.912353515625	1.0	10.0	38
眷	0.85107421875	0.09033203125	0.86083984375	0.10009765625	-1.0	7.0	38
眸	0.78125	0.41064453125	0.79052734375	0.42041015625	1.0	7.0	38
眺	0.78125	0.656005859375	0.79052734375	0.66552734375	1.0	8.0	38
眼	0.864013671875	0.828857421875	0.873046875	0.838134765625	1.0	9.0	38
眾	0.64453125	0.810546875	0.65380859375	0.81982421875	0.0	9.0	38
着	0.050048828125	0.362548828125	0.0595703125	0.372314453125	-1.0	7.0	38
睁	0.295166015625	0.705810546875	0.30419921875	0.71533203125	1.0	7.0	38
睃	0.751953125	0.400634765625	0.76123046875	0.410400390625	1.0	7.0	38
睇	0.4296875	0.401123046875	0.43896484375	0.410888671875	0.0	7.0	38
睏	0.2041015625	0.8408203125	0.212890625	0.85009765625	0.0	9.0	38
睐	0.570556640625	0.35107421875	0.580078125	0.36083984375	0.0	7.0	38
睑	0.087890625	0.87841796875	0.09716796875	0.887451171875	1.0	8.0	38
睚	0.4697265625	0.894775390625	0.478759765625	0.903564453125	1.0	10.0	38
睛	0.400390625	0.401123046875	0.40966796875	0.410888671875	1.0	7.0	38
睜	0.107421875	0.87841796875	0.11669921875	0.887451171875	1.0	9.0	38
睞	0.185546875	0.402587890625	0.19482421875	0.412353515625	1.0	7.0	38
睡	0.1171875	0.87841796875	0.12646484375	0.887451171875	0.0	8.0	38
睢	0.8359375	0.390625	0.84521484375	0.400390625	1.0	7.0	38
督	0.697265625	0.090576171875	0.70703125	0.100341796875	-1.0	7.0	38
睥	0.513671875	0.39111328125	0.52294921875	0.40087890625	1.0	7.0	38
睦	0.56640625	0.810546875	0.57568359375	0.81982421875	1.0	7.0	38
睨	0.64453125	0.65673828125	0.65380859375	0.666259765625	0.0	8.0	38
睪	0.250244140625	0.802734375	0.259765625	0.81201171875	-1.0	9.0	38
睫	0.416015625	0.39111328125	0.42529296875	0.40087890625	1.0	7.0	38
睬	0.26025390625	0.802001953125	0.269775390625	0.811279296875	0.0	9.0	38
睹	0.87890625	0.440673828125	0.88818359375	0.450439453125	0.0	7.0	38
睽	0.930908203125	0.340576171875	0.9404296875	0.350341796875	0.0	7.0	38
睾	0.890869140625	0.340576171875	0.900390625	0.350341796875	-1.0	7.0	38
睿	0.790771484375	0.340576171875	0.80029296875	0.350341796875	-1.0	7.0	38
瞀	0.5205078125	0.341064453125	0.530029296875	0.350830078125	-1.0	7.0	38
瞄	0.830078125	0.4306640625	0.83935546875	0.4404296875	0.0	7.0	38
瞅	0.546875	0.65673828125	0.55615234375	0.666259765625	1.0	8.0	38
瞇	0.52734375	0.43115234375	0.53662109375	0.44091796875	1.0	7.0	38
瞋	0.693359375	0.410888671875	0.70263671875	0.420654296875	1.0	7.0	38
瞌	0.52734375	0.65673828125	0.53662109375	0.666259765625	1.0	7.0	38
瞍	0.796875	0.390625	0.80615234375	0.400390625	0.0	7.0	38
瞎	0.409423828125	0.451171875	0.41845703125	0.4609375	1.0	7.0	38
瞑	0.185546875	0.878173828125	0.19482421875	0.88720703125	0.0	10.0	38
瞒	0.205078125	0.4326171875	0.21435546875	0.4423828125	1.0	7.0	38
瞞	0.17578125	0.422607421875	0.18505859375	0.432373046875	1.0	7.0	38
瞟	0.21484375	0.878173828125	0.22412109375	0.88720703125	1.0	9.0	38
瞠	0.5078125	0.810546875	0.51708984375	0.81982421875	1.0	7.0	38
瞢	0.5078125	0.65673828125	0.51708984375	0.666259765625	0.0	8.0	38
瞥	0.087890625	0.422607421875	0.09716796875	0.432373046875	1.0	7.0	38
瞧	0.17578125	0.442626953125	0.18505859375	0.452392578125	1.0	7.0	38
瞩	0.616455078125	0.82958984375	0.62548828125	0.8388671875	1.0	9.0	38
瞪	0.244140625	0.878173828125	0.25341796875	0.88720703125	0.0	8.0	38
瞬	0.458984375	0.65673828125	0.46826171875	0.666259765625	0.0	8.0	38
瞭	0.966796875	0.42041015625	0.97607421875	0.43017578125	1.0	7.0	38
瞰	0.947265625	0.42041015625	0.95654296875	0.43017578125	0.0	7.0	38
瞳	0.380859375	0.656982421875	0.39013671875	0.66650390625	0.0	7.0	38
瞵	0.537109375	0.401123046875	0.54638671875	0.410888671875	0.0	7.0	38
瞻	0.48828125	0.401123046875	0.49755859375	0.410888671875	0.0	7.0	38
瞼	0.5205078125	0.59814453125	0.530029296875	0.607666015625	0.0	8.0	38
瞽	0.530517578125	0.59814453125	0.5400390625	0.607666015625	-1.0	7.0	38
瞿	0.350341796875	0.80126953125	0.35986328125	0.810546875	-1.0	9.0	38
矇	0.25390625	0.6572265625	0.26318359375	0.666748046875	0.0	7.0	38
矍	0.48828125	0.810546875	0.49755859375	0.81982421875	0.0	9.0	38
矓	0.244140625	0.657470703125	0.25341796875	0.6669921875	1.0	7.0	38
矗	0.54052734375	0.59814453125	0.550048828125	0.607666015625	-1.0	7.0	38
矚	0.587890625	0.82958984375	0.596923828125	0.8388671875	0.0	9.0	38
矛	0.68310546875	0.85791015625	0.692626953125	0.866943359375	-1.0	9.0	38
矜	0.287109375	0.520263671875	0.296875	0.52978515625	-1.0	8.0	38
矢	0.3076171875	0.0810546875	0.3173828125	0.0908203125	-1.0	7.0	38
矣	0.46044921875	0.35107421875	0.469970703125	0.36083984375	-1.0	7.0	38
知	0.3515625	0.44140625	0.36083984375	0.451171875	-1.0	7.0	38
矧	0.8369140625	0.45068359375	0.845703125	0.46044921875	-1.0	7.0	38
矩	0.5537109375	0.52978515625	0.5634765625	0.539306640625	-1.0	7.0	38
矫	0.0	0.082275390625	0.009765625	0.092041015625	-1.0	7.0	38
矬	0.89208984375	0.0703125	0.90185546875	0.080078125	-1.0	7.0	38
短	0.81005859375	0.0703125	0.81982421875	0.080078125	-1.0	7.0	38
矮	0.779296875	0.0703125	0.7890625	0.080078125	-1.0	7.0	38
矯	0.7587890625	0.0703125	0.7685546875	0.080078125	-1.0	7.0	38
石	0.050048828125	0.89697265625	0.0595703125	0.90576171875	-1.0	10.0	38
矶	0.703125	0.8486328125	0.712890625	0.857666015625	-1.0	10.0	38
矸	0.471923828125	0.8857421875	0.481689453125	0.89453125	-1.0	10.0	38
矽	0.550537109375	0.59814453125	0.56005859375	0.607666015625	-1.0	8.0	38
矾	0.6357421875	0.724853515625	0.6455078125	0.734130859375	-1.0	9.0	38
矿	0.630615234375	0.37109375	0.64013671875	0.380859375	-1.0	7.0	38
砀	0.390380859375	0.80126953125	0.39990234375	0.810546875	-1.0	9.0	38
码	0.97998046875	0.866455078125	0.9892578125	0.87548828125	-1.0	9.0	38
砂	0.44091796875	0.48095703125	0.45068359375	0.490478515625	-1.0	8.0	38
砉	0.42041015625	0.37109375	0.429931640625	0.380859375	-1.0	7.0	38
砌	0.430419921875	0.801025390625	0.43994140625	0.810302734375	-1.0	9.0	38
砍	0.3896484375	0.55908203125	0.3994140625	0.568603515625	-1.0	8.0	38
砑	0.482177734375	0.8857421875	0.491943359375	0.89453125	-1.0	10.0	38
砒	0.41015625	0.57861328125	0.419921875	0.588134765625	-1.0	8.0	38
研	0.58447265625	0.724853515625	0.59423828125	0.734130859375	-1.0	9.0	38
砖	0.65625	0.070556640625	0.666015625	0.080322265625	-1.0	7.0	38
砗	0.64599609375	0.070556640625	0.65576171875	0.080322265625	-1.0	7.0	38
砘	0.56396484375	0.724853515625	0.57373046875	0.734130859375	-1.0	8.0	38
砚	0.54345703125	0.724853515625	0.55322265625	0.734130859375	-1.0	9.0	38
砜	0.533203125	0.724853515625	0.54296875	0.734130859375	-1.0	9.0	38
砝	0.6357421875	0.07080078125	0.6455078125	0.08056640625	-1.0	7.0	38
砟	0.8408203125	0.470458984375	0.8505859375	0.47998046875	-1.0	7.0	38
砠	0.441162109375	0.885986328125	0.450927734375	0.894775390625	-1.0	9.0	38
砣	0.560546875	0.59814453125	0.570068359375	0.607666015625	-1.0	7.0	38
砥	0.52294921875	0.724853515625	0.53271484375	0.734130859375	-1.0	9.0	38
砦	0.570556640625	0.59814453125	0.580078125	0.607666015625	-1.0	8.0	38
砧	0.83056640625	0.470458984375	0.84033203125	0.47998046875	-1.0	8.0	38
砩	0.58056640625	0.59814453125	0.590087890625	0.607666015625	-1.0	8.0	38
砬	0.48193359375	0.724853515625	0.49169921875	0.734130859375	-1.0	7.0	38
砭	0.4716796875	0.724853515625	0.4814453125	0.734130859375	-1.0	9.0	38
砰	0.77490234375	0.848388671875	0.78466796875	0.857421875	-1.0	10.0	38
砲	0.81005859375	0.470458984375	0.81982421875	0.47998046875	-1.0	7.0	38
破	0.4716796875	0.07080078125	0.4814453125	0.08056640625	-1.0	7.0	38
砷	0.44921875	0.421142578125	0.45849609375	0.430908203125	-1.0	7.0	38
砸	0.362548828125	0.904296875	0.372314453125	0.912841796875	-1.0	10.0	38
砹	0.7998046875	0.470458984375	0.8095703125	0.47998046875	-1.0	8.0	38
砺	0.790771484375	0.866943359375	0.80029296875	0.8759765625	-1.0	10.0	38
砻	0.950927734375	0.290283203125	0.96044921875	0.300048828125	-1.0	7.0	38
砼	0.4306640625	0.724853515625	0.4404296875	0.734130859375	-1.0	8.0	38
砾	0.79541015625	0.847900390625	0.80517578125	0.85693359375	-1.0	9.0	38
础	0.590576171875	0.59814453125	0.60009765625	0.607666015625	-1.0	7.0	38
硃	0.3896484375	0.07080078125	0.3994140625	0.08056640625	-1.0	7.0	38
硅	0.826171875	0.847900390625	0.8359375	0.85693359375	-1.0	8.0	38
硇	0.41015625	0.421142578125	0.41943359375	0.430908203125	-1.0	7.0	38
硌	0.328125	0.071044921875	0.337890625	0.080810546875	-1.0	7.0	38
硎	0.400390625	0.69580078125	0.40966796875	0.705322265625	-1.0	8.0	38
硐	0.640625	0.801025390625	0.650146484375	0.810302734375	-1.0	9.0	38
硒	0.400146484375	0.885986328125	0.409912109375	0.894775390625	-1.0	10.0	38
硕	0.3896484375	0.72509765625	0.3994140625	0.734375	-1.0	9.0	38
硖	0.27685546875	0.071044921875	0.28662109375	0.080810546875	-1.0	7.0	38
硗	0.1845703125	0.072265625	0.1943359375	0.08203125	-1.0	7.0	38
硝	0.6005859375	0.59814453125	0.610107421875	0.607666015625	-1.0	8.0	38
硪	0.13330078125	0.072265625	0.14306640625	0.08203125	-1.0	7.0	38
硫	0.09228515625	0.072265625	0.10205078125	0.08203125	-1.0	7.0	38
硬	0.35888671875	0.72509765625	0.36865234375	0.734375	-1.0	9.0	38
硭	0.3486328125	0.72509765625	0.3583984375	0.734375	-1.0	8.0	38
确	0.810791015625	0.29052734375	0.8203125	0.30029296875	-1.0	7.0	38
硯	0.33837890625	0.72509765625	0.34814453125	0.734375	-1.0	9.0	38
硷	0.83642578125	0.847900390625	0.84619140625	0.85693359375	-1.0	8.0	38
硼	0.283203125	0.87744140625	0.29248046875	0.886474609375	-1.0	9.0	38
硿	0.328125	0.725341796875	0.337890625	0.734619140625	-1.0	7.0	38
碇	0.9638671875	0.06005859375	0.9736328125	0.06982421875	-1.0	7.0	38
碉	0.29296875	0.877197265625	0.30224609375	0.88623046875	-1.0	10.0	38
碌	0.85693359375	0.847900390625	0.86669921875	0.85693359375	-1.0	9.0	38
碍	0.8671875	0.847900390625	0.876953125	0.85693359375	-1.0	9.0	38
碎	0.943359375	0.06005859375	0.953125	0.06982421875	-1.0	7.0	38
碑	0.9228515625	0.060302734375	0.9326171875	0.070068359375	-1.0	7.0	38
碓	0.8818359375	0.060302734375	0.8916015625	0.070068359375	-1.0	7.0	38
碗	0.87158203125	0.060302734375	0.88134765625	0.070068359375	-1.0	7.0	38
碘	0.85107421875	0.060302734375	0.86083984375	0.070068359375	-1.0	7.0	38
碚	0.83056640625	0.060302734375	0.84033203125	0.070068359375	-1.0	7.0	38
碛	0.7998046875	0.060302734375	0.8095703125	0.070068359375	-1.0	7.0	38
碜	0.779296875	0.060302734375	0.7890625	0.070068359375	-1.0	7.0	38
碟	0.73828125	0.060302734375	0.748046875	0.070068359375	-1.0	7.0	38
碡	0.68701171875	0.470947265625	0.69677734375	0.48046875	-1.0	7.0	38
碣	0.590576171875	0.8671875	0.60009765625	0.876220703125	-1.0	9.0	38
碥	0.570556640625	0.291015625	0.580078125	0.30078125	-1.0	7.0	38
碧	0.530517578125	0.291015625	0.5400390625	0.30078125	-1.0	7.0	38
碩	0.419677734375	0.762939453125	0.42919921875	0.772216796875	-1.0	9.0	38
碰	0.66650390625	0.47119140625	0.67626953125	0.480712890625	-1.0	7.0	38
碱	0.52294921875	0.060791015625	0.53271484375	0.070556640625	-1.0	7.0	38
碲	0.450439453125	0.291015625	0.4599609375	0.30078125	-1.0	7.0	38
碳	0.65625	0.47119140625	0.666015625	0.480712890625	-1.0	8.0	38
碴	0.2255859375	0.7265625	0.2353515625	0.73583984375	-1.0	7.0	38
碹	0.21533203125	0.7265625	0.22509765625	0.73583984375	-1.0	7.0	38
確	0.390380859375	0.291015625	0.39990234375	0.30078125	-1.0	7.0	38
碼	0.560546875	0.8671875	0.570068359375	0.876220703125	-1.0	9.0	38
碾	0.205078125	0.7265625	0.21484375	0.73583984375	-1.0	9.0	38
磁	0.451171875	0.060791015625	0.4609375	0.070556640625	-1.0	7.0	38
磅	0.4306640625	0.060791015625	0.4404296875	0.070556640625	-1.0	7.0	38
磉	0.19482421875	0.7265625	0.20458984375	0.73583984375	-1.0	9.0	38
磊	0.4697265625	0.762939453125	0.479248046875	0.772216796875	-1.0	9.0	38
磋	0.1845703125	0.7265625	0.1943359375	0.73583984375	-1.0	7.0	38
磐	0.350341796875	0.291259765625	0.35986328125	0.301025390625	-1.0	7.0	38
磔	0.64599609375	0.47119140625	0.65576171875	0.480712890625	-1.0	7.0	38
磕	0.6357421875	0.47119140625	0.6455078125	0.480712890625	-1.0	7.0	38
磙	0.33837890625	0.06103515625	0.34814453125	0.07080078125	-1.0	7.0	38
磚	0.60498046875	0.47119140625	0.61474609375	0.480712890625	-1.0	7.0	38
磧	0.21533203125	0.0615234375	0.22509765625	0.0712890625	-1.0	7.0	38
磨	0.090087890625	0.29248046875	0.099609375	0.30224609375	-1.0	7.0	38
磬	0.1640625	0.062255859375	0.173828125	0.072021484375	-1.0	7.0	38
磯	0.11279296875	0.062255859375	0.12255859375	0.072021484375	-1.0	7.0	38
磲	0.0205078125	0.062255859375	0.0302734375	0.072021484375	-1.0	7.0	38
磴	0.93896484375	0.847900390625	0.94873046875	0.85693359375	-1.0	8.0	38
磷	0.984375	0.050048828125	0.994140625	0.059814453125	-1.0	7.0	38
磺	0.9638671875	0.050048828125	0.9736328125	0.059814453125	-1.0	7.0	38
礁	0.56396484375	0.47119140625	0.57373046875	0.480712890625	-1.0	7.0	38
礅	0.8818359375	0.05029296875	0.8916015625	0.06005859375	-1.0	7.0	38
礎	0.5537109375	0.47119140625	0.5634765625	0.480712890625	-1.0	8.0	38
礓	0.94921875	0.847900390625	0.958984375	0.85693359375	-1.0	9.0	38
礙	0.54345703125	0.47119140625	0.55322265625	0.480712890625	-1.0	8.0	38
礞	0.533203125	0.47119140625	0.54296875	0.480712890625	-1.0	7.0	38
礤	0.78955078125	0.05029296875	0.79931640625	0.06005859375	-1.0	7.0	38
礦	0.76904296875	0.05029296875	0.77880859375	0.06005859375	-1.0	7.0	38
礪	0.11279296875	0.7265625	0.12255859375	0.73583984375	-1.0	9.0	38
礫	0.73828125	0.05029296875	0.748046875	0.06005859375	-1.0	7.0	38
礬	0.610595703125	0.59814453125	0.6201171875	0.607666015625	-1.0	8.0	38
礴	0.70751953125	0.05029296875	0.71728515625	0.06005859375	-1.0	7.0	38
示	0.369384765625	0.885986328125	0.379150390625	0.894775390625	-1.0	10.0	38
礻	0.578857421875	0.461181640625	0.584716796875	0.470947265625	-1.0	7.0	38
礼	0.65625	0.050537109375	0.666015625	0.060302734375	-1.0	7.0	38
社	0.62060546875	0.59814453125	0.630126953125	0.607666015625	-1.0	7.0	38
祀	0.50244140625	0.47119140625	0.51220703125	0.480712890625	-1.0	7.0	38
祁	0.82080078125	0.280517578125	0.830322265625	0.290283203125	-1.0	7.0	38
祆	0.4716796875	0.05078125	0.4814453125	0.060546875	-1.0	7.0	38
祇	0.4306640625	0.05078125	0.4404296875	0.060546875	-1.0	7.0	38
祈	0.41015625	0.05078125	0.419921875	0.060546875	-1.0	7.0	38
祉	0.33837890625	0.051025390625	0.34814453125	0.060791015625	-1.0	7.0	38
祐	0.29736328125	0.051025390625	0.30712890625	0.060791015625	-1.0	7.0	38
祓	0.24609375	0.051025390625	0.255859375	0.060791015625	-1.0	7.0	38
祕	0.21533203125	0.051513671875	0.22509765625	0.061279296875	-1.0	7.0	38
祖	0.590576171875	0.281005859375	0.60009765625	0.290771484375	-1.0	7.0	38
祗	0.15380859375	0.05224609375	0.16357421875	0.06201171875	-1.0	7.0	38
祚	0.123046875	0.05224609375	0.1328125	0.06201171875	-1.0	7.0	38
祛	0.11279296875	0.05224609375	0.12255859375	0.06201171875	-1.0	7.0	38
祜	0.09228515625	0.05224609375	0.10205078125	0.06201171875	-1.0	7.0	38
祝	0.08203125	0.05224609375	0.091796875	0.06201171875	-1.0	7.0	38
神	0.48828125	0.421142578125	0.49755859375	0.430908203125	-1.0	7.0	38
祟	0.654296875	0.68603515625	0.66357421875	0.695556640625	0.0	7.0	38
祠	0.478515625	0.421142578125	0.48779296875	0.430908203125	-1.0	7.0	38
祢	0.984375	0.0400390625	0.994140625	0.0498046875	-1.0	7.0	38
祥	0.9638671875	0.0400390625	0.9736328125	0.0498046875	-1.0	7.0	38
祧	0.943359375	0.0400390625	0.953125	0.0498046875	-1.0	7.0	38
票	0.350341796875	0.86767578125	0.35986328125	0.876708984375	-1.0	9.0	38
祭	0.39990234375	0.47119140625	0.40966796875	0.480712890625	-1.0	7.0	38
祯	0.90234375	0.040283203125	0.912109375	0.050048828125	-1.0	7.0	38
祷	0.640625	0.59814453125	0.650146484375	0.607666015625	-1.0	7.0	38
祸	0.60546875	0.68603515625	0.61474609375	0.695556640625	-1.0	7.0	38
祺	0.861328125	0.040283203125	0.87109375	0.050048828125	-1.0	7.0	38
祿	0.85107421875	0.040283203125	0.86083984375	0.050048828125	-1.0	7.0	38
禀	0.650634765625	0.59814453125	0.66015625	0.607666015625	-1.0	7.0	38
禁	0.3896484375	0.47119140625	0.3994140625	0.480712890625	-1.0	7.0	38
禄	0.7998046875	0.040283203125	0.8095703125	0.050048828125	-1.0	7.0	38
禅	0.78955078125	0.040283203125	0.79931640625	0.050048828125	-1.0	7.0	38
禊	0.430419921875	0.281005859375	0.43994140625	0.290771484375	-1.0	7.0	38
禍	0.400390625	0.281005859375	0.409912109375	0.290771484375	-1.0	7.0	38
禎	0.390380859375	0.281005859375	0.39990234375	0.290771484375	-1.0	7.0	38
福	0.576171875	0.68603515625	0.58544921875	0.695556640625	-1.0	7.0	38
禚	0.65625	0.04052734375	0.666015625	0.05029296875	-1.0	7.0	38
禦	0.66064453125	0.59814453125	0.670166015625	0.607666015625	-1.0	7.0	38
禧	0.62548828125	0.040771484375	0.63525390625	0.050537109375	-1.0	7.0	38
禪	0.615234375	0.040771484375	0.625	0.050537109375	-1.0	7.0	38
禮	0.38037109375	0.281005859375	0.389892578125	0.290771484375	-1.0	7.0	38
禱	0.350341796875	0.28125	0.35986328125	0.291015625	-1.0	7.0	38
禳	0.3203125	0.28125	0.329833984375	0.291015625	-1.0	7.0	38
禹	0.772705078125	0.8388671875	0.78125	0.84814453125	1.0	9.0	38
禺	0.907470703125	0.83837890625	0.915771484375	0.84765625	2.0	9.0	38
离	0.263671875	0.42138671875	0.27294921875	0.43115234375	0.0	7.0	38
禽	0.4921875	0.040771484375	0.501953125	0.050537109375	-1.0	7.0	38
禾	0.831787109375	0.714599609375	0.841552734375	0.723876953125	-1.0	9.0	38
禿	0.659912109375	0.762939453125	0.66943359375	0.772216796875	-1.0	9.0	38
秀	0.670654296875	0.59814453125	0.68017578125	0.607666015625	-1.0	8.0	38
私	0.37939453125	0.471435546875	0.38916015625	0.48095703125	-1.0	8.0	38
秃	0.821533203125	0.714599609375	0.831298828125	0.723876953125	-1.0	9.0	38
秆	0.811279296875	0.714599609375	0.821044921875	0.723876953125	-1.0	9.0	38
秈	0.48828125	0.68603515625	0.49755859375	0.695556640625	-1.0	8.0	38
秉	0.6806640625	0.59814453125	0.690185546875	0.607666015625	-1.0	8.0	38
秋	0.41015625	0.040771484375	0.419921875	0.050537109375	-1.0	7.0	38
种	0.126953125	0.422607421875	0.13623046875	0.432373046875	-1.0	7.0	38
科	0.369140625	0.040771484375	0.37890625	0.050537109375	-1.0	7.0	38
秒	0.35888671875	0.040771484375	0.36865234375	0.050537109375	-1.0	7.0	38
秕	0.369140625	0.471435546875	0.37890625	0.48095703125	-1.0	8.0	38
秘	0.35888671875	0.471435546875	0.36865234375	0.48095703125	-1.0	7.0	38
租	0.790771484375	0.714599609375	0.800537109375	0.723876953125	-1.0	9.0	38
秣	0.25634765625	0.041015625	0.26611328125	0.05078125	-1.0	7.0	38
秤	0.679931640625	0.762939453125	0.689453125	0.772216796875	-1.0	9.0	38
秦	0.19482421875	0.042236328125	0.20458984375	0.052001953125	-1.0	7.0	38
秧	0.15380859375	0.042236328125	0.16357421875	0.052001953125	-1.0	7.0	38
秩	0.13330078125	0.042236328125	0.14306640625	0.052001953125	-1.0	7.0	38
秫	0.3486328125	0.471435546875	0.3583984375	0.48095703125	-1.0	8.0	38
秭	0.690673828125	0.597900390625	0.7001953125	0.607421875	-1.0	8.0	38
积	0.780517578125	0.714599609375	0.790283203125	0.723876953125	-1.0	9.0	38
称	0.11279296875	0.042236328125	0.12255859375	0.052001953125	-1.0	7.0	38
秸	0.09228515625	0.042236328125	0.10205078125	0.052001953125	-1.0	7.0	38
移	0.030029296875	0.282470703125	0.03955078125	0.292236328125	-1.0	7.0	38
秽	0.439453125	0.68603515625	0.44873046875	0.695556640625	-1.0	8.0	38
稀	0.02001953125	0.282470703125	0.029541015625	0.292236328125	-1.0	7.0	38
稂	0.9638671875	0.030029296875	0.9736328125	0.039794921875	-1.0	7.0	38
稃	0.739501953125	0.715087890625	0.749267578125	0.724365234375	-1.0	9.0	38
稅	0.943359375	0.030029296875	0.953125	0.039794921875	-1.0	7.0	38
稆	0.3125	0.686279296875	0.32177734375	0.69580078125	-1.0	8.0	38
稈	0.699951171875	0.762939453125	0.70947265625	0.772216796875	-1.0	9.0	38
程	0.698486328125	0.715087890625	0.708251953125	0.724365234375	-1.0	9.0	38
稍	0.94091796875	0.270263671875	0.950439453125	0.280029296875	-1.0	7.0	38
税	0.710693359375	0.597900390625	0.72021484375	0.607421875	-1.0	8.0	38
稔	0.33837890625	0.471435546875	0.34814453125	0.48095703125	-1.0	8.0	38
稗	0.861328125	0.0302734375	0.87109375	0.0400390625	-1.0	7.0	38
稚	0.81005859375	0.0302734375	0.81982421875	0.0400390625	-1.0	7.0	38
稜	0.74853515625	0.0302734375	0.75830078125	0.0400390625	-1.0	7.0	38
稞	0.677978515625	0.71533203125	0.687744140625	0.724609375	-1.0	9.0	38
稟	0.73828125	0.0302734375	0.748046875	0.0400390625	-1.0	7.0	38
稠	0.205078125	0.831298828125	0.21435546875	0.840576171875	-1.0	9.0	38
稣	0.72802734375	0.0302734375	0.73779296875	0.0400390625	-1.0	7.0	38
種	0.667724609375	0.71533203125	0.677490234375	0.724609375	-1.0	9.0	38
稱	0.328125	0.471435546875	0.337890625	0.48095703125	-1.0	8.0	38
稳	0.6767578125	0.030517578125	0.6865234375	0.040283203125	-1.0	7.0	38
稷	0.657470703125	0.71533203125	0.667236328125	0.724609375	-1.0	9.0	38
稹	0.66650390625	0.030517578125	0.67626953125	0.040283203125	-1.0	7.0	38
稻	0.75	0.7626953125	0.759521484375	0.77197265625	-1.0	9.0	38
稼	0.60498046875	0.03076171875	0.61474609375	0.04052734375	-1.0	7.0	38
稽	0.5947265625	0.03076171875	0.6044921875	0.04052734375	-1.0	7.0	38
稿	0.78076171875	0.2705078125	0.790283203125	0.2802734375	-1.0	7.0	38
穀	0.31787109375	0.471435546875	0.32763671875	0.48095703125	-1.0	8.0	38
穆	0.730712890625	0.2705078125	0.740234375	0.2802734375	-1.0	7.0	38
穋	0.3076171875	0.471435546875	0.3173828125	0.48095703125	-1.0	8.0	38
穌	0.46142578125	0.03076171875	0.47119140625	0.04052734375	-1.0	7.0	38
積	0.29736328125	0.471435546875	0.30712890625	0.48095703125	-1.0	8.0	38
穎	0.287109375	0.471435546875	0.296875	0.48095703125	-1.0	8.0	38
穑	0.41015625	0.03076171875	0.419921875	0.04052734375	-1.0	7.0	38
穗	0.27685546875	0.471435546875	0.28662109375	0.48095703125	-1.0	8.0	38
穠	0.2666015625	0.471435546875	0.2763671875	0.48095703125	-1.0	8.0	38
穡	0.25634765625	0.471435546875	0.26611328125	0.48095703125	-1.0	8.0	38
穢	0.2666015625	0.031005859375	0.2763671875	0.040771484375	-1.0	7.0	38
穩	0.24609375	0.4716796875	0.255859375	0.481201171875	-1.0	8.0	38
穫	0.24609375	0.031005859375	0.255859375	0.040771484375	-1.0	7.0	38
穰	0.19482421875	0.0322265625	0.20458984375	0.0419921875	-1.0	7.0	38
穴	0.23583984375	0.471923828125	0.24560546875	0.4814453125	-1.0	7.0	38
究	0.54052734375	0.27099609375	0.550048828125	0.28076171875	-1.0	7.0	38
穷	0.530517578125	0.27099609375	0.5400390625	0.28076171875	-1.0	7.0	38
穸	0.5205078125	0.27099609375	0.530029296875	0.28076171875	-1.0	7.0	38
穹	0.409423828125	0.70556640625	0.41845703125	0.715087890625	0.0	7.0	38
空	0.760009765625	0.762451171875	0.76953125	0.771728515625	-1.0	7.0	38
穿	0.720703125	0.597900390625	0.730224609375	0.607421875	-1.0	7.0	38
窀	0.185546875	0.677734375	0.19482421875	0.687255859375	0.0	7.0	38
突	0.50048828125	0.27099609375	0.510009765625	0.28076171875	-1.0	7.0	38
窃	0.0205078125	0.0322265625	0.0302734375	0.0419921875	-1.0	7.0	38
窄	0.470458984375	0.27099609375	0.47998046875	0.28076171875	-1.0	7.0	38
窆	0.730712890625	0.59765625	0.740234375	0.607177734375	-1.0	7.0	38
窈	0.4189453125	0.451171875	0.427978515625	0.4609375	0.0	7.0	38
窍	0.087890625	0.677734375	0.09716796875	0.687255859375	-1.0	7.0	38
窑	0.4404296875	0.27099609375	0.449951171875	0.28076171875	-1.0	7.0	38
窒	0.820068359375	0.76220703125	0.82958984375	0.771484375	-1.0	7.0	38
窕	0.8818359375	0.020263671875	0.8916015625	0.030029296875	-1.0	7.0	38
窖	0.390380859375	0.27099609375	0.39990234375	0.28076171875	-1.0	7.0	38
窗	0.3203125	0.271240234375	0.329833984375	0.281005859375	-1.0	7.0	38
窘	0.7998046875	0.020263671875	0.8095703125	0.030029296875	-1.0	7.0	38
窜	0.333251953125	0.451416015625	0.34228515625	0.461181640625	0.0	7.0	38
窝	0.290283203125	0.271240234375	0.2998046875	0.281005859375	-1.0	7.0	38
窟	0.76904296875	0.020263671875	0.77880859375	0.030029296875	-1.0	7.0	38
窠	0.240234375	0.271240234375	0.249755859375	0.281005859375	-1.0	7.0	38
窥	0.70751953125	0.020263671875	0.71728515625	0.030029296875	-1.0	7.0	38
窦	0.2001953125	0.2724609375	0.209716796875	0.2822265625	-1.0	7.0	38
窨	0.68701171875	0.0205078125	0.69677734375	0.0302734375	-1.0	7.0	38
窩	0.810546875	0.695068359375	0.819580078125	0.70458984375	0.0	7.0	38
窪	0.78125	0.400634765625	0.79052734375	0.410400390625	0.0	7.0	38
窬	0.18017578125	0.2724609375	0.189697265625	0.2822265625	-1.0	7.0	38
窭	0.16015625	0.2724609375	0.169677734375	0.2822265625	-1.0	7.0	38
窮	0.87890625	0.665771484375	0.88818359375	0.67529296875	-1.0	7.0	38
窯	0.24755859375	0.451416015625	0.256591796875	0.461181640625	0.0	7.0	38
窳	0.56396484375	0.020751953125	0.57373046875	0.030517578125	-1.0	7.0	38
窺	0.54345703125	0.020751953125	0.55322265625	0.030517578125	-1.0	7.0	38
窿	0.33203125	0.4013671875	0.34130859375	0.4111328125	0.0	7.0	38
竄	0.322265625	0.4013671875	0.33154296875	0.4111328125	0.0	7.0	38
竅	0.030029296875	0.2724609375	0.03955078125	0.2822265625	-1.0	7.0	38
竇	0.302734375	0.4013671875	0.31201171875	0.4111328125	0.0	7.0	38
竊	0.810546875	0.665771484375	0.81982421875	0.67529296875	-1.0	7.0	38
立	0.2802734375	0.8681640625	0.289794921875	0.877197265625	0.0	7.0	38
竖	0.270263671875	0.868896484375	0.27978515625	0.8779296875	-1.0	8.0	38
站	0.48193359375	0.020751953125	0.49169921875	0.030517578125	-1.0	7.0	38
竞	0.46142578125	0.020751953125	0.47119140625	0.030517578125	-1.0	7.0	38
竟	0.950927734375	0.26025390625	0.96044921875	0.27001953125	-1.0	7.0	38
章	0.890869140625	0.260498046875	0.900390625	0.270263671875	-1.0	7.0	38
竣	0.39990234375	0.020751953125	0.40966796875	0.030517578125	-1.0	7.0	38
童	0.920166015625	0.76220703125	0.9296875	0.771484375	-1.0	7.0	38
竦	0.3896484375	0.020751953125	0.3994140625	0.030517578125	-1.0	7.0	38
竭	0.888671875	0.8193359375	0.89794921875	0.82861328125	-1.0	8.0	38
端	0.2255859375	0.47265625	0.2353515625	0.482177734375	-1.0	7.0	38
競	0.35888671875	0.020751953125	0.36865234375	0.030517578125	-1.0	7.0	38
竹	0.74072265625	0.59765625	0.750244140625	0.607177734375	-1.0	7.0	38
竺	0.93017578125	0.76220703125	0.939697265625	0.771484375	-1.0	7.0	38
竽	0.9501953125	0.76220703125	0.959716796875	0.771484375	-1.0	8.0	38
竿	0.21533203125	0.47265625	0.22509765625	0.482177734375	-1.0	8.0	38
笃	0.750732421875	0.597412109375	0.76025390625	0.60693359375	-1.0	7.0	38
笄	0.7607421875	0.597412109375	0.770263671875	0.60693359375	-1.0	8.0	38
笆	0.462646484375	0.71533203125	0.472412109375	0.724609375	-1.0	7.0	38
笈	0.3076171875	0.02099609375	0.3173828125	0.03076171875	-1.0	7.0	38
笊	0.29736328125	0.02099609375	0.30712890625	0.03076171875	-1.0	7.0	38
笋	0.287109375	0.02099609375	0.296875	0.03076171875	-1.0	7.0	38
笏	0.730712890625	0.260498046875	0.740234375	0.270263671875	-1.0	7.0	38
笑	0.70068359375	0.2607421875	0.710205078125	0.2705078125	-1.0	7.0	38
笔	0.770751953125	0.597412109375	0.7802734375	0.60693359375	-1.0	7.0	38
笕	0.2255859375	0.021240234375	0.2353515625	0.031005859375	-1.0	7.0	38
笙	0.442138671875	0.71533203125	0.451904296875	0.724609375	-1.0	7.0	38
笛	0.78076171875	0.597412109375	0.790283203125	0.60693359375	-1.0	7.0	38
笞	0.1845703125	0.022216796875	0.1943359375	0.031982421875	-1.0	7.0	38
笠	0.190185546875	0.868896484375	0.19970703125	0.8779296875	-1.0	7.0	38
笤	0.980224609375	0.76220703125	0.98974609375	0.771484375	-1.0	8.0	38
笥	0.790771484375	0.597412109375	0.80029296875	0.60693359375	-1.0	7.0	38
符	0.15380859375	0.022216796875	0.16357421875	0.031982421875	-1.0	7.0	38
笨	0.1435546875	0.022216796875	0.1533203125	0.031982421875	-1.0	7.0	38
笪	0.0	0.774169921875	0.009521484375	0.783447265625	-1.0	7.0	38
笫	0.630615234375	0.260986328125	0.64013671875	0.270751953125	-1.0	7.0	38
第	0.123046875	0.022216796875	0.1328125	0.031982421875	-1.0	7.0	38
笮	0.590576171875	0.260986328125	0.60009765625	0.270751953125	-1.0	7.0	38
笱	0.80078125	0.597412109375	0.810302734375	0.60693359375	-1.0	7.0	38
笳	0.58056640625	0.260986328125	0.590087890625	0.270751953125	-1.0	7.0	38
笸	0.030029296875	0.774169921875	0.03955078125	0.783447265625	-1.0	7.0	38
笺	0.810791015625	0.597412109375	0.8203125	0.60693359375	-1.0	7.0	38
笼	0.0615234375	0.022216796875	0.0712890625	0.031982421875	-1.0	7.0	38
笾	0.19482421875	0.47265625	0.20458984375	0.482177734375	-1.0	7.0	38
筅	0.530517578125	0.260986328125	0.5400390625	0.270751953125	-1.0	7.0	38
筆	0.510498046875	0.260986328125	0.52001953125	0.270751953125	-1.0	7.0	38
筇	0.82080078125	0.597412109375	0.830322265625	0.60693359375	-1.0	7.0	38
等	0.1845703125	0.47265625	0.1943359375	0.482177734375	-1.0	7.0	38
筋	0.430419921875	0.260986328125	0.43994140625	0.270751953125	-1.0	7.0	38
筌	0.360107421875	0.715576171875	0.369873046875	0.724853515625	-1.0	7.0	38
筍	0.8408203125	0.597412109375	0.850341796875	0.60693359375	-1.0	7.0	38
筏	0.42041015625	0.260986328125	0.429931640625	0.270751953125	-1.0	7.0	38
筐	0.050048828125	0.774169921875	0.0595703125	0.783447265625	-1.0	7.0	38
筑	0.85107421875	0.01025390625	0.86083984375	0.02001953125	-1.0	7.0	38
筒	0.34033203125	0.26123046875	0.349853515625	0.27099609375	-1.0	7.0	38
答	0.72802734375	0.01025390625	0.73779296875	0.02001953125	-1.0	7.0	38
策	0.70751953125	0.01025390625	0.71728515625	0.02001953125	-1.0	7.0	38
筘	0.070068359375	0.774169921875	0.07958984375	0.783447265625	-1.0	8.0	38
筚	0.290283203125	0.26123046875	0.2998046875	0.27099609375	-1.0	7.0	38
筛	0.270263671875	0.26123046875	0.27978515625	0.27099609375	-1.0	7.0	38
筝	0.850830078125	0.597412109375	0.8603515625	0.60693359375	-1.0	7.0	38
筠	0.86083984375	0.597412109375	0.870361328125	0.60693359375	-1.0	7.0	38
筢	0.870849609375	0.597412109375	0.88037109375	0.60693359375	-1.0	7.0	38
筧	0.62548828125	0.0107421875	0.63525390625	0.0205078125	-1.0	7.0	38
筮	0.1025390625	0.7646484375	0.1123046875	0.77392578125	-1.0	7.0	38
筱	0.615234375	0.0107421875	0.625	0.0205078125	-1.0	7.0	38
筲	0.250244140625	0.26123046875	0.259765625	0.27099609375	-1.0	7.0	38
筵	0.57421875	0.0107421875	0.583984375	0.0205078125	-1.0	7.0	38
筷	0.230224609375	0.261474609375	0.23974609375	0.271240234375	-1.0	7.0	38
筹	0.1640625	0.47265625	0.173828125	0.482177734375	-1.0	7.0	38
筻	0.50244140625	0.0107421875	0.51220703125	0.0205078125	-1.0	7.0	38
签	0.779296875	0.752685546875	0.7890625	0.761962890625	-1.0	7.0	38
简	0.190185546875	0.262451171875	0.19970703125	0.272216796875	-1.0	7.0	38
箄	0.18017578125	0.262451171875	0.189697265625	0.272216796875	-1.0	7.0	38
箅	0.170166015625	0.262451171875	0.1796875	0.272216796875	-1.0	7.0	38
箇	0.150146484375	0.262451171875	0.15966796875	0.272216796875	-1.0	7.0	38
箋	0.890869140625	0.597412109375	0.900390625	0.60693359375	-1.0	7.0	38
箍	0.90087890625	0.597412109375	0.910400390625	0.60693359375	-1.0	7.0	38
箏	0.910888671875	0.597412109375	0.92041015625	0.60693359375	-1.0	7.0	38
箐	0.9208984375	0.597412109375	0.930419921875	0.60693359375	-1.0	7.0	38
箔	0.14013671875	0.262451171875	0.149658203125	0.272216796875	-1.0	7.0	38
箕	0.1201171875	0.262451171875	0.129638671875	0.272216796875	-1.0	7.0	38
算	0.110107421875	0.262451171875	0.11962890625	0.272216796875	-1.0	7.0	38
箜	0.10009765625	0.774169921875	0.109619140625	0.783447265625	-1.0	7.0	38
箝	0.06005859375	0.262451171875	0.069580078125	0.272216796875	-1.0	7.0	38
箠	0.130126953125	0.774169921875	0.1396484375	0.783447265625	-1.0	7.0	38
管	0.946533203125	0.250244140625	0.9560546875	0.260009765625	-1.0	7.0	38
箢	0.287109375	0.010986328125	0.296875	0.020751953125	-1.0	7.0	38
箦	0.8564453125	0.25048828125	0.865966796875	0.26025390625	-1.0	7.0	38
箧	0.399658203125	0.76318359375	0.4091796875	0.7724609375	-1.0	7.0	38
箨	0.25634765625	0.010986328125	0.26611328125	0.020751953125	-1.0	7.0	38
箩	0.766357421875	0.25048828125	0.77587890625	0.26025390625	-1.0	7.0	38
箪	0.930908203125	0.597412109375	0.9404296875	0.60693359375	-1.0	7.0	38
箫	0.21533203125	0.011474609375	0.22509765625	0.021240234375	-1.0	7.0	38
箬	0.486083984375	0.2509765625	0.49560546875	0.2607421875	-1.0	7.0	38
箭	0.466064453125	0.2509765625	0.4755859375	0.2607421875	-1.0	7.0	38
箱	0.416015625	0.2509765625	0.425537109375	0.2607421875	-1.0	7.0	38
箴	0.01025390625	0.01220703125	0.02001953125	0.02197265625	-1.0	7.0	38
箸	0.406005859375	0.2509765625	0.41552734375	0.2607421875	-1.0	7.0	38
節	0.39599609375	0.2509765625	0.405517578125	0.2607421875	-1.0	7.0	38
篁	0.94091796875	0.597412109375	0.950439453125	0.60693359375	-1.0	7.0	38
範	0.947509765625	0.0	0.957275390625	0.009765625	-1.0	7.0	38
篆	0.1435546875	0.47265625	0.1533203125	0.482177734375	-1.0	7.0	38
篇	0.3359375	0.251220703125	0.345458984375	0.260986328125	-1.0	7.0	38
築	0.205078125	0.25244140625	0.21484375	0.26220703125	-1.0	7.0	38
篌	0.325927734375	0.251220703125	0.33544921875	0.260986328125	-1.0	7.0	38
篑	0.285888671875	0.251220703125	0.29541015625	0.260986328125	-1.0	7.0	38
篓	0.255859375	0.251220703125	0.265380859375	0.260986328125	-1.0	7.0	38
篙	0.230224609375	0.3916015625	0.23974609375	0.4013671875	0.0	7.0	38
篚	0.479736328125	0.762939453125	0.4892578125	0.772216796875	-1.0	7.0	38
篛	0.950927734375	0.597412109375	0.96044921875	0.60693359375	-1.0	7.0	38
篝	0.9609375	0.597412109375	0.970458984375	0.60693359375	-1.0	7.0	38
篠	0.09228515625	0.25244140625	0.10205078125	0.26220703125	-1.0	7.0	38
篡	0.08203125	0.25244140625	0.091796875	0.26220703125	-1.0	7.0	38
篤	0.970947265625	0.59716796875	0.98046875	0.606689453125	-1.0	7.0	38
篥	0.07177734375	0.25244140625	0.08154296875	0.26220703125	-1.0	7.0	38
篦	0.98095703125	0.59716796875	0.990478515625	0.606689453125	-1.0	7.0	38
篩	0.2001953125	0.392578125	0.209716796875	0.40234375	-1.0	7.0	38
篪	0.05126953125	0.25244140625	0.06103515625	0.26220703125	-1.0	7.0	38
篮	0.3486328125	0.734619140625	0.3583984375	0.743896484375	-1.0	7.0	38
篱	0.18017578125	0.392578125	0.189697265625	0.40234375	-1.0	7.0	38
篷	0.13330078125	0.47265625	0.14306640625	0.482177734375	-1.0	7.0	38
篼	0.97412109375	0.240234375	0.98388671875	0.25	-1.0	7.0	38
篾	0.14013671875	0.392578125	0.149658203125	0.40234375	-1.0	7.0	38
簇	0.95361328125	0.240234375	0.96337890625	0.25	-1.0	7.0	38
簋	0.599853515625	0.762939453125	0.609375	0.772216796875	-1.0	7.0	38
簌	0.9228515625	0.240478515625	0.9326171875	0.250244140625	-1.0	7.0	38
簍	0.090087890625	0.392578125	0.099609375	0.40234375	-1.0	7.0	38
簏	0.83056640625	0.240478515625	0.84033203125	0.250244140625	-1.0	7.0	38
簑	0.02001953125	0.392578125	0.029541015625	0.40234375	-1.0	7.0	38
簖	0.0	0.392578125	0.009521484375	0.40234375	-1.0	7.0	38
簞	0.98095703125	0.38037109375	0.990478515625	0.39013671875	-1.0	7.0	38
簟	0.970947265625	0.38037109375	0.98046875	0.39013671875	-1.0	7.0	38
簡	0.0	0.609375	0.009521484375	0.618896484375	-1.0	7.0	38
簣	0.9609375	0.38037109375	0.970458984375	0.39013671875	-1.0	7.0	38
簦	0.010009765625	0.609375	0.01953125	0.618896484375	-1.0	7.0	38
簧	0.90087890625	0.380615234375	0.910400390625	0.390380859375	-1.0	7.0	38
簪	0.880859375	0.380615234375	0.890380859375	0.390380859375	-1.0	7.0	38
簫	0.870849609375	0.380615234375	0.88037109375	0.390380859375	-1.0	7.0	38
簷	0.62548828125	0.240966796875	0.63525390625	0.250732421875	-1.0	7.0	38
簸	0.615234375	0.240966796875	0.625	0.250732421875	-1.0	7.0	38
簽	0.60498046875	0.240966796875	0.61474609375	0.250732421875	-1.0	7.0	38
簾	0.5947265625	0.240966796875	0.6044921875	0.250732421875	-1.0	7.0	38
簿	0.58447265625	0.240966796875	0.59423828125	0.250732421875	-1.0	7.0	38
籀	0.7177734375	0.734130859375	0.7275390625	0.743408203125	-1.0	8.0	38
籁	0.123046875	0.47265625	0.1328125	0.482177734375	-1.0	8.0	38
籃	0.02001953125	0.609375	0.029541015625	0.618896484375	-1.0	7.0	38
籌	0.498046875	0.65673828125	0.50732421875	0.666259765625	0.0	7.0	38
籍	0.8408203125	0.380615234375	0.850341796875	0.390380859375	-1.0	7.0	38
籐	0.830810546875	0.380615234375	0.84033203125	0.390380859375	-1.0	7.0	38
籟	0.5126953125	0.240966796875	0.5224609375	0.250732421875	-1.0	7.0	38
籠	0.030029296875	0.609375	0.03955078125	0.618896484375	-1.0	7.0	38
籣	0.80078125	0.380615234375	0.810302734375	0.390380859375	-1.0	7.0	38
籤	0.0400390625	0.609375	0.049560546875	0.618896484375	-1.0	7.0	38
籥	0.48193359375	0.240966796875	0.49169921875	0.250732421875	-1.0	7.0	38
籬	0.4716796875	0.240966796875	0.4814453125	0.250732421875	-1.0	7.0	38
籮	0.770751953125	0.380615234375	0.7802734375	0.390380859375	-1.0	7.0	38
籲	0.4306640625	0.240966796875	0.4404296875	0.250732421875	-1.0	7.0	38
米	0.11279296875	0.47265625	0.12255859375	0.482177734375	-1.0	8.0	38
籴	0.41015625	0.240966796875	0.419921875	0.250732421875	-1.0	7.0	38
类	0.39990234375	0.240966796875	0.40966796875	0.250732421875	-1.0	7.0	38
籼	0.9375	0.420654296875	0.94677734375	0.430419921875	-1.0	7.0	38
籽	0.37939453125	0.240966796875	0.38916015625	0.250732421875	-1.0	7.0	38
粉	0.1025390625	0.47265625	0.1123046875	0.482177734375	-1.0	7.0	38
粑	0.35888671875	0.240966796875	0.36865234375	0.250732421875	-1.0	7.0	38
粒	0.730712890625	0.380615234375	0.740234375	0.390380859375	-1.0	7.0	38
粕	0.869140625	0.420654296875	0.87841796875	0.430419921875	-1.0	7.0	38
粗	0.31787109375	0.2412109375	0.32763671875	0.2509765625	-1.0	7.0	38
粘	0.70068359375	0.380859375	0.710205078125	0.390625	-1.0	7.0	38
粜	0.287109375	0.2412109375	0.296875	0.2509765625	-1.0	7.0	38
粝	0.050048828125	0.609375	0.0595703125	0.618896484375	-1.0	8.0	38
粞	0.860107421875	0.76220703125	0.86962890625	0.771484375	-1.0	8.0	38
粟	0.8701171875	0.76220703125	0.879638671875	0.771484375	-1.0	9.0	38
粢	0.85107421875	0.7431640625	0.86083984375	0.75244140625	-1.0	8.0	38
粤	0.76171875	0.656005859375	0.77099609375	0.66552734375	0.0	7.0	38
粥	0.771484375	0.656005859375	0.78076171875	0.66552734375	0.0	7.0	38
粪	0.06005859375	0.609375	0.069580078125	0.618896484375	-1.0	8.0	38
粮	0.27685546875	0.2412109375	0.28662109375	0.2509765625	-1.0	7.0	38
粱	0.09228515625	0.47265625	0.10205078125	0.482177734375	-1.0	7.0	38
粲	0.25634765625	0.2412109375	0.26611328125	0.2509765625	-1.0	7.0	38
粳	0.08203125	0.47265625	0.091796875	0.482177734375	-1.0	8.0	38
粵	0.830078125	0.656005859375	0.83935546875	0.66552734375	0.0	7.0	38
粹	0.670654296875	0.380859375	0.68017578125	0.390625	-1.0	7.0	38
粼	0.2255859375	0.241455078125	0.2353515625	0.251220703125	-1.0	7.0	38
粽	0.21533203125	0.24169921875	0.22509765625	0.25146484375	-1.0	7.0	38
精	0.19482421875	0.242431640625	0.20458984375	0.252197265625	-1.0	7.0	38
糁	0.1640625	0.242431640625	0.173828125	0.252197265625	-1.0	7.0	38
糅	0.15380859375	0.242431640625	0.16357421875	0.252197265625	-1.0	7.0	38
糇	0.09228515625	0.242431640625	0.10205078125	0.252197265625	-1.0	7.0	38
糈	0.0615234375	0.242431640625	0.0712890625	0.252197265625	-1.0	7.0	38
糊	0.72265625	0.4208984375	0.73193359375	0.4306640625	-1.0	7.0	38
糌	0.041015625	0.242431640625	0.05078125	0.252197265625	-1.0	7.0	38
糍	0.03076171875	0.242431640625	0.04052734375	0.252197265625	-1.0	7.0	38
糎	0.07177734375	0.47265625	0.08154296875	0.482177734375	-1.0	8.0	38
糕	0.0	0.242431640625	0.009765625	0.252197265625	-1.0	7.0	38
糖	0.984375	0.230224609375	0.994140625	0.239990234375	-1.0	7.0	38
糗	0.9638671875	0.230224609375	0.9736328125	0.239990234375	-1.0	7.0	38
糙	0.95361328125	0.230224609375	0.96337890625	0.239990234375	-1.0	7.0	38
糜	0.943359375	0.230224609375	0.953125	0.239990234375	-1.0	7.0	38
糝	0.93310546875	0.230224609375	0.94287109375	0.239990234375	-1.0	7.0	38
糞	0.530517578125	0.381103515625	0.5400390625	0.390869140625	-1.0	7.0	38
糟	0.5205078125	0.381103515625	0.530029296875	0.390869140625	-1.0	7.0	38
糠	0.90234375	0.23046875	0.912109375	0.240234375	-1.0	7.0	38
糢	0.89208984375	0.23046875	0.90185546875	0.240234375	-1.0	7.0	38
糧	0.85107421875	0.23046875	0.86083984375	0.240234375	-1.0	7.0	38
糨	0.8408203125	0.23046875	0.8505859375	0.240234375	-1.0	7.0	38
糯	0.48046875	0.381103515625	0.489990234375	0.390869140625	-1.0	7.0	38
糰	0.64453125	0.421142578125	0.65380859375	0.430908203125	-1.0	7.0	38
糸	0.070068359375	0.609375	0.07958984375	0.618896484375	-1.0	7.0	38
系	0.1201171875	0.774169921875	0.129638671875	0.783447265625	-1.0	8.0	38
糾	0.0185546875	0.462646484375	0.02734375	0.472412109375	-1.0	7.0	38
紀	0.0205078125	0.47265625	0.0302734375	0.482177734375	-1.0	7.0	38
紂	0.01025390625	0.47265625	0.02001953125	0.482177734375	-1.0	7.0	38
約	0.146484375	0.66796875	0.15576171875	0.677490234375	-1.0	7.0	38
紅	0.0	0.47265625	0.009765625	0.482177734375	-1.0	7.0	38
紆	0.9814453125	0.46044921875	0.9912109375	0.469970703125	-1.0	7.0	38
紇	0.080078125	0.609375	0.089599609375	0.618896484375	-1.0	7.0	38
紉	0.56640625	0.421142578125	0.57568359375	0.430908203125	-1.0	7.0	38
紊	0.97119140625	0.46044921875	0.98095703125	0.469970703125	-1.0	7.0	38
紋	0.70751953125	0.23046875	0.71728515625	0.240234375	-1.0	7.0	38
納	0.537109375	0.421142578125	0.54638671875	0.430908203125	-1.0	7.0	38
紐	0.090087890625	0.609375	0.099609375	0.618896484375	-1.0	7.0	38
純	0.95068359375	0.460693359375	0.96044921875	0.47021484375	-1.0	7.0	38
紕	0.9404296875	0.460693359375	0.9501953125	0.47021484375	-1.0	8.0	38
紗	0.62548828125	0.23095703125	0.63525390625	0.24072265625	-1.0	7.0	38
紙	0.615234375	0.23095703125	0.625	0.24072265625	-1.0	7.0	38
級	0.60498046875	0.23095703125	0.61474609375	0.24072265625	-1.0	7.0	38
紛	0.5947265625	0.23095703125	0.6044921875	0.24072265625	-1.0	7.0	38
紜	0.93017578125	0.460693359375	0.93994140625	0.47021484375	-1.0	7.0	38
素	0.10009765625	0.609375	0.109619140625	0.618896484375	0.0	7.0	38
紡	0.110107421875	0.609375	0.11962890625	0.618896484375	-1.0	7.0	38
索	0.1201171875	0.609375	0.129638671875	0.618896484375	-1.0	7.0	38
紧	0.44921875	0.810546875	0.45849609375	0.81982421875	0.0	8.0	38
紫	0.14013671875	0.609375	0.149658203125	0.618896484375	-1.0	7.0	38
紮	0.150146484375	0.609375	0.15966796875	0.618896484375	-1.0	7.0	38
累	0.30029296875	0.77294921875	0.309814453125	0.7822265625	-1.0	8.0	38
細	0.37109375	0.666748046875	0.38037109375	0.67626953125	-1.0	7.0	38
紱	0.57421875	0.23095703125	0.583984375	0.24072265625	-1.0	7.0	38
紲	0.919921875	0.460693359375	0.9296875	0.47021484375	-1.0	7.0	38
紳	0.439453125	0.421142578125	0.44873046875	0.430908203125	-1.0	7.0	38
紹	0.41015625	0.66650390625	0.41943359375	0.676025390625	-1.0	7.0	38
紼	0.270263671875	0.38134765625	0.27978515625	0.39111328125	-1.0	7.0	38
絀	0.4296875	0.66650390625	0.43896484375	0.676025390625	-1.0	7.0	38
終	0.8994140625	0.460693359375	0.9091796875	0.47021484375	-1.0	7.0	38
絃	0.50244140625	0.23095703125	0.51220703125	0.24072265625	-1.0	7.0	38
組	0.339599609375	0.715576171875	0.349365234375	0.724853515625	-1.0	7.0	38
絆	0.2001953125	0.382568359375	0.209716796875	0.392333984375	-1.0	7.0	38
結	0.39990234375	0.23095703125	0.40966796875	0.24072265625	-1.0	7.0	38
絕	0.84814453125	0.460693359375	0.85791015625	0.47021484375	-1.0	7.0	38
絛	0.369140625	0.23095703125	0.37890625	0.24072265625	-1.0	7.0	38
絞	0.35888671875	0.23095703125	0.36865234375	0.24072265625	-1.0	7.0	38
絡	0.328125	0.231201171875	0.337890625	0.240966796875	-1.0	7.0	38
絢	0.52734375	0.66650390625	0.53662109375	0.676025390625	-1.0	7.0	38
給	0.31787109375	0.231201171875	0.32763671875	0.240966796875	-1.0	7.0	38
絨	0.837890625	0.460693359375	0.84765625	0.47021484375	-1.0	7.0	38
絮	0.556640625	0.66650390625	0.56591796875	0.676025390625	0.0	7.0	38
絰	0.390869140625	0.715576171875	0.400634765625	0.724853515625	-1.0	7.0	38
統	0.287109375	0.231201171875	0.296875	0.240966796875	-1.0	7.0	38
絲	0.82763671875	0.460693359375	0.83740234375	0.47021484375	-1.0	7.0	38
絳	0.2666015625	0.231201171875	0.2763671875	0.240966796875	-1.0	7.0	38
絷	0.16015625	0.609375	0.169677734375	0.618896484375	0.0	7.0	38
絹	0.078125	0.422607421875	0.08740234375	0.432373046875	-1.0	7.0	38
綁	0.110107421875	0.382568359375	0.11962890625	0.392333984375	-1.0	7.0	38
綏	0.23583984375	0.231201171875	0.24560546875	0.240966796875	-1.0	7.0	38
綑	0.068359375	0.422607421875	0.07763671875	0.432373046875	-1.0	7.0	38
經	0.8173828125	0.460693359375	0.8271484375	0.47021484375	-1.0	7.0	38
綜	0.170166015625	0.609375	0.1796875	0.618896484375	-1.0	7.0	38
綞	0.80712890625	0.460693359375	0.81689453125	0.47021484375	-1.0	7.0	38
綠	0.796875	0.460693359375	0.806640625	0.47021484375	-1.0	7.0	38
綢	0.029296875	0.422607421875	0.03857421875	0.432373046875	-1.0	7.0	38
綦	0.050048828125	0.382568359375	0.0595703125	0.392333984375	-1.0	7.0	38
綬	0.1640625	0.232421875	0.173828125	0.2421875	-1.0	7.0	38
維	0.15380859375	0.232421875	0.16357421875	0.2421875	-1.0	7.0	38
綮	0.18017578125	0.609375	0.189697265625	0.618896484375	-1.0	7.0	38
綰	0.0400390625	0.382568359375	0.049560546875	0.392333984375	-1.0	7.0	38
綱	0.751953125	0.665771484375	0.76123046875	0.67529296875	-1.0	7.0	38
網	0.76171875	0.665771484375	0.77099609375	0.67529296875	-1.0	7.0	38
綴	0.13330078125	0.232421875	0.14306640625	0.2421875	-1.0	7.0	38
綵	0.123046875	0.232421875	0.1328125	0.2421875	-1.0	7.0	38
綸	0.11279296875	0.232421875	0.12255859375	0.2421875	-1.0	7.0	38
綺	0.78662109375	0.460693359375	0.79638671875	0.47021484375	-1.0	7.0	38
綻	0.09228515625	0.232421875	0.10205078125	0.2421875	-1.0	7.0	38
綽	0.08203125	0.232421875	0.091796875	0.2421875	-1.0	7.0	38
綾	0.07177734375	0.232421875	0.08154296875	0.2421875	-1.0	7.0	38
綿	0.83984375	0.665771484375	0.84912109375	0.67529296875	-1.0	7.0	38
緇	0.190185546875	0.609375	0.19970703125	0.618896484375	-1.0	7.0	38
緊	0.37109375	0.876708984375	0.38037109375	0.8857421875	0.0	9.0	38
緒	0.02001953125	0.382568359375	0.029541015625	0.392333984375	-1.0	7.0	38
緘	0.05126953125	0.232421875	0.06103515625	0.2421875	-1.0	7.0	38
緙	0.041015625	0.232421875	0.05078125	0.2421875	-1.0	7.0	38
線	0.76611328125	0.460693359375	0.77587890625	0.47021484375	-1.0	7.0	38
緝	0.97412109375	0.22021484375	0.98388671875	0.22998046875	-1.0	7.0	38
緞	0.755859375	0.460693359375	0.765625	0.47021484375	-1.0	8.0	38
締	0.910888671875	0.37060546875	0.92041015625	0.38037109375	-1.0	7.0	38
緣	0.7353515625	0.460693359375	0.7451171875	0.47021484375	-1.0	7.0	38
編	0.791015625	0.41064453125	0.80029296875	0.42041015625	-1.0	7.0	38
緩	0.8408203125	0.220458984375	0.8505859375	0.230224609375	-1.0	7.0	38
緬	0.2001953125	0.609375	0.209716796875	0.618896484375	-1.0	7.0	38
緯	0.81005859375	0.220458984375	0.81982421875	0.230224609375	-1.0	7.0	38
緲	0.71484375	0.4609375	0.724609375	0.470458984375	-1.0	8.0	38
練	0.68701171875	0.220703125	0.69677734375	0.23046875	-1.0	7.0	38
緹	0.62548828125	0.220947265625	0.63525390625	0.230712890625	-1.0	7.0	38
緻	0.615234375	0.220947265625	0.625	0.230712890625	-1.0	7.0	38
縈	0.3427734375	0.705810546875	0.351806640625	0.71533203125	0.0	7.0	38
縉	0.62548828125	0.57861328125	0.63525390625	0.588134765625	-1.0	7.0	38
縊	0.513916015625	0.71533203125	0.523681640625	0.724609375	-1.0	7.0	38
縐	0.6640625	0.410888671875	0.67333984375	0.420654296875	-1.0	7.0	38
縑	0.57421875	0.220947265625	0.583984375	0.230712890625	-1.0	7.0	38
縛	0.615234375	0.57861328125	0.625	0.588134765625	-1.0	7.0	38
縝	0.62060546875	0.37109375	0.630126953125	0.380859375	-1.0	7.0	38
縞	0.210205078125	0.609375	0.2197265625	0.618896484375	-1.0	7.0	38
縣	0.9287109375	0.847900390625	0.9384765625	0.85693359375	-1.0	9.0	38
縫	0.54345703125	0.220947265625	0.55322265625	0.230712890625	-1.0	7.0	38
縮	0.610595703125	0.37109375	0.6201171875	0.380859375	-1.0	7.0	38
縯	0.52294921875	0.220947265625	0.53271484375	0.230712890625	-1.0	7.0	38
縱	0.5126953125	0.220947265625	0.5224609375	0.230712890625	-1.0	7.0	38
縲	0.50244140625	0.220947265625	0.51220703125	0.230712890625	-1.0	7.0	38
縴	0.6005859375	0.37109375	0.610107421875	0.380859375	-1.0	7.0	38
縵	0.48193359375	0.220947265625	0.49169921875	0.230712890625	-1.0	7.0	38
縷	0.4716796875	0.220947265625	0.4814453125	0.230712890625	-1.0	7.0	38
縹	0.60498046875	0.57861328125	0.61474609375	0.588134765625	-1.0	7.0	38
縻	0.451171875	0.220947265625	0.4609375	0.230712890625	-1.0	7.0	38
總	0.5947265625	0.57861328125	0.6044921875	0.588134765625	-1.0	7.0	38
績	0.42041015625	0.220947265625	0.43017578125	0.230712890625	-1.0	7.0	38
縿	0.39990234375	0.220947265625	0.40966796875	0.230712890625	-1.0	7.0	38
繁	0.22021484375	0.609375	0.229736328125	0.618896484375	-1.0	7.0	38
繃	0.56640625	0.4111328125	0.57568359375	0.4208984375	-1.0	7.0	38
繅	0.35888671875	0.220947265625	0.36865234375	0.230712890625	-1.0	7.0	38
繆	0.33837890625	0.22119140625	0.34814453125	0.23095703125	-1.0	7.0	38
繇	0.07177734375	0.85986328125	0.08154296875	0.868896484375	-1.0	9.0	38
繈	0.328125	0.22119140625	0.337890625	0.23095703125	-1.0	7.0	38
繒	0.52734375	0.4111328125	0.53662109375	0.4208984375	-1.0	7.0	38
織	0.3076171875	0.22119140625	0.3173828125	0.23095703125	-1.0	7.0	38
繕	0.50048828125	0.37109375	0.510009765625	0.380859375	-1.0	7.0	38
繙	0.230224609375	0.609375	0.23974609375	0.618896484375	-1.0	8.0	38
繚	0.54345703125	0.57861328125	0.55322265625	0.588134765625	-1.0	7.0	38
繞	0.27685546875	0.22119140625	0.28662109375	0.23095703125	-1.0	7.0	38
繡	0.21533203125	0.2216796875	0.22509765625	0.2314453125	-1.0	7.0	38
繩	0.565185546875	0.71533203125	0.574951171875	0.724609375	-1.0	8.0	38
繪	0.123046875	0.222412109375	0.1328125	0.232177734375	-1.0	7.0	38
繫	0.240234375	0.608642578125	0.249755859375	0.6181640625	0.0	7.0	38
繭	0.250244140625	0.6083984375	0.259765625	0.617919921875	-1.0	7.0	38
繳	0.11279296875	0.222412109375	0.12255859375	0.232177734375	-1.0	7.0	38
繹	0.5126953125	0.57861328125	0.5224609375	0.588134765625	-1.0	8.0	38
繼	0.970947265625	0.771728515625	0.98046875	0.781005859375	-1.0	8.0	38
繽	0.330322265625	0.371337890625	0.33984375	0.381103515625	-1.0	7.0	38
纂	0.50244140625	0.57861328125	0.51220703125	0.588134765625	-1.0	7.0	38
續	0.95361328125	0.210205078125	0.96337890625	0.219970703125	-1.0	7.0	38
纏	0.91259765625	0.21044921875	0.92236328125	0.22021484375	-1.0	7.0	38
纓	0.48193359375	0.57861328125	0.49169921875	0.588134765625	-1.0	8.0	38
纔	0.8203125	0.21044921875	0.830078125	0.22021484375	-1.0	7.0	38
纖	0.779296875	0.21044921875	0.7890625	0.22021484375	-1.0	7.0	38
纛	0.26025390625	0.608154296875	0.269775390625	0.61767578125	-1.0	7.0	38
纜	0.7587890625	0.21044921875	0.7685546875	0.22021484375	-1.0	7.0	38
纟	0.993896484375	0.89404296875	0.99951171875	0.90283203125	-1.0	8.0	38
纠	0.0927734375	0.462646484375	0.1015625	0.472412109375	-1.0	7.0	38
纡	0.4716796875	0.57861328125	0.4814453125	0.588134765625	-1.0	7.0	38
红	0.585693359375	0.71533203125	0.595458984375	0.724609375	-1.0	7.0	38
纣	0.46142578125	0.57861328125	0.47119140625	0.588134765625	-1.0	7.0	38
纤	0.66650390625	0.210693359375	0.67626953125	0.220458984375	-1.0	7.0	38
纥	0.44091796875	0.57861328125	0.45068359375	0.588134765625	-1.0	7.0	38
约	0.595703125	0.67626953125	0.60498046875	0.685791015625	-1.0	7.0	38
级	0.64599609375	0.210693359375	0.65576171875	0.220458984375	-1.0	7.0	38
纨	0.6357421875	0.2109375	0.6455078125	0.220703125	-1.0	7.0	38
纩	0.60498046875	0.2109375	0.61474609375	0.220703125	-1.0	7.0	38
纪	0.06005859375	0.78369140625	0.069580078125	0.79296875	-1.0	7.0	38
纫	0.01953125	0.41259765625	0.02880859375	0.42236328125	-1.0	7.0	38
纬	0.0	0.37255859375	0.009521484375	0.38232421875	-1.0	7.0	38
纭	0.4306640625	0.57861328125	0.4404296875	0.588134765625	-1.0	7.0	38
纯	0.3486328125	0.578857421875	0.3583984375	0.58837890625	-1.0	7.0	38
纰	0.5537109375	0.2109375	0.5634765625	0.220703125	-1.0	7.0	38
纱	0.54345703125	0.2109375	0.55322265625	0.220703125	-1.0	7.0	38
纲	0.05712890625	0.70703125	0.066162109375	0.716552734375	-1.0	7.0	38
纳	0.712890625	0.676025390625	0.72216796875	0.685546875	-1.0	7.0	38
纵	0.533203125	0.2109375	0.54296875	0.220703125	-1.0	7.0	38
纶	0.616455078125	0.71533203125	0.626220703125	0.724609375	-1.0	8.0	38
纷	0.950927734375	0.3603515625	0.96044921875	0.3701171875	-1.0	7.0	38
纸	0.287109375	0.578857421875	0.296875	0.58837890625	-1.0	7.0	38
纹	0.270263671875	0.608154296875	0.27978515625	0.61767578125	0.0	7.0	38
纺	0.4921875	0.2109375	0.501953125	0.220703125	-1.0	7.0	38
纽	0.110107421875	0.78369140625	0.11962890625	0.79296875	-1.0	7.0	38
纾	0.2802734375	0.608154296875	0.289794921875	0.61767578125	-1.0	7.0	38
线	0.27685546875	0.578857421875	0.28662109375	0.58837890625	-1.0	7.0	38
绀	0.890869140625	0.360595703125	0.900390625	0.370361328125	-1.0	7.0	38
绁	0.130126953125	0.78369140625	0.1396484375	0.79296875	-1.0	7.0	38
绂	0.41015625	0.2109375	0.419921875	0.220703125	-1.0	7.0	38
练	0.25634765625	0.578857421875	0.26611328125	0.58837890625	-1.0	7.0	38
组	0.636962890625	0.71533203125	0.646728515625	0.724609375	-1.0	7.0	38
绅	0.849609375	0.400634765625	0.85888671875	0.410400390625	-1.0	7.0	38
细	0.869140625	0.675537109375	0.87841796875	0.68505859375	-1.0	7.0	38
织	0.37939453125	0.2109375	0.38916015625	0.220703125	-1.0	7.0	38
终	0.23583984375	0.579345703125	0.24560546875	0.5888671875	-1.0	7.0	38
绉	0.8203125	0.400634765625	0.82958984375	0.410400390625	-1.0	7.0	38
绊	0.810791015625	0.360595703125	0.8203125	0.370361328125	-1.0	7.0	38
绋	0.790771484375	0.360595703125	0.80029296875	0.370361328125	-1.0	7.0	38
绌	0.927734375	0.675537109375	0.93701171875	0.68505859375	-1.0	7.0	38
绍	0.0	0.70703125	0.009033203125	0.716552734375	-1.0	7.0	38
绎	0.29736328125	0.211181640625	0.30712890625	0.220947265625	-1.0	7.0	38
经	0.18017578125	0.78369140625	0.189697265625	0.79296875	-1.0	7.0	38
绐	0.287109375	0.211181640625	0.296875	0.220947265625	-1.0	7.0	38
绑	0.78076171875	0.360595703125	0.790283203125	0.370361328125	-1.0	7.0	38
绒	0.21533203125	0.580078125	0.22509765625	0.589599609375	-1.0	7.0	38
结	0.24609375	0.211181640625	0.255859375	0.220947265625	-1.0	7.0	38
绔	0.1845703125	0.580078125	0.1943359375	0.589599609375	-1.0	7.0	38
绕	0.2255859375	0.21142578125	0.2353515625	0.22119140625	-1.0	7.0	38
绗	0.1845703125	0.21240234375	0.1943359375	0.22216796875	-1.0	7.0	38
绘	0.710693359375	0.36083984375	0.72021484375	0.37060546875	-1.0	7.0	38
给	0.1640625	0.21240234375	0.173828125	0.22216796875	-1.0	7.0	38
绚	0.05859375	0.6875	0.06787109375	0.697021484375	-1.0	7.0	38
绛	0.15380859375	0.21240234375	0.16357421875	0.22216796875	-1.0	7.0	38
络	0.70068359375	0.36083984375	0.710205078125	0.37060546875	-1.0	7.0	38
绝	0.17431640625	0.580078125	0.18408203125	0.589599609375	-1.0	7.0	38
绞	0.6806640625	0.36083984375	0.690185546875	0.37060546875	-1.0	7.0	38
统	0.11279296875	0.21240234375	0.12255859375	0.22216796875	-1.0	7.0	38
绠	0.1025390625	0.21240234375	0.1123046875	0.22216796875	-1.0	7.0	38
绡	0.290283203125	0.608154296875	0.2998046875	0.61767578125	-1.0	8.0	38
绢	0.68359375	0.40087890625	0.69287109375	0.41064453125	-1.0	7.0	38
绣	0.07177734375	0.21240234375	0.08154296875	0.22216796875	-1.0	7.0	38
绥	0.640625	0.361083984375	0.650146484375	0.370849609375	-1.0	7.0	38
绦	0.15380859375	0.580078125	0.16357421875	0.589599609375	-1.0	7.0	38
继	0.26025390625	0.782958984375	0.269775390625	0.792236328125	-1.0	7.0	38
绨	0.62060546875	0.361083984375	0.630126953125	0.370849609375	-1.0	7.0	38
绩	0.30029296875	0.608154296875	0.309814453125	0.61767578125	-1.0	8.0	38
绪	0.610595703125	0.361083984375	0.6201171875	0.370849609375	-1.0	7.0	38
绫	0.984375	0.2001953125	0.994140625	0.2099609375	-1.0	7.0	38
续	0.570556640625	0.361083984375	0.580078125	0.370849609375	-1.0	7.0	38
绮	0.1435546875	0.580078125	0.1533203125	0.589599609375	-1.0	7.0	38
绯	0.550537109375	0.361083984375	0.56005859375	0.370849609375	-1.0	7.0	38
绰	0.54052734375	0.361083984375	0.550048828125	0.370849609375	-1.0	7.0	38
绱	0.615234375	0.401123046875	0.62451171875	0.410888671875	-1.0	7.0	38
绲	0.123046875	0.580078125	0.1328125	0.589599609375	-1.0	7.0	38
绳	0.3603515625	0.7822265625	0.369873046875	0.79150390625	-1.0	8.0	38
维	0.490478515625	0.361083984375	0.5	0.370849609375	-1.0	7.0	38
绵	0.52734375	0.401123046875	0.53662109375	0.410888671875	-1.0	7.0	38
绶	0.0615234375	0.580078125	0.0712890625	0.589599609375	-1.0	8.0	38
绷	0.322265625	0.686279296875	0.33154296875	0.69580078125	-1.0	7.0	38
绸	0.33203125	0.686279296875	0.34130859375	0.69580078125	-1.0	8.0	38
绺	0.73828125	0.200439453125	0.748046875	0.210205078125	-1.0	7.0	38
绻	0.943359375	0.568115234375	0.953125	0.57763671875	-1.0	7.0	38
综	0.89208984375	0.568115234375	0.90185546875	0.57763671875	-1.0	7.0	38
绽	0.57421875	0.200927734375	0.583984375	0.210693359375	-1.0	7.0	38
绾	0.30029296875	0.361328125	0.309814453125	0.37109375	-1.0	7.0	38
绿	0.83056640625	0.568115234375	0.84033203125	0.57763671875	-1.0	7.0	38
缀	0.533203125	0.200927734375	0.54296875	0.210693359375	-1.0	7.0	38
缁	0.310302734375	0.608154296875	0.31982421875	0.61767578125	-1.0	7.0	38
缂	0.52294921875	0.200927734375	0.53271484375	0.210693359375	-1.0	7.0	38
缃	0.146484375	0.402587890625	0.15576171875	0.412353515625	-1.0	7.0	38
缄	0.50244140625	0.200927734375	0.51220703125	0.210693359375	-1.0	7.0	38
缅	0.270263671875	0.361328125	0.27978515625	0.37109375	-1.0	7.0	38
缆	0.4716796875	0.200927734375	0.4814453125	0.210693359375	-1.0	7.0	38
缇	0.46142578125	0.200927734375	0.47119140625	0.210693359375	-1.0	7.0	38
缈	0.8203125	0.568115234375	0.830078125	0.57763671875	-1.0	8.0	38
缉	0.250244140625	0.361328125	0.259765625	0.37109375	-1.0	7.0	38
缋	0.4306640625	0.200927734375	0.4404296875	0.210693359375	-1.0	7.0	38
缌	0.7998046875	0.568115234375	0.8095703125	0.57763671875	-1.0	7.0	38
缍	0.27685546875	0.85888671875	0.28662109375	0.867919921875	-1.0	8.0	38
缎	0.39990234375	0.200927734375	0.40966796875	0.210693359375	-1.0	7.0	38
缏	0.3896484375	0.200927734375	0.3994140625	0.210693359375	-1.0	7.0	38
缑	0.369140625	0.200927734375	0.37890625	0.210693359375	-1.0	7.0	38
缒	0.779296875	0.568115234375	0.7890625	0.57763671875	-1.0	7.0	38
缓	0.2001953125	0.362548828125	0.209716796875	0.372314453125	-1.0	7.0	38
缔	0.09765625	0.402587890625	0.10693359375	0.412353515625	-1.0	7.0	38
缕	0.1201171875	0.362548828125	0.129638671875	0.372314453125	-1.0	7.0	38
编	0.087890625	0.402587890625	0.09716796875	0.412353515625	-1.0	7.0	38
缗	0.19482421875	0.202392578125	0.20458984375	0.212158203125	-1.0	7.0	38
缘	0.3203125	0.608154296875	0.329833984375	0.61767578125	-1.0	7.0	38
缙	0.06005859375	0.362548828125	0.069580078125	0.372314453125	-1.0	7.0	38
缚	0.330322265625	0.608154296875	0.33984375	0.61767578125	-1.0	7.0	38
缛	0.15380859375	0.202392578125	0.16357421875	0.212158203125	-1.0	7.0	38
缜	0.0400390625	0.362548828125	0.049560546875	0.372314453125	-1.0	7.0	38
缝	0.13330078125	0.202392578125	0.14306640625	0.212158203125	-1.0	7.0	38
缟	0.030029296875	0.362548828125	0.03955078125	0.372314453125	-1.0	7.0	38
缠	0.02001953125	0.362548828125	0.029541015625	0.372314453125	-1.0	7.0	38
缡	0.98095703125	0.350341796875	0.990478515625	0.360107421875	-1.0	7.0	38
缢	0.944580078125	0.714599609375	0.954345703125	0.723876953125	-1.0	7.0	38
缣	0.861328125	0.1904296875	0.87109375	0.2001953125	-1.0	7.0	38
缤	0.9208984375	0.3505859375	0.930419921875	0.3603515625	-1.0	7.0	38
缥	0.975341796875	0.714599609375	0.985107421875	0.723876953125	-1.0	8.0	38
缦	0.83056640625	0.1904296875	0.84033203125	0.2001953125	-1.0	7.0	38
缧	0.64599609375	0.56884765625	0.65576171875	0.578369140625	-1.0	7.0	38
缨	0.34033203125	0.608154296875	0.349853515625	0.61767578125	-1.0	8.0	38
缩	0.750732421875	0.3505859375	0.76025390625	0.3603515625	-1.0	7.0	38
缪	0.19482421875	0.1923828125	0.20458984375	0.2021484375	-1.0	7.0	38
缫	0.01025390625	0.1923828125	0.02001953125	0.2021484375	-1.0	7.0	38
缬	0.64599609375	0.1806640625	0.65576171875	0.1904296875	-1.0	7.0	38
缭	0.3896484375	0.56884765625	0.3994140625	0.578369140625	-1.0	7.0	38
缮	0.18017578125	0.3525390625	0.189697265625	0.3623046875	-1.0	7.0	38
缯	0.640625	0.39111328125	0.64990234375	0.40087890625	-1.0	7.0	38
缰	0.05126953125	0.7265625	0.06103515625	0.73583984375	-1.0	8.0	38
缱	0.52294921875	0.1708984375	0.53271484375	0.1806640625	-1.0	7.0	38
缲	0.2666015625	0.569091796875	0.2763671875	0.57861328125	-1.0	8.0	38
缳	0.01025390625	0.17236328125	0.02001953125	0.18212890625	-1.0	7.0	38
缴	0.0	0.17236328125	0.009765625	0.18212890625	-1.0	7.0	38
缵	0.984375	0.16015625	0.994140625	0.169921875	-1.0	7.0	38
缶	0.730712890625	0.340576171875	0.740234375	0.350341796875	-1.0	7.0	38
缸	0.770751953125	0.78125	0.7802734375	0.79052734375	-1.0	7.0	38
缺	0.91259765625	0.160400390625	0.92236328125	0.170166015625	-1.0	7.0	38
缽	0.70068359375	0.3408203125	0.710205078125	0.3505859375	-1.0	7.0	38
罂	0.80078125	0.78125	0.810302734375	0.79052734375	-1.0	9.0	38
罄	0.8203125	0.160400390625	0.830078125	0.170166015625	-1.0	7.0	38
罅	0.66064453125	0.3408203125	0.670166015625	0.3505859375	-1.0	7.0	38
罈	0.779296875	0.160400390625	0.7890625	0.170166015625	-1.0	7.0	38
罌	0.82080078125	0.78125	0.830322265625	0.79052734375	-1.0	9.0	38
罐	0.62060546875	0.341064453125	0.630126953125	0.350830078125	-1.0	7.0	38
网	0.970947265625	0.875732421875	0.979248046875	0.884765625	2.0	9.0	38
罔	0.979736328125	0.875732421875	0.988037109375	0.884765625	2.0	9.0	38
罕	0.6005859375	0.8671875	0.610107421875	0.876220703125	-1.0	10.0	38
罗	0.654541015625	0.82958984375	0.66357421875	0.8388671875	-1.0	9.0	38
罘	0.880859375	0.78125	0.890380859375	0.79052734375	-1.0	9.0	38
罚	0.808349609375	0.8759765625	0.817138671875	0.885009765625	0.0	9.0	38
罟	0.703125	0.820068359375	0.71240234375	0.829345703125	0.0	9.0	38
罡	0.62060546875	0.8671875	0.630126953125	0.876220703125	-1.0	9.0	38
罢	0.9208984375	0.78125	0.930419921875	0.79052734375	-1.0	9.0	38
罨	0.4921875	0.85791015625	0.501953125	0.866943359375	-1.0	9.0	38
罩	0.68310546875	0.82958984375	0.692138671875	0.8388671875	0.0	9.0	38
罪	0.950927734375	0.78125	0.96044921875	0.79052734375	-1.0	9.0	38
置	0.50244140625	0.85791015625	0.51220703125	0.866943359375	-1.0	9.0	38
罰	0.692626953125	0.82958984375	0.70166015625	0.8388671875	-1.0	9.0	38
罱	0.630615234375	0.8671875	0.64013671875	0.876220703125	-1.0	9.0	38
署	0.0	0.793212890625	0.009521484375	0.802490234375	-1.0	9.0	38
罴	0.010009765625	0.793212890625	0.01953125	0.802490234375	-1.0	9.0	38
罵	0.63134765625	0.87646484375	0.640380859375	0.885498046875	-1.0	9.0	38
罷	0.263671875	0.878173828125	0.27294921875	0.88720703125	0.0	9.0	38
罹	0.791015625	0.8193359375	0.80029296875	0.82861328125	-1.0	9.0	38
罾	0.889892578125	0.83837890625	0.898193359375	0.84765625	2.0	9.0	38
羁	0.810546875	0.8193359375	0.81982421875	0.82861328125	-1.0	9.0	38
羅	0.8203125	0.8193359375	0.82958984375	0.82861328125	0.0	9.0	38
羈	0.830078125	0.8193359375	0.83935546875	0.82861328125	-1.0	9.0	38
羊	0.570556640625	0.341064453125	0.580078125	0.350830078125	-1.0	7.0	38
羋	0.350341796875	0.608154296875	0.35986328125	0.61767578125	-1.0	8.0	38
羌	0.240234375	0.391357421875	0.24951171875	0.401123046875	0.0	7.0	38
美	0.54052734375	0.341064453125	0.550048828125	0.350830078125	-1.0	7.0	38
羔	0.3603515625	0.608154296875	0.369873046875	0.61767578125	-1.0	7.0	38
羚	0.5947265625	0.160888671875	0.6044921875	0.170654296875	-1.0	7.0	38
羝	0.91259765625	0.558349609375	0.92236328125	0.56787109375	-1.0	8.0	38
羞	0.31787109375	0.725341796875	0.32763671875	0.734619140625	-1.0	7.0	38
羟	0.370361328125	0.608154296875	0.3798828125	0.61767578125	-1.0	8.0	38
羡	0.57421875	0.160888671875	0.583984375	0.170654296875	-1.0	7.0	38
群	0.56396484375	0.160888671875	0.57373046875	0.170654296875	-1.0	7.0	38
羧	0.5537109375	0.160888671875	0.5634765625	0.170654296875	-1.0	7.0	38
羨	0.48046875	0.341064453125	0.489990234375	0.350830078125	0.0	7.0	38
義	0.38037109375	0.608154296875	0.389892578125	0.61767578125	-1.0	7.0	38
羯	0.37109375	0.696044921875	0.38037109375	0.70556640625	-1.0	8.0	38
羰	0.90234375	0.558349609375	0.912109375	0.56787109375	-1.0	8.0	38
羲	0.8818359375	0.558349609375	0.8916015625	0.56787109375	-1.0	7.0	38
羶	0.8203125	0.558349609375	0.830078125	0.56787109375	-1.0	7.0	38
羸	0.4921875	0.160888671875	0.501953125	0.170654296875	-1.0	7.0	38
羹	0.430419921875	0.341064453125	0.43994140625	0.350830078125	-1.0	7.0	38
羼	0.230224609375	0.793212890625	0.23974609375	0.802490234375	-1.0	9.0	38
羽	0.498291015625	0.894775390625	0.50732421875	0.903564453125	-1.0	10.0	38
羿	0.966796875	0.8193359375	0.97607421875	0.82861328125	0.0	9.0	38
翁	0.78955078125	0.558349609375	0.79931640625	0.56787109375	-1.0	7.0	38
翅	0.44091796875	0.724853515625	0.45068359375	0.734130859375	-1.0	8.0	38
翊	0.478515625	0.69580078125	0.48779296875	0.705322265625	-1.0	7.0	38
翌	0.2470703125	0.896728515625	0.25634765625	0.905517578125	0.0	9.0	38
翎	0.787841796875	0.828857421875	0.796875	0.838134765625	-1.0	8.0	38
習	0.3154296875	0.839599609375	0.32421875	0.848876953125	0.0	9.0	38
翔	0.517578125	0.69580078125	0.52685546875	0.705322265625	-1.0	8.0	38
翕	0.390380859375	0.60791015625	0.39990234375	0.617431640625	-1.0	7.0	38
翘	0.46142578125	0.160888671875	0.47119140625	0.170654296875	-1.0	7.0	38
翟	0.029296875	0.831298828125	0.03857421875	0.840576171875	-1.0	9.0	38
翠	0.330322265625	0.7919921875	0.33984375	0.80126953125	0.0	9.0	38
翡	0.56640625	0.69580078125	0.57568359375	0.705322265625	0.0	7.0	38
翥	0.400390625	0.60791015625	0.409912109375	0.617431640625	-1.0	7.0	38
翦	0.410400390625	0.60791015625	0.419921875	0.617431640625	-1.0	7.0	38
翩	0.595703125	0.69580078125	0.60498046875	0.705322265625	-1.0	7.0	38
翮	0.403076171875	0.89501953125	0.412109375	0.90380859375	0.0	10.0	38
翰	0.410400390625	0.341064453125	0.419921875	0.350830078125	-1.0	7.0	38
翱	0.458984375	0.43115234375	0.46826171875	0.44091796875	-1.0	7.0	38
翳	0.4296875	0.876708984375	0.43896484375	0.8857421875	0.0	9.0	38
翹	0.779296875	0.558349609375	0.7890625	0.56787109375	-1.0	8.0	38
翻	0.439453125	0.876708984375	0.44873046875	0.8857421875	-1.0	9.0	38
翼	0.410400390625	0.791748046875	0.419921875	0.801025390625	-1.0	9.0	38
耀	0.370361328125	0.341064453125	0.3798828125	0.350830078125	-1.0	7.0	38
老	0.430419921875	0.79150390625	0.43994140625	0.80078125	-1.0	7.0	38
考	0.42041015625	0.60791015625	0.429931640625	0.617431640625	-1.0	7.0	38
耄	0.7177734375	0.55859375	0.7275390625	0.568115234375	-1.0	7.0	38
者	0.37939453125	0.160888671875	0.38916015625	0.170654296875	-1.0	7.0	38
耆	0.34033203125	0.34130859375	0.349853515625	0.35107421875	-1.0	7.0	38
耋	0.450439453125	0.79150390625	0.4599609375	0.80078125	-1.0	7.0	38
而	0.1171875	0.831298828125	0.12646484375	0.840576171875	0.0	9.0	38
耍	0.615234375	0.724853515625	0.625	0.734130859375	-1.0	9.0	38
耐	0.430419921875	0.60791015625	0.43994140625	0.617431640625	-1.0	7.0	38
耑	0.4296875	0.43115234375	0.43896484375	0.44091796875	0.0	7.0	38
耒	0.66650390625	0.55908203125	0.67626953125	0.568603515625	-1.0	7.0	38
耔	0.29736328125	0.1611328125	0.30712890625	0.1708984375	-1.0	7.0	38
耕	0.287109375	0.1611328125	0.296875	0.1708984375	-1.0	7.0	38
耖	0.27685546875	0.1611328125	0.28662109375	0.1708984375	-1.0	7.0	38
耗	0.25634765625	0.1611328125	0.26611328125	0.1708984375	-1.0	7.0	38
耘	0.24609375	0.1611328125	0.255859375	0.1708984375	-1.0	7.0	38
耙	0.21533203125	0.16162109375	0.22509765625	0.17138671875	-1.0	7.0	38
耜	0.390625	0.43115234375	0.39990234375	0.44091796875	-1.0	7.0	38
耠	0.17431640625	0.162353515625	0.18408203125	0.172119140625	-1.0	7.0	38
耢	0.1640625	0.162353515625	0.173828125	0.172119140625	-1.0	7.0	38
耥	0.380859375	0.43115234375	0.39013671875	0.44091796875	-1.0	7.0	38
耦	0.37109375	0.431396484375	0.38037109375	0.441162109375	-1.0	7.0	38
耧	0.1025390625	0.162353515625	0.1123046875	0.172119140625	-1.0	7.0	38
耨	0.451171875	0.55908203125	0.4609375	0.568603515625	-1.0	8.0	38
耩	0.7177734375	0.724609375	0.7275390625	0.73388671875	-1.0	8.0	38
耪	0.07177734375	0.162353515625	0.08154296875	0.172119140625	-1.0	7.0	38
耱	0.05126953125	0.162353515625	0.06103515625	0.172119140625	-1.0	7.0	38
耳	0.930908203125	0.866455078125	0.9404296875	0.87548828125	-1.0	9.0	38
耵	0.03076171875	0.85986328125	0.04052734375	0.868896484375	-1.0	10.0	38
耶	0.610595703125	0.79150390625	0.6201171875	0.80078125	-1.0	9.0	38
耷	0.041015625	0.162353515625	0.05078125	0.172119140625	-1.0	7.0	38
耸	0.4306640625	0.55908203125	0.4404296875	0.568603515625	-1.0	7.0	38
耻	0.16015625	0.342529296875	0.169677734375	0.352294921875	-1.0	7.0	38
耽	0.93310546875	0.150146484375	0.94287109375	0.159912109375	-1.0	7.0	38
耿	0.91259765625	0.150390625	0.92236328125	0.16015625	-1.0	7.0	38
聂	0.76904296875	0.72412109375	0.77880859375	0.7333984375	-1.0	9.0	38
聃	0.89208984375	0.150390625	0.90185546875	0.16015625	-1.0	7.0	38
聆	0.3486328125	0.559326171875	0.3583984375	0.56884765625	-1.0	8.0	38
聊	0.234375	0.658203125	0.24365234375	0.667724609375	-1.0	8.0	38
聋	0.87158203125	0.150390625	0.88134765625	0.16015625	-1.0	7.0	38
职	0.594482421875	0.8857421875	0.60400390625	0.89453125	-1.0	10.0	38
聍	0.070068359375	0.342529296875	0.07958984375	0.352294921875	-1.0	7.0	38
聒	0.710693359375	0.791259765625	0.72021484375	0.800537109375	-1.0	9.0	38
联	0.85107421875	0.150390625	0.86083984375	0.16015625	-1.0	7.0	38
聖	0.6044921875	0.8857421875	0.614013671875	0.89453125	-1.0	9.0	38
聘	0.8408203125	0.150390625	0.8505859375	0.16015625	-1.0	7.0	38
聚	0.750732421875	0.791259765625	0.76025390625	0.800537109375	-1.0	9.0	38
聞	0.43603515625	0.839111328125	0.44482421875	0.848388671875	1.0	9.0	38
聩	0.83056640625	0.150390625	0.84033203125	0.16015625	-1.0	7.0	38
聪	0.81005859375	0.150390625	0.81982421875	0.16015625	-1.0	7.0	38
聯	0.7998046875	0.150390625	0.8095703125	0.16015625	-1.0	7.0	38
聰	0.78955078125	0.150390625	0.79931640625	0.16015625	-1.0	7.0	38
聱	0.050048828125	0.342529296875	0.0595703125	0.352294921875	-1.0	7.0	38
聲	0.76904296875	0.150390625	0.77880859375	0.16015625	-1.0	7.0	38
聳	0.0400390625	0.342529296875	0.049560546875	0.352294921875	-1.0	7.0	38
聶	0.673095703125	0.85791015625	0.6826171875	0.866943359375	-1.0	9.0	38
職	0.74853515625	0.150390625	0.75830078125	0.16015625	-1.0	7.0	38
聽	0.72802734375	0.150390625	0.73779296875	0.16015625	-1.0	7.0	38
聾	0.02001953125	0.342529296875	0.029541015625	0.352294921875	0.0	7.0	38
聿	0.0	0.342529296875	0.009521484375	0.352294921875	-1.0	7.0	38
肀	0.98095703125	0.330322265625	0.990478515625	0.340087890625	-1.0	7.0	38
肃	0.970947265625	0.330322265625	0.98046875	0.340087890625	-1.0	7.0	38
肄	0.3076171875	0.559326171875	0.3173828125	0.56884765625	-1.0	8.0	38
肅	0.65625	0.150634765625	0.666015625	0.160400390625	-1.0	7.0	38
肆	0.91259765625	0.72412109375	0.92236328125	0.7333984375	-1.0	8.0	38
肇	0.6357421875	0.15087890625	0.6455078125	0.16064453125	-1.0	7.0	38
肉	0.08349609375	0.716796875	0.091796875	0.726318359375	2.0	7.0	38
肋	0.615234375	0.65673828125	0.62451171875	0.666259765625	-1.0	8.0	38
肌	0.943359375	0.72412109375	0.953125	0.7333984375	-1.0	9.0	38
肓	0.950927734375	0.330322265625	0.96044921875	0.340087890625	-1.0	7.0	38
肖	0.440185546875	0.461181640625	0.4482421875	0.470947265625	2.0	7.0	38
肘	0.5947265625	0.15087890625	0.6044921875	0.16064453125	-1.0	7.0	38
肚	0.29736328125	0.559326171875	0.30712890625	0.56884765625	-1.0	8.0	38
肛	0.984375	0.72412109375	0.994140625	0.7333984375	-1.0	9.0	38
肜	0.287109375	0.559326171875	0.296875	0.56884765625	-1.0	8.0	38
肝	0.0	0.736083984375	0.009765625	0.745361328125	-1.0	9.0	38
肟	0.8466796875	0.847900390625	0.8564453125	0.85693359375	-1.0	9.0	38
肠	0.010009765625	0.802734375	0.01953125	0.81201171875	-1.0	9.0	38
股	0.0205078125	0.736083984375	0.0302734375	0.745361328125	-1.0	9.0	38
肢	0.19482421875	0.560546875	0.20458984375	0.570068359375	-1.0	8.0	38
肤	0.1845703125	0.560546875	0.1943359375	0.570068359375	-1.0	8.0	38
肥	0.041015625	0.736083984375	0.05078125	0.745361328125	-1.0	9.0	38
肩	0.1904296875	0.45263671875	0.199462890625	0.46240234375	-1.0	7.0	38
肪	0.533203125	0.15087890625	0.54296875	0.16064453125	-1.0	7.0	38
肫	0.17431640625	0.560546875	0.18408203125	0.570068359375	-1.0	8.0	38
肭	0.21484375	0.4326171875	0.22412109375	0.4423828125	-1.0	7.0	38
肮	0.50244140625	0.15087890625	0.51220703125	0.16064453125	-1.0	7.0	38
肯	0.86083984375	0.33056640625	0.870361328125	0.34033203125	-1.0	7.0	38
肱	0.1640625	0.560546875	0.173828125	0.570068359375	-1.0	8.0	38
育	0.4404296875	0.60791015625	0.449951171875	0.617431640625	-1.0	7.0	38
肴	0.8408203125	0.33056640625	0.850341796875	0.34033203125	-1.0	7.0	38
肷	0.1435546875	0.560546875	0.1533203125	0.570068359375	-1.0	8.0	38
肺	0.13330078125	0.560546875	0.14306640625	0.570068359375	-1.0	8.0	38
肼	0.44091796875	0.15087890625	0.45068359375	0.16064453125	-1.0	7.0	38
肽	0.4306640625	0.15087890625	0.4404296875	0.16064453125	-1.0	7.0	38
肾	0.72119140625	0.829345703125	0.730224609375	0.838623046875	2.0	8.0	38
肿	0.17578125	0.4326171875	0.18505859375	0.4423828125	-1.0	7.0	38
胀	0.11279296875	0.560546875	0.12255859375	0.570068359375	-1.0	8.0	38
胁	0.39990234375	0.15087890625	0.40966796875	0.16064453125	-1.0	7.0	38
胂	0.15625	0.4326171875	0.16552734375	0.4423828125	-1.0	7.0	38
胃	0.01708984375	0.850341796875	0.02490234375	0.859619140625	3.0	9.0	38
胄	0.4912109375	0.461181640625	0.4990234375	0.470947265625	3.0	7.0	38
胆	0.7177734375	0.753173828125	0.7275390625	0.762451171875	-1.0	9.0	38
背	0.770751953125	0.33056640625	0.7802734375	0.34033203125	-1.0	7.0	38
胍	0.9228515625	0.7431640625	0.9326171875	0.75244140625	-1.0	9.0	38
胎	0.35888671875	0.15087890625	0.36865234375	0.16064453125	-1.0	7.0	38
胖	0.3486328125	0.151123046875	0.3583984375	0.160888671875	-1.0	7.0	38
胗	0.08203125	0.560546875	0.091796875	0.570068359375	-1.0	8.0	38
胙	0.328125	0.151123046875	0.337890625	0.160888671875	-1.0	7.0	38
胚	0.97412109375	0.733642578125	0.98388671875	0.742919921875	-1.0	9.0	38
胛	0.44921875	0.876708984375	0.45849609375	0.8857421875	-1.0	10.0	38
胜	0.450439453125	0.60791015625	0.4599609375	0.617431640625	-1.0	8.0	38
胝	0.2255859375	0.74560546875	0.2353515625	0.7548828125	-1.0	9.0	38
胞	0.31787109375	0.151123046875	0.32763671875	0.160888671875	-1.0	7.0	38
胡	0.15625	0.66796875	0.16552734375	0.677490234375	-1.0	8.0	38
胤	0.3076171875	0.151123046875	0.3173828125	0.160888671875	-1.0	7.0	38
胥	0.86767578125	0.80029296875	0.876953125	0.8095703125	0.0	9.0	38
胧	0.29736328125	0.151123046875	0.30712890625	0.160888671875	-1.0	7.0	38
胨	0.287109375	0.151123046875	0.296875	0.160888671875	-1.0	7.0	38
胩	0.27685546875	0.151123046875	0.28662109375	0.160888671875	-1.0	7.0	38
胪	0.490478515625	0.291015625	0.5	0.30078125	-1.0	7.0	38
胫	0.287109375	0.73486328125	0.296875	0.744140625	-1.0	9.0	38
胬	0.74072265625	0.33056640625	0.750244140625	0.34033203125	-1.0	7.0	38
胭	0.89697265625	0.80029296875	0.90625	0.8095703125	-1.0	9.0	38
胯	0.24609375	0.151123046875	0.255859375	0.160888671875	-1.0	7.0	38
胰	0.0615234375	0.560546875	0.0712890625	0.570068359375	-1.0	8.0	38
胱	0.05126953125	0.560546875	0.06103515625	0.570068359375	-1.0	8.0	38
胲	0.710693359375	0.330810546875	0.72021484375	0.340576171875	-1.0	7.0	38
胳	0.205078125	0.15234375	0.21484375	0.162109375	-1.0	7.0	38
胴	0.92626953125	0.80029296875	0.935546875	0.8095703125	-1.0	9.0	38
胶	0.70068359375	0.330810546875	0.710205078125	0.340576171875	-1.0	7.0	38
胸	0.09765625	0.4326171875	0.10693359375	0.4423828125	-1.0	7.0	38
胺	0.6806640625	0.330810546875	0.690185546875	0.340576171875	-1.0	7.0	38
胼	0.1640625	0.15234375	0.173828125	0.162109375	-1.0	7.0	38
能	0.46044921875	0.60791015625	0.469970703125	0.617431640625	-1.0	7.0	38
脂	0.470458984375	0.60791015625	0.47998046875	0.617431640625	-1.0	8.0	38
脅	0.087890625	0.4326171875	0.09716796875	0.4423828125	-1.0	7.0	38
脆	0.66064453125	0.330810546875	0.670166015625	0.340576171875	-1.0	7.0	38
脈	0.01025390625	0.560546875	0.02001953125	0.570068359375	-1.0	8.0	38
脉	0.123046875	0.15234375	0.1328125	0.162109375	-1.0	7.0	38
脊	0.48046875	0.60791015625	0.489990234375	0.617431640625	-1.0	7.0	38
脍	0.984375	0.54833984375	0.994140625	0.557861328125	-1.0	8.0	38
脎	0.369140625	0.734619140625	0.37890625	0.743896484375	-1.0	9.0	38
脏	0.630615234375	0.3310546875	0.64013671875	0.3408203125	-1.0	7.0	38
脐	0.09228515625	0.15234375	0.10205078125	0.162109375	-1.0	7.0	38
脑	0.08203125	0.15234375	0.091796875	0.162109375	-1.0	7.0	38
脒	0.07177734375	0.15234375	0.08154296875	0.162109375	-1.0	7.0	38
脓	0.0615234375	0.15234375	0.0712890625	0.162109375	-1.0	7.0	38
脔	0.62060546875	0.3310546875	0.630126953125	0.3408203125	-1.0	7.0	38
脖	0.97412109375	0.54833984375	0.98388671875	0.557861328125	-1.0	8.0	38
脘	0.03076171875	0.15234375	0.04052734375	0.162109375	-1.0	7.0	38
脚	0.048828125	0.4326171875	0.05810546875	0.4423828125	-1.0	7.0	38
脞	0.9638671875	0.54833984375	0.9736328125	0.557861328125	-1.0	8.0	38
脣	0.2666015625	0.859619140625	0.2763671875	0.86865234375	-1.0	9.0	38
脤	0.287109375	0.858642578125	0.296875	0.86767578125	-1.0	10.0	38
脩	0.0	0.15234375	0.009765625	0.162109375	-1.0	7.0	38
脫	0.97412109375	0.14013671875	0.98388671875	0.14990234375	-1.0	7.0	38
脬	0.943359375	0.7431640625	0.953125	0.75244140625	-1.0	9.0	38
脯	0.9638671875	0.14013671875	0.9736328125	0.14990234375	-1.0	7.0	38
脰	0.0615234375	0.755126953125	0.0712890625	0.764404296875	-1.0	9.0	38
脱	0.95361328125	0.14013671875	0.96337890625	0.14990234375	-1.0	7.0	38
脲	0.29736328125	0.8583984375	0.30712890625	0.867431640625	-1.0	10.0	38
脶	0.97509765625	0.80029296875	0.984375	0.8095703125	-1.0	9.0	38
脸	0.943359375	0.548583984375	0.953125	0.55810546875	-1.0	8.0	38
脹	0.615234375	0.75341796875	0.625	0.7626953125	-1.0	9.0	38
脾	0.93310546875	0.14013671875	0.94287109375	0.14990234375	-1.0	7.0	38
腆	0.9228515625	0.140380859375	0.9326171875	0.150146484375	-1.0	7.0	38
腈	0.91259765625	0.140380859375	0.92236328125	0.150146484375	-1.0	7.0	38
腊	0.560546875	0.3310546875	0.570068359375	0.3408203125	-1.0	7.0	38
腋	0.89208984375	0.140380859375	0.90185546875	0.150146484375	-1.0	7.0	38
腌	0.8818359375	0.140380859375	0.8916015625	0.150146484375	-1.0	7.0	38
腎	0.445068359375	0.82958984375	0.4541015625	0.8388671875	2.0	9.0	38
腐	0.550537109375	0.3310546875	0.56005859375	0.3408203125	-1.0	7.0	38
腑	0.54052734375	0.3310546875	0.550048828125	0.3408203125	-1.0	7.0	38
腓	0.85107421875	0.140380859375	0.86083984375	0.150146484375	-1.0	7.0	38
腔	0.530517578125	0.3310546875	0.5400390625	0.3408203125	-1.0	7.0	38
腕	0.83056640625	0.140380859375	0.84033203125	0.150146484375	-1.0	7.0	38
腙	0.5205078125	0.3310546875	0.530029296875	0.3408203125	-1.0	7.0	38
腚	0.81005859375	0.140380859375	0.81982421875	0.150146484375	-1.0	7.0	38
腠	0.7998046875	0.140380859375	0.8095703125	0.150146484375	-1.0	7.0	38
腥	0.46044921875	0.801025390625	0.469970703125	0.810302734375	-1.0	9.0	38
腦	0.490478515625	0.60791015625	0.5	0.617431640625	-1.0	8.0	38
腧	0.9228515625	0.548583984375	0.9326171875	0.55810546875	-1.0	8.0	38
腩	0.50048828125	0.3310546875	0.510009765625	0.3408203125	-1.0	7.0	38
腫	0.470458984375	0.801025390625	0.47998046875	0.810302734375	-1.0	9.0	38
腭	0.48046875	0.801025390625	0.489990234375	0.810302734375	-1.0	9.0	38
腮	0.76904296875	0.7431640625	0.77880859375	0.75244140625	-1.0	9.0	38
腰	0.490478515625	0.801025390625	0.5	0.810302734375	-1.0	9.0	38
腱	0.76904296875	0.140380859375	0.77880859375	0.150146484375	-1.0	7.0	38
腳	0.01953125	0.677734375	0.02880859375	0.687255859375	-1.0	8.0	38
腴	0.490478515625	0.3310546875	0.5	0.3408203125	-1.0	7.0	38
腸	0.97412109375	0.7431640625	0.98388671875	0.75244140625	-1.0	9.0	38
腹	0.74853515625	0.140380859375	0.75830078125	0.150146484375	-1.0	7.0	38
腺	0.73828125	0.140380859375	0.748046875	0.150146484375	-1.0	7.0	38
腻	0.72802734375	0.140380859375	0.73779296875	0.150146484375	-1.0	7.0	38
腼	0.26025390625	0.868896484375	0.269775390625	0.8779296875	-1.0	10.0	38
腽	0.24609375	0.755126953125	0.255859375	0.764404296875	-1.0	9.0	38
腾	0.7177734375	0.140380859375	0.7275390625	0.150146484375	-1.0	7.0	38
腿	0.3896484375	0.753662109375	0.3994140625	0.762939453125	-1.0	9.0	38
膀	0.48046875	0.3310546875	0.489990234375	0.3408203125	-1.0	7.0	38
膂	0.470458984375	0.3310546875	0.47998046875	0.3408203125	-1.0	7.0	38
膈	0.510498046875	0.801025390625	0.52001953125	0.810302734375	-1.0	9.0	38
膊	0.46044921875	0.3310546875	0.469970703125	0.3408203125	-1.0	7.0	38
膏	0.009765625	0.4326171875	0.01904296875	0.4423828125	0.0	7.0	38
膑	0.66650390625	0.140625	0.67626953125	0.150390625	-1.0	7.0	38
膘	0.2255859375	0.736083984375	0.2353515625	0.745361328125	-1.0	9.0	38
膚	0.4404296875	0.3310546875	0.449951171875	0.3408203125	-1.0	7.0	38
膛	0.89208984375	0.548583984375	0.90185546875	0.55810546875	-1.0	8.0	38
膜	0.42041015625	0.3310546875	0.429931640625	0.3408203125	-1.0	7.0	38
膝	0.62548828125	0.140869140625	0.63525390625	0.150634765625	-1.0	7.0	38
膠	0.4306640625	0.734375	0.4404296875	0.74365234375	-1.0	9.0	38
膣	0.410400390625	0.3310546875	0.419921875	0.3408203125	-1.0	7.0	38
膦	0.62548828125	0.07080078125	0.63525390625	0.08056640625	-1.0	7.0	38
膨	0.5947265625	0.140869140625	0.6044921875	0.150634765625	-1.0	7.0	38
膩	0.58447265625	0.140869140625	0.59423828125	0.150634765625	-1.0	7.0	38
膪	0.390380859375	0.3310546875	0.39990234375	0.3408203125	-1.0	7.0	38
膳	0.38037109375	0.3310546875	0.389892578125	0.3408203125	-1.0	7.0	38
膺	0.370361328125	0.3310546875	0.3798828125	0.3408203125	-1.0	7.0	38
膻	0.54345703125	0.140869140625	0.55322265625	0.150634765625	-1.0	7.0	38
膽	0.3603515625	0.331298828125	0.369873046875	0.341064453125	-1.0	7.0	38
膾	0.52294921875	0.140869140625	0.53271484375	0.150634765625	-1.0	7.0	38
膿	0.8818359375	0.548583984375	0.8916015625	0.55810546875	-1.0	8.0	38
臀	0.50244140625	0.743896484375	0.51220703125	0.753173828125	-1.0	9.0	38
臁	0.50244140625	0.140869140625	0.51220703125	0.150634765625	-1.0	7.0	38
臂	0.34033203125	0.331298828125	0.349853515625	0.341064453125	-1.0	7.0	38
臃	0.330322265625	0.331298828125	0.33984375	0.341064453125	-1.0	7.0	38
臆	0.4716796875	0.140869140625	0.4814453125	0.150634765625	-1.0	7.0	38
臉	0.85107421875	0.548583984375	0.86083984375	0.55810546875	-1.0	8.0	38
臊	0.74853515625	0.74365234375	0.75830078125	0.7529296875	-1.0	9.0	38
臌	0.451171875	0.140869140625	0.4609375	0.150634765625	-1.0	7.0	38
臍	0.44091796875	0.140869140625	0.45068359375	0.150634765625	-1.0	7.0	38
臏	0.310302734375	0.331298828125	0.31982421875	0.341064453125	-1.0	7.0	38
臘	0.30029296875	0.331298828125	0.309814453125	0.341064453125	-1.0	7.0	38
臚	0.41015625	0.140869140625	0.419921875	0.150634765625	-1.0	7.0	38
臟	0.39990234375	0.140869140625	0.40966796875	0.150634765625	-1.0	7.0	38
臢	0.3896484375	0.140869140625	0.3994140625	0.150634765625	-1.0	7.0	38
臣	0.759033203125	0.89453125	0.767822265625	0.9033203125	2.0	9.0	38
臥	0.751953125	0.675537109375	0.76123046875	0.68505859375	1.0	8.0	38
臧	0.37939453125	0.140869140625	0.38916015625	0.150634765625	-1.0	7.0	38
臨	0.1142578125	0.45263671875	0.123291015625	0.46240234375	1.0	7.0	38
自	0.507568359375	0.461181640625	0.51513671875	0.470947265625	3.0	7.0	38
臬	0.270263671875	0.331298828125	0.27978515625	0.341064453125	-1.0	7.0	38
臭	0.33837890625	0.14111328125	0.34814453125	0.15087890625	-1.0	7.0	38
至	0.403076171875	0.904052734375	0.41259765625	0.91259765625	-1.0	9.0	38
致	0.328125	0.14111328125	0.337890625	0.15087890625	-1.0	7.0	38
臺	0.46142578125	0.75341796875	0.47119140625	0.7626953125	-1.0	7.0	38
臻	0.31787109375	0.14111328125	0.32763671875	0.15087890625	-1.0	7.0	38
臼	0.0703125	0.8876953125	0.07861328125	0.896728515625	2.0	9.0	38
臾	0.26025390625	0.331298828125	0.269775390625	0.341064453125	-1.0	7.0	38
舀	0.700439453125	0.839111328125	0.708984375	0.848388671875	2.0	9.0	38
舁	0.250244140625	0.331298828125	0.259765625	0.341064453125	-1.0	7.0	38
舂	0.287109375	0.14111328125	0.296875	0.15087890625	-1.0	7.0	38
舄	0.078125	0.6875	0.08740234375	0.697021484375	-1.0	7.0	38
舅	0.00927734375	0.716796875	0.01806640625	0.726318359375	0.0	8.0	38
舆	0.50048828125	0.60791015625	0.510009765625	0.617431640625	0.0	8.0	38
與	0.510498046875	0.60791015625	0.52001953125	0.617431640625	0.0	8.0	38
興	0.6005859375	0.801025390625	0.610107421875	0.810302734375	0.0	9.0	38
舉	0.27685546875	0.14111328125	0.28662109375	0.15087890625	-1.0	7.0	38
舊	0.240234375	0.331298828125	0.249755859375	0.341064453125	-1.0	7.0	38
舌	0.610595703125	0.801025390625	0.6201171875	0.810302734375	-1.0	9.0	38
舍	0.230224609375	0.33154296875	0.23974609375	0.34130859375	-1.0	7.0	38
舐	0.62060546875	0.801025390625	0.630126953125	0.810302734375	-1.0	9.0	38
舒	0.24609375	0.14111328125	0.255859375	0.15087890625	-1.0	7.0	38
舔	0.310302734375	0.86767578125	0.31982421875	0.876708984375	-1.0	9.0	38
舛	0.23583984375	0.14111328125	0.24560546875	0.15087890625	-1.0	7.0	38
舜	0.76904296875	0.548583984375	0.77880859375	0.55810546875	-1.0	8.0	38
舞	0.210205078125	0.33251953125	0.2197265625	0.34228515625	-1.0	7.0	38
舟	0.2001953125	0.33251953125	0.209716796875	0.34228515625	-1.0	7.0	38
舡	0.19482421875	0.142333984375	0.20458984375	0.152099609375	-1.0	7.0	38
舢	0.927734375	0.420654296875	0.93701171875	0.430419921875	-1.0	7.0	38
舣	0.17431640625	0.142333984375	0.18408203125	0.152099609375	-1.0	7.0	38
舨	0.1640625	0.142333984375	0.173828125	0.152099609375	-1.0	7.0	38
航	0.15380859375	0.142333984375	0.16357421875	0.152099609375	-1.0	7.0	38
舫	0.18017578125	0.33251953125	0.189697265625	0.34228515625	-1.0	7.0	38
般	0.13330078125	0.142333984375	0.14306640625	0.152099609375	-1.0	7.0	38
舭	0.123046875	0.142333984375	0.1328125	0.152099609375	-1.0	7.0	38
舯	0.91796875	0.420654296875	0.92724609375	0.430419921875	-1.0	7.0	38
舰	0.1025390625	0.142333984375	0.1123046875	0.152099609375	-1.0	7.0	38
舱	0.09228515625	0.142333984375	0.10205078125	0.152099609375	-1.0	7.0	38
舳	0.908203125	0.420654296875	0.91748046875	0.430419921875	-1.0	7.0	38
舴	0.07177734375	0.142333984375	0.08154296875	0.152099609375	-1.0	7.0	38
舵	0.150146484375	0.33251953125	0.15966796875	0.34228515625	-1.0	7.0	38
舶	0.8984375	0.420654296875	0.90771484375	0.430419921875	-1.0	7.0	38
舷	0.041015625	0.142333984375	0.05078125	0.152099609375	-1.0	7.0	38
舸	0.03076171875	0.142333984375	0.04052734375	0.152099609375	-1.0	7.0	38
船	0.0205078125	0.142333984375	0.0302734375	0.152099609375	-1.0	7.0	38
舻	0.01025390625	0.142333984375	0.02001953125	0.152099609375	-1.0	7.0	38
舾	0.130126953125	0.33251953125	0.1396484375	0.34228515625	-1.0	7.0	38
艄	0.1201171875	0.33251953125	0.129638671875	0.34228515625	-1.0	7.0	38
艇	0.97412109375	0.130126953125	0.98388671875	0.139892578125	-1.0	7.0	38
艉	0.9638671875	0.130126953125	0.9736328125	0.139892578125	-1.0	7.0	38
艋	0.95361328125	0.130126953125	0.96337890625	0.139892578125	-1.0	7.0	38
艏	0.110107421875	0.33251953125	0.11962890625	0.34228515625	-1.0	7.0	38
艘	0.93310546875	0.130126953125	0.94287109375	0.139892578125	-1.0	7.0	38
艙	0.9228515625	0.13037109375	0.9326171875	0.14013671875	-1.0	7.0	38
艚	0.10009765625	0.33251953125	0.109619140625	0.34228515625	-1.0	7.0	38
艟	0.90234375	0.13037109375	0.912109375	0.14013671875	-1.0	7.0	38
艦	0.89208984375	0.13037109375	0.90185546875	0.14013671875	-1.0	7.0	38
艨	0.8818359375	0.13037109375	0.8916015625	0.14013671875	-1.0	7.0	38
艮	0.825927734375	0.828857421875	0.8349609375	0.838134765625	2.0	9.0	38
良	0.09521484375	0.45263671875	0.104248046875	0.46240234375	2.0	7.0	38
艰	0.3896484375	0.744140625	0.3994140625	0.75341796875	-1.0	9.0	38
艱	0.5205078125	0.60791015625	0.530029296875	0.617431640625	-1.0	8.0	38
色	0.44091796875	0.743896484375	0.45068359375	0.753173828125	-1.0	7.0	38
艳	0.080078125	0.33251953125	0.089599609375	0.34228515625	-1.0	7.0	38
艴	0.85107421875	0.13037109375	0.86083984375	0.14013671875	-1.0	7.0	38
艷	0.530517578125	0.60791015625	0.5400390625	0.617431640625	-1.0	7.0	38
艹	0.051025390625	0.9697265625	0.060546875	0.97412109375	-1.0	8.0	38
艺	0.719970703125	0.7626953125	0.7294921875	0.77197265625	-1.0	7.0	38
艽	0.8408203125	0.13037109375	0.8505859375	0.14013671875	-1.0	7.0	38
艾	0.070068359375	0.33251953125	0.07958984375	0.34228515625	-1.0	7.0	38
艿	0.06005859375	0.33251953125	0.069580078125	0.34228515625	-1.0	7.0	38
节	0.050048828125	0.33251953125	0.0595703125	0.34228515625	-1.0	7.0	38
芄	0.7998046875	0.13037109375	0.8095703125	0.14013671875	-1.0	7.0	38
芈	0.54052734375	0.60791015625	0.550048828125	0.617431640625	-1.0	8.0	38
芊	0.800048828125	0.76220703125	0.8095703125	0.771484375	-1.0	8.0	38
芋	0.81005859375	0.76220703125	0.819580078125	0.771484375	-1.0	8.0	38
芍	0.550537109375	0.60791015625	0.56005859375	0.617431640625	-1.0	7.0	38
芎	0.560546875	0.60791015625	0.570068359375	0.617431640625	0.0	7.0	38
芏	0.6806640625	0.8671875	0.690185546875	0.876220703125	-1.0	8.0	38
芑	0.570556640625	0.60791015625	0.580078125	0.617431640625	-1.0	7.0	38
芒	0.3544921875	0.848876953125	0.3642578125	0.85791015625	-1.0	8.0	38
芗	0.58056640625	0.60791015625	0.590087890625	0.617431640625	-1.0	8.0	38
芘	0.900146484375	0.76220703125	0.90966796875	0.771484375	-1.0	8.0	38
芙	0.590576171875	0.60791015625	0.60009765625	0.617431640625	-1.0	8.0	38
芜	0.78955078125	0.13037109375	0.79931640625	0.14013671875	-1.0	7.0	38
芝	0.6005859375	0.60791015625	0.610107421875	0.617431640625	-1.0	7.0	38
芟	0.0400390625	0.33251953125	0.049560546875	0.34228515625	-1.0	7.0	38
芡	0.610595703125	0.60791015625	0.6201171875	0.617431640625	-1.0	8.0	38
芣	0.76904296875	0.13037109375	0.77880859375	0.14013671875	-1.0	7.0	38
芤	0.697265625	0.549072265625	0.70703125	0.55859375	-1.0	7.0	38
芥	0.02001953125	0.33251953125	0.029541015625	0.34228515625	-1.0	7.0	38
芦	0.010009765625	0.33251953125	0.01953125	0.34228515625	-1.0	7.0	38
芨	0.72802734375	0.13037109375	0.73779296875	0.14013671875	-1.0	7.0	38
芩	0.7177734375	0.13037109375	0.7275390625	0.14013671875	-1.0	7.0	38
芪	0.0	0.33251953125	0.009521484375	0.34228515625	-1.0	7.0	38
芫	0.697265625	0.130615234375	0.70703125	0.140380859375	-1.0	7.0	38
芬	0.68701171875	0.130615234375	0.69677734375	0.140380859375	-1.0	7.0	38
芭	0.080078125	0.774169921875	0.089599609375	0.783447265625	-1.0	7.0	38
芮	0.98095703125	0.3203125	0.990478515625	0.330078125	-1.0	7.0	38
芯	0.630615234375	0.60791015625	0.64013671875	0.617431640625	-1.0	7.0	38
芰	0.66650390625	0.130615234375	0.67626953125	0.140380859375	-1.0	7.0	38
花	0.68701171875	0.549072265625	0.69677734375	0.55859375	-1.0	7.0	38
芳	0.640625	0.60791015625	0.650146484375	0.617431640625	-1.0	8.0	38
芴	0.9609375	0.3203125	0.970458984375	0.330078125	-1.0	7.0	38
芷	0.16015625	0.774169921875	0.169677734375	0.783447265625	0.0	7.0	38
芸	0.950927734375	0.3203125	0.96044921875	0.330078125	-1.0	7.0	38
芹	0.94091796875	0.3203125	0.950439453125	0.330078125	-1.0	7.0	38
芻	0.066650390625	0.45263671875	0.07568359375	0.46240234375	-1.0	7.0	38
芽	0.66650390625	0.54931640625	0.67626953125	0.558837890625	-1.0	7.0	38
芾	0.650634765625	0.60791015625	0.66015625	0.617431640625	-1.0	7.0	38
苁	0.5947265625	0.130859375	0.6044921875	0.140625	-1.0	7.0	38
苄	0.78125	0.685302734375	0.79052734375	0.69482421875	0.0	8.0	38
苇	0.910888671875	0.320556640625	0.92041015625	0.330322265625	-1.0	7.0	38
苈	0.90087890625	0.320556640625	0.910400390625	0.330322265625	-1.0	7.0	38
苊	0.890869140625	0.320556640625	0.900390625	0.330322265625	-1.0	7.0	38
苋	0.880859375	0.320556640625	0.890380859375	0.330322265625	-1.0	7.0	38
苌	0.870849609375	0.320556640625	0.88037109375	0.330322265625	-1.0	7.0	38
苍	0.66064453125	0.60791015625	0.670166015625	0.617431640625	-1.0	7.0	38
苎	0.2802734375	0.77294921875	0.289794921875	0.7822265625	-1.0	7.0	38
苏	0.533203125	0.130859375	0.54296875	0.140625	-1.0	7.0	38
苑	0.670654296875	0.60791015625	0.68017578125	0.617431640625	-1.0	8.0	38
苒	0.86083984375	0.320556640625	0.870361328125	0.330322265625	-1.0	7.0	38
苓	0.850830078125	0.320556640625	0.8603515625	0.330322265625	-1.0	7.0	38
苔	0.8408203125	0.320556640625	0.850341796875	0.330322265625	-1.0	7.0	38
苕	0.34033203125	0.772705078125	0.349853515625	0.781982421875	-1.0	8.0	38
苗	0.350341796875	0.772705078125	0.35986328125	0.781982421875	0.0	8.0	38
苘	0.830810546875	0.320556640625	0.84033203125	0.330322265625	-1.0	7.0	38
苛	0.6806640625	0.60791015625	0.690185546875	0.617431640625	-1.0	7.0	38
苜	0.690673828125	0.607666015625	0.7001953125	0.6171875	-1.0	7.0	38
苞	0.60302734375	0.85791015625	0.612548828125	0.866943359375	-1.0	8.0	38
苟	0.410400390625	0.772705078125	0.419921875	0.781982421875	-1.0	8.0	38
苠	0.82080078125	0.320556640625	0.830322265625	0.330322265625	-1.0	7.0	38
苡	0.70068359375	0.607666015625	0.710205078125	0.6171875	0.0	8.0	38
苣	0.4404296875	0.7724609375	0.449951171875	0.78173828125	-1.0	7.0	38
苤	0.46044921875	0.7724609375	0.469970703125	0.78173828125	-1.0	7.0	38
若	0.810791015625	0.320556640625	0.8203125	0.330322265625	-1.0	7.0	38
苦	0.80078125	0.320556640625	0.810302734375	0.330322265625	-1.0	7.0	38
苧	0.710693359375	0.607666015625	0.72021484375	0.6171875	-1.0	7.0	38
苫	0.790771484375	0.320556640625	0.80029296875	0.330322265625	-1.0	7.0	38
苯	0.44091796875	0.130859375	0.45068359375	0.140625	-1.0	7.0	38
英	0.4306640625	0.130859375	0.4404296875	0.140625	-1.0	7.0	38
苴	0.560546875	0.7724609375	0.570068359375	0.78173828125	-1.0	7.0	38
苷	0.78076171875	0.320556640625	0.790283203125	0.330322265625	-1.0	7.0	38
苹	0.770751953125	0.320556640625	0.7802734375	0.330322265625	-1.0	7.0	38
苻	0.39990234375	0.130859375	0.40966796875	0.140625	-1.0	7.0	38
茁	0.720703125	0.607666015625	0.730224609375	0.6171875	0.0	7.0	38
茂	0.3896484375	0.130859375	0.3994140625	0.140625	-1.0	7.0	38
范	0.730712890625	0.607421875	0.740234375	0.616943359375	-1.0	7.0	38
茄	0.37939453125	0.130859375	0.38916015625	0.140625	-1.0	7.0	38
茅	0.6357421875	0.54931640625	0.6455078125	0.558837890625	-1.0	7.0	38
茆	0.750732421875	0.320556640625	0.76025390625	0.330322265625	-1.0	7.0	38
茇	0.74072265625	0.320556640625	0.750244140625	0.330322265625	-1.0	7.0	38
茈	0.650634765625	0.7724609375	0.66015625	0.78173828125	-1.0	8.0	38
茉	0.33837890625	0.131103515625	0.34814453125	0.140869140625	-1.0	7.0	38
茌	0.74072265625	0.607421875	0.750244140625	0.616943359375	-1.0	8.0	38
茎	0.710693359375	0.772216796875	0.72021484375	0.781494140625	-1.0	7.0	38
茏	0.328125	0.131103515625	0.337890625	0.140869140625	-1.0	7.0	38
茑	0.750732421875	0.607177734375	0.76025390625	0.61669921875	-1.0	7.0	38
茔	0.813232421875	0.857177734375	0.82275390625	0.8662109375	-1.0	8.0	38
茕	0.0	0.697265625	0.00927734375	0.706787109375	0.0	8.0	38
茗	0.730712890625	0.320556640625	0.740234375	0.330322265625	-1.0	7.0	38
茚	0.7607421875	0.607177734375	0.770263671875	0.61669921875	-1.0	8.0	38
茛	0.720703125	0.320556640625	0.730224609375	0.330322265625	-1.0	7.0	38
茜	0.0390625	0.697265625	0.04833984375	0.706787109375	0.0	7.0	38
茧	0.710693359375	0.32080078125	0.72021484375	0.33056640625	-1.0	7.0	38
茨	0.70068359375	0.32080078125	0.710205078125	0.33056640625	0.0	7.0	38
茫	0.770751953125	0.607177734375	0.7802734375	0.61669921875	-1.0	7.0	38
茬	0.690673828125	0.32080078125	0.7001953125	0.33056640625	-1.0	7.0	38
茭	0.6806640625	0.32080078125	0.690185546875	0.33056640625	-1.0	7.0	38
茯	0.25634765625	0.131103515625	0.26611328125	0.140869140625	-1.0	7.0	38
茱	0.670654296875	0.32080078125	0.68017578125	0.33056640625	-1.0	7.0	38
茲	0.78076171875	0.607177734375	0.790283203125	0.61669921875	-1.0	8.0	38
茳	0.86083984375	0.771728515625	0.870361328125	0.781005859375	-1.0	8.0	38
茴	0.66064453125	0.32080078125	0.670166015625	0.33056640625	-1.0	7.0	38
茵	0.650634765625	0.32080078125	0.66015625	0.33056640625	-1.0	7.0	38
茶	0.790771484375	0.607177734375	0.80029296875	0.61669921875	-1.0	7.0	38
茸	0.640625	0.321044921875	0.650146484375	0.330810546875	-1.0	7.0	38
茹	0.1171875	0.697265625	0.12646484375	0.706787109375	-1.0	8.0	38
茺	0.630615234375	0.321044921875	0.64013671875	0.330810546875	-1.0	7.0	38
茼	0.62060546875	0.321044921875	0.630126953125	0.330810546875	-1.0	7.0	38
荀	0.930908203125	0.771728515625	0.9404296875	0.781005859375	-1.0	8.0	38
荃	0.0615234375	0.85986328125	0.0712890625	0.868896484375	-1.0	8.0	38
荆	0.126953125	0.697265625	0.13623046875	0.706787109375	-1.0	8.0	38
荇	0.610595703125	0.321044921875	0.6201171875	0.330810546875	-1.0	7.0	38
草	0.6005859375	0.321044921875	0.610107421875	0.330810546875	-1.0	7.0	38
荊	0.590576171875	0.321044921875	0.60009765625	0.330810546875	-1.0	7.0	38
荏	0.70751953125	0.734130859375	0.71728515625	0.743408203125	-1.0	8.0	38
荐	0.80078125	0.607177734375	0.810302734375	0.61669921875	-1.0	7.0	38
荑	0.58056640625	0.321044921875	0.590087890625	0.330810546875	-1.0	7.0	38
荒	0.570556640625	0.321044921875	0.580078125	0.330810546875	0.0	7.0	38
荔	0.560546875	0.321044921875	0.570068359375	0.330810546875	-1.0	7.0	38
荚	0.810791015625	0.607177734375	0.8203125	0.61669921875	-1.0	8.0	38
荛	0.82080078125	0.607177734375	0.830322265625	0.61669921875	-1.0	8.0	38
荜	0.550537109375	0.321044921875	0.56005859375	0.330810546875	-1.0	7.0	38
荞	0.1025390625	0.13232421875	0.1123046875	0.14208984375	-1.0	7.0	38
荟	0.5947265625	0.54931640625	0.6044921875	0.558837890625	-1.0	8.0	38
荠	0.530517578125	0.321044921875	0.5400390625	0.330810546875	-1.0	7.0	38
荡	0.830810546875	0.607177734375	0.84033203125	0.61669921875	-1.0	8.0	38
荣	0.8408203125	0.607177734375	0.850341796875	0.61669921875	-1.0	8.0	38
荤	0.5205078125	0.321044921875	0.530029296875	0.330810546875	-1.0	7.0	38
荥	0.58447265625	0.54931640625	0.59423828125	0.558837890625	-1.0	7.0	38
荦	0.0	0.831298828125	0.00927734375	0.840576171875	0.0	8.0	38
荧	0.50048828125	0.321044921875	0.510009765625	0.330810546875	-1.0	7.0	38
荨	0.953369140625	0.695068359375	0.96240234375	0.70458984375	0.0	7.0	38
荩	0.041015625	0.13232421875	0.05078125	0.14208984375	-1.0	7.0	38
荪	0.57421875	0.54931640625	0.583984375	0.558837890625	-1.0	7.0	38
荫	0.48046875	0.321044921875	0.489990234375	0.330810546875	-1.0	7.0	38
荬	0.470458984375	0.321044921875	0.47998046875	0.330810546875	-1.0	7.0	38
荭	0.150146484375	0.868896484375	0.15966796875	0.8779296875	-1.0	8.0	38
荮	0.850830078125	0.607177734375	0.8603515625	0.61669921875	0.0	7.0	38
药	0.86083984375	0.607177734375	0.870361328125	0.61669921875	0.0	7.0	38
荷	0.56396484375	0.54931640625	0.57373046875	0.558837890625	-1.0	7.0	38
荸	0.870849609375	0.607177734375	0.88037109375	0.61669921875	-1.0	7.0	38
荻	0.984375	0.1201171875	0.994140625	0.1298828125	-1.0	7.0	38
荼	0.52294921875	0.54931640625	0.53271484375	0.558837890625	-1.0	7.0	38
荽	0.4404296875	0.321044921875	0.449951171875	0.330810546875	0.0	7.0	38
莅	0.95361328125	0.1201171875	0.96337890625	0.1298828125	-1.0	7.0	38
莆	0.430419921875	0.321044921875	0.43994140625	0.330810546875	-1.0	7.0	38
莉	0.361328125	0.696044921875	0.37060546875	0.70556640625	-1.0	8.0	38
莊	0.310302734375	0.782470703125	0.31982421875	0.791748046875	-1.0	8.0	38
莎	0.42041015625	0.321044921875	0.429931640625	0.330810546875	-1.0	7.0	38
莒	0.410400390625	0.321044921875	0.419921875	0.330810546875	-1.0	7.0	38
莓	0.400390625	0.321044921875	0.409912109375	0.330810546875	-1.0	7.0	38
莖	0.350341796875	0.7822265625	0.35986328125	0.79150390625	-1.0	7.0	38
莘	0.390380859375	0.321044921875	0.39990234375	0.330810546875	-1.0	7.0	38
莛	0.38037109375	0.321044921875	0.389892578125	0.330810546875	-1.0	7.0	38
莜	0.8818359375	0.120361328125	0.8916015625	0.130126953125	-1.0	7.0	38
莞	0.370361328125	0.321044921875	0.3798828125	0.330810546875	-1.0	7.0	38
莠	0.3603515625	0.3212890625	0.369873046875	0.3310546875	-1.0	7.0	38
莢	0.85107421875	0.120361328125	0.86083984375	0.130126953125	-1.0	7.0	38
莧	0.350341796875	0.3212890625	0.35986328125	0.3310546875	-1.0	7.0	38
莨	0.34033203125	0.3212890625	0.349853515625	0.3310546875	-1.0	7.0	38
莩	0.880859375	0.607177734375	0.890380859375	0.61669921875	-1.0	7.0	38
莪	0.330322265625	0.3212890625	0.33984375	0.3310546875	-1.0	7.0	38
莫	0.3203125	0.3212890625	0.329833984375	0.3310546875	-1.0	7.0	38
莰	0.890869140625	0.607177734375	0.900390625	0.61669921875	-1.0	8.0	38
莱	0.7998046875	0.120361328125	0.8095703125	0.130126953125	-1.0	7.0	38
莲	0.90087890625	0.607177734375	0.910400390625	0.61669921875	-1.0	7.0	38
莳	0.910888671875	0.607177734375	0.92041015625	0.61669921875	0.0	7.0	38
莴	0.542724609375	0.70556640625	0.5517578125	0.715087890625	0.0	7.0	38
莶	0.2666015625	0.74462890625	0.2763671875	0.75390625	-1.0	7.0	38
获	0.78955078125	0.120361328125	0.79931640625	0.130126953125	-1.0	7.0	38
莸	0.779296875	0.120361328125	0.7890625	0.130126953125	-1.0	7.0	38
莹	0.550537109375	0.781982421875	0.56005859375	0.791259765625	-1.0	7.0	38
莺	0.9208984375	0.607177734375	0.930419921875	0.61669921875	-1.0	7.0	38
莼	0.930908203125	0.607177734375	0.9404296875	0.61669921875	0.0	7.0	38
莽	0.76904296875	0.120361328125	0.77880859375	0.130126953125	-1.0	7.0	38
菀	0.310302734375	0.3212890625	0.31982421875	0.3310546875	0.0	7.0	38
菁	0.94091796875	0.607177734375	0.950439453125	0.61669921875	-1.0	7.0	38
菅	0.30029296875	0.3212890625	0.309814453125	0.3310546875	-1.0	7.0	38
菇	0.290283203125	0.3212890625	0.2998046875	0.3310546875	-1.0	7.0	38
菊	0.950927734375	0.607177734375	0.96044921875	0.61669921875	-1.0	7.0	38
菌	0.9609375	0.607177734375	0.970458984375	0.61669921875	-1.0	8.0	38
菏	0.98095703125	0.60693359375	0.990478515625	0.616455078125	-1.0	7.0	38
菔	0.72802734375	0.120361328125	0.73779296875	0.130126953125	-1.0	7.0	38
菖	0.78125	0.420654296875	0.79052734375	0.430419921875	0.0	7.0	38
菘	0.4306640625	0.743896484375	0.4404296875	0.753173828125	-1.0	8.0	38
菜	0.270263671875	0.3212890625	0.27978515625	0.3310546875	-1.0	7.0	38
菝	0.26025390625	0.3212890625	0.269775390625	0.3310546875	-1.0	7.0	38
菟	0.0	0.619140625	0.009521484375	0.628662109375	-1.0	8.0	38
菠	0.250244140625	0.3212890625	0.259765625	0.3310546875	-1.0	7.0	38
菡	0.240234375	0.3212890625	0.249755859375	0.3310546875	0.0	7.0	38
菥	0.66650390625	0.12060546875	0.67626953125	0.13037109375	-1.0	7.0	38
菩	0.230224609375	0.321533203125	0.23974609375	0.331298828125	-1.0	7.0	38
菪	0.010009765625	0.619140625	0.01953125	0.628662109375	-1.0	8.0	38
華	0.341796875	0.810791015625	0.35107421875	0.820068359375	0.0	8.0	38
菰	0.64599609375	0.12060546875	0.65576171875	0.13037109375	-1.0	7.0	38
菱	0.22021484375	0.32177734375	0.229736328125	0.33154296875	-1.0	7.0	38
菲	0.210205078125	0.322509765625	0.2197265625	0.332275390625	-1.0	7.0	38
菴	0.02001953125	0.619140625	0.029541015625	0.628662109375	-1.0	7.0	38
菸	0.2001953125	0.322509765625	0.209716796875	0.332275390625	-1.0	7.0	38
菹	0.60498046875	0.120849609375	0.61474609375	0.130615234375	-1.0	7.0	38
菽	0.5947265625	0.120849609375	0.6044921875	0.130615234375	-1.0	7.0	38
萁	0.190185546875	0.322509765625	0.19970703125	0.332275390625	-1.0	7.0	38
萃	0.030029296875	0.619140625	0.03955078125	0.628662109375	-1.0	8.0	38
萄	0.4716796875	0.54931640625	0.4814453125	0.558837890625	-1.0	7.0	38
萆	0.170166015625	0.322509765625	0.1796875	0.332275390625	-1.0	7.0	38
萇	0.16015625	0.322509765625	0.169677734375	0.332275390625	-1.0	7.0	38
萊	0.54345703125	0.120849609375	0.55322265625	0.130615234375	-1.0	7.0	38
萋	0.150146484375	0.322509765625	0.15966796875	0.332275390625	-1.0	7.0	38
萌	0.14013671875	0.322509765625	0.149658203125	0.332275390625	0.0	7.0	38
萍	0.130126953125	0.322509765625	0.1396484375	0.332275390625	-1.0	7.0	38
萎	0.1201171875	0.322509765625	0.129638671875	0.332275390625	-1.0	7.0	38
萏	0.110107421875	0.322509765625	0.11962890625	0.332275390625	-1.0	7.0	38
萑	0.48193359375	0.120849609375	0.49169921875	0.130615234375	-1.0	7.0	38
萘	0.3896484375	0.54931640625	0.3994140625	0.558837890625	-1.0	7.0	38
萜	0.090087890625	0.322509765625	0.099609375	0.332275390625	-1.0	7.0	38
萝	0.080078125	0.322509765625	0.089599609375	0.332275390625	-1.0	7.0	38
萤	0.070068359375	0.322509765625	0.07958984375	0.332275390625	-1.0	7.0	38
营	0.06005859375	0.322509765625	0.069580078125	0.332275390625	-1.0	7.0	38
萦	0.0400390625	0.619140625	0.049560546875	0.628662109375	-1.0	7.0	38
萧	0.050048828125	0.322509765625	0.0595703125	0.332275390625	-1.0	7.0	38
萨	0.0400390625	0.322509765625	0.049560546875	0.332275390625	-1.0	7.0	38
萬	0.634765625	0.810546875	0.64404296875	0.81982421875	0.0	8.0	38
萱	0.880859375	0.866455078125	0.890380859375	0.87548828125	-1.0	8.0	38
萵	0.06005859375	0.619140625	0.069580078125	0.628662109375	-1.0	7.0	38
萸	0.030029296875	0.322509765625	0.03955078125	0.332275390625	-1.0	7.0	38
萼	0.070068359375	0.619140625	0.07958984375	0.628662109375	-1.0	7.0	38
落	0.3896484375	0.120849609375	0.3994140625	0.130615234375	-1.0	7.0	38
葆	0.328125	0.549560546875	0.337890625	0.55908203125	-1.0	8.0	38
葉	0.18017578125	0.793212890625	0.189697265625	0.802490234375	-1.0	8.0	38
葑	0.080078125	0.619140625	0.089599609375	0.628662109375	-1.0	7.0	38
著	0.010009765625	0.322509765625	0.01953125	0.332275390625	-1.0	7.0	38
葙	0.0	0.322509765625	0.009521484375	0.332275390625	-1.0	7.0	38
葚	0.090087890625	0.619140625	0.099609375	0.628662109375	-1.0	7.0	38
葛	0.10009765625	0.619140625	0.109619140625	0.628662109375	-1.0	7.0	38
葜	0.98095703125	0.310302734375	0.990478515625	0.320068359375	-1.0	7.0	38
葡	0.287109375	0.549560546875	0.296875	0.55908203125	-1.0	7.0	38
董	0.110107421875	0.619140625	0.11962890625	0.628662109375	-1.0	7.0	38
葦	0.328125	0.12109375	0.337890625	0.130859375	-1.0	7.0	38
葩	0.130126953125	0.619140625	0.1396484375	0.628662109375	-1.0	7.0	38
葫	0.9609375	0.310302734375	0.970458984375	0.320068359375	0.0	7.0	38
葬	0.950927734375	0.310302734375	0.96044921875	0.320068359375	-1.0	7.0	38
葭	0.94091796875	0.310302734375	0.950439453125	0.320068359375	-1.0	7.0	38
葱	0.24609375	0.5498046875	0.255859375	0.559326171875	-1.0	7.0	38
葳	0.27685546875	0.12109375	0.28662109375	0.130859375	-1.0	7.0	38
葵	0.9208984375	0.310546875	0.930419921875	0.3203125	-1.0	7.0	38
葶	0.14013671875	0.619140625	0.149658203125	0.628662109375	-1.0	7.0	38
葷	0.25634765625	0.12109375	0.26611328125	0.130859375	-1.0	7.0	38
葸	0.23583984375	0.550048828125	0.24560546875	0.5595703125	-1.0	7.0	38
葺	0.23583984375	0.12109375	0.24560546875	0.130859375	-1.0	7.0	38
蒂	0.90087890625	0.310546875	0.910400390625	0.3203125	0.0	7.0	38
蒇	0.21533203125	0.12158203125	0.22509765625	0.13134765625	-1.0	7.0	38
蒈	0.890869140625	0.310546875	0.900390625	0.3203125	-1.0	7.0	38
蒉	0.880859375	0.310546875	0.890380859375	0.3203125	-1.0	7.0	38
蒋	0.870849609375	0.310546875	0.88037109375	0.3203125	-1.0	7.0	38
蒌	0.86083984375	0.310546875	0.870361328125	0.3203125	-1.0	7.0	38
蒎	0.850830078125	0.310546875	0.8603515625	0.3203125	-1.0	7.0	38
蒐	0.8408203125	0.310546875	0.850341796875	0.3203125	-1.0	7.0	38
蒗	0.1435546875	0.122314453125	0.1533203125	0.132080078125	-1.0	7.0	38
蒙	0.13330078125	0.122314453125	0.14306640625	0.132080078125	-1.0	7.0	38
蒜	0.2255859375	0.55078125	0.2353515625	0.560302734375	-1.0	7.0	38
蒞	0.82080078125	0.310546875	0.830322265625	0.3203125	-1.0	7.0	38
蒡	0.810791015625	0.310546875	0.8203125	0.3203125	-1.0	7.0	38
蒯	0.21484375	0.658203125	0.22412109375	0.667724609375	-1.0	8.0	38
蒲	0.09228515625	0.122314453125	0.10205078125	0.132080078125	-1.0	7.0	38
蒴	0.80078125	0.310546875	0.810302734375	0.3203125	-1.0	7.0	38
蒸	0.21533203125	0.55078125	0.22509765625	0.560302734375	-1.0	8.0	38
蒹	0.78076171875	0.310546875	0.790283203125	0.3203125	-1.0	7.0	38
蒺	0.05126953125	0.122314453125	0.06103515625	0.132080078125	-1.0	7.0	38
蒼	0.041015625	0.122314453125	0.05078125	0.132080078125	-1.0	7.0	38
蒽	0.1845703125	0.55078125	0.1943359375	0.560302734375	-1.0	7.0	38
蒿	0.7607421875	0.310546875	0.770263671875	0.3203125	-1.0	7.0	38
蓀	0.1640625	0.55078125	0.173828125	0.560302734375	-1.0	7.0	38
蓁	0.123046875	0.55078125	0.1328125	0.560302734375	-1.0	7.0	38
蓄	0.730712890625	0.310546875	0.740234375	0.3203125	-1.0	7.0	38
蓆	0.97412109375	0.110107421875	0.98388671875	0.119873046875	-1.0	7.0	38
蓉	0.9638671875	0.110107421875	0.9736328125	0.119873046875	-1.0	7.0	38
蓊	0.1025390625	0.55078125	0.1123046875	0.560302734375	-1.0	7.0	38
蓋	0.18017578125	0.868896484375	0.189697265625	0.8779296875	-1.0	8.0	38
蓍	0.710693359375	0.310791015625	0.72021484375	0.320556640625	-1.0	7.0	38
蓐	0.08203125	0.55078125	0.091796875	0.560302734375	-1.0	7.0	38
蓑	0.9228515625	0.1103515625	0.9326171875	0.1201171875	-1.0	7.0	38
蓓	0.91259765625	0.1103515625	0.92236328125	0.1201171875	-1.0	7.0	38
蓖	0.150146484375	0.619140625	0.15966796875	0.628662109375	-1.0	7.0	38
蓝	0.850830078125	0.790771484375	0.8603515625	0.800048828125	-1.0	7.0	38
蓟	0.16015625	0.619140625	0.169677734375	0.628662109375	-1.0	7.0	38
蓠	0.690673828125	0.310791015625	0.7001953125	0.320556640625	-1.0	7.0	38
蓣	0.89208984375	0.1103515625	0.90185546875	0.1201171875	-1.0	7.0	38
蓥	0.4921875	0.75341796875	0.501953125	0.7626953125	-1.0	7.0	38
蓦	0.8818359375	0.1103515625	0.8916015625	0.1201171875	-1.0	7.0	38
蓬	0.05126953125	0.55078125	0.06103515625	0.560302734375	-1.0	7.0	38
蓮	0.861328125	0.1103515625	0.87109375	0.1201171875	-1.0	7.0	38
蓰	0.670654296875	0.310791015625	0.68017578125	0.320556640625	-1.0	7.0	38
蓼	0.66064453125	0.310791015625	0.670166015625	0.320556640625	-1.0	7.0	38
蓿	0.650634765625	0.310791015625	0.66015625	0.320556640625	-1.0	7.0	38
蔆	0.8203125	0.1103515625	0.830078125	0.1201171875	-1.0	7.0	38
蔌	0.81005859375	0.1103515625	0.81982421875	0.1201171875	-1.0	7.0	38
蔑	0.7998046875	0.1103515625	0.8095703125	0.1201171875	-1.0	7.0	38
蔓	0.640625	0.31103515625	0.650146484375	0.32080078125	-1.0	7.0	38
蔔	0.041015625	0.55078125	0.05078125	0.560302734375	-1.0	7.0	38
蔗	0.76904296875	0.1103515625	0.77880859375	0.1201171875	-1.0	7.0	38
蔚	0.943359375	0.538818359375	0.953125	0.54833984375	-1.0	7.0	38
蔟	0.74853515625	0.1103515625	0.75830078125	0.1201171875	-1.0	7.0	38
蔡	0.93310546875	0.538818359375	0.94287109375	0.54833984375	-1.0	7.0	38
蔣	0.72802734375	0.1103515625	0.73779296875	0.1201171875	-1.0	7.0	38
蔥	0.170166015625	0.619140625	0.1796875	0.628662109375	-1.0	7.0	38
蔫	0.576171875	0.65673828125	0.58544921875	0.666259765625	0.0	7.0	38
蔬	0.6005859375	0.31103515625	0.610107421875	0.32080078125	-1.0	7.0	38
蔭	0.590576171875	0.31103515625	0.60009765625	0.32080078125	-1.0	7.0	38
蔷	0.18017578125	0.619140625	0.189697265625	0.628662109375	-1.0	7.0	38
蔸	0.58056640625	0.31103515625	0.590087890625	0.32080078125	-1.0	7.0	38
蔹	0.68701171875	0.110595703125	0.69677734375	0.120361328125	-1.0	7.0	38
蔺	0.2001953125	0.619140625	0.209716796875	0.628662109375	-1.0	7.0	38
蔻	0.6767578125	0.110595703125	0.6865234375	0.120361328125	-1.0	7.0	38
蔼	0.625	0.65673828125	0.63427734375	0.666259765625	-1.0	7.0	38
蔽	0.570556640625	0.31103515625	0.580078125	0.32080078125	-1.0	7.0	38
蕃	0.65625	0.110595703125	0.666015625	0.120361328125	-1.0	7.0	38
蕈	0.60546875	0.421142578125	0.61474609375	0.430908203125	0.0	7.0	38
蕉	0.550537109375	0.31103515625	0.56005859375	0.32080078125	-1.0	7.0	38
蕊	0.90234375	0.538818359375	0.912109375	0.54833984375	-1.0	7.0	38
蕖	0.210205078125	0.619140625	0.2197265625	0.628662109375	-1.0	8.0	38
蕙	0.22021484375	0.619140625	0.229736328125	0.628662109375	-1.0	7.0	38
蕞	0.615234375	0.11083984375	0.625	0.12060546875	-1.0	7.0	38
蕤	0.85107421875	0.752685546875	0.86083984375	0.761962890625	-1.0	8.0	38
蕨	0.60498046875	0.11083984375	0.61474609375	0.12060546875	-1.0	7.0	38
蕩	0.530517578125	0.31103515625	0.5400390625	0.32080078125	-1.0	7.0	38
蕪	0.5205078125	0.31103515625	0.530029296875	0.32080078125	0.0	7.0	38
蕭	0.510498046875	0.31103515625	0.52001953125	0.32080078125	-1.0	7.0	38
蕲	0.22021484375	0.802734375	0.229736328125	0.81201171875	-1.0	8.0	38
蕴	0.230224609375	0.802734375	0.23974609375	0.81201171875	-1.0	7.0	38
蕹	0.56396484375	0.11083984375	0.57373046875	0.12060546875	-1.0	7.0	38
蕺	0.5537109375	0.11083984375	0.5634765625	0.12060546875	-1.0	7.0	38
蕻	0.50048828125	0.31103515625	0.510009765625	0.32080078125	-1.0	7.0	38
蕾	0.490478515625	0.31103515625	0.5	0.32080078125	-1.0	7.0	38
薄	0.52294921875	0.11083984375	0.53271484375	0.12060546875	-1.0	7.0	38
薅	0.230224609375	0.619140625	0.23974609375	0.628662109375	-1.0	7.0	38
薇	0.5126953125	0.11083984375	0.5224609375	0.12060546875	-1.0	7.0	38
薊	0.240234375	0.618408203125	0.249755859375	0.6279296875	-1.0	7.0	38
薏	0.250244140625	0.6181640625	0.259765625	0.627685546875	-1.0	7.0	38
薑	0.330322265625	0.801513671875	0.33984375	0.810791015625	-1.0	7.0	38
薔	0.48046875	0.31103515625	0.489990234375	0.32080078125	-1.0	7.0	38
薛	0.470458984375	0.31103515625	0.47998046875	0.32080078125	-1.0	7.0	38
薜	0.87158203125	0.538818359375	0.88134765625	0.54833984375	-1.0	8.0	38
薤	0.450439453125	0.31103515625	0.4599609375	0.32080078125	-1.0	7.0	38
薦	0.26025390625	0.617919921875	0.269775390625	0.62744140625	-1.0	7.0	38
薨	0.4404296875	0.31103515625	0.449951171875	0.32080078125	0.0	7.0	38
薩	0.430419921875	0.31103515625	0.43994140625	0.32080078125	-1.0	7.0	38
薪	0.42041015625	0.31103515625	0.429931640625	0.32080078125	-1.0	7.0	38
薮	0.410400390625	0.31103515625	0.419921875	0.32080078125	-1.0	7.0	38
薯	0.42041015625	0.11083984375	0.43017578125	0.12060546875	-1.0	7.0	38
薰	0.400390625	0.31103515625	0.409912109375	0.32080078125	-1.0	7.0	38
薷	0.390380859375	0.31103515625	0.39990234375	0.32080078125	-1.0	7.0	38
薹	0.270263671875	0.617919921875	0.27978515625	0.62744140625	-1.0	7.0	38
薺	0.38037109375	0.31103515625	0.389892578125	0.32080078125	-1.0	7.0	38
藁	0.370361328125	0.31103515625	0.3798828125	0.32080078125	-1.0	7.0	38
藉	0.3603515625	0.311279296875	0.369873046875	0.321044921875	-1.0	7.0	38
藍	0.2802734375	0.617919921875	0.289794921875	0.62744140625	-1.0	7.0	38
藏	0.85107421875	0.538818359375	0.86083984375	0.54833984375	-1.0	8.0	38
藐	0.3486328125	0.111083984375	0.3583984375	0.120849609375	-1.0	7.0	38
藓	0.34033203125	0.311279296875	0.349853515625	0.321044921875	-1.0	7.0	38
藕	0.330322265625	0.311279296875	0.33984375	0.321044921875	-1.0	7.0	38
藜	0.8408203125	0.538818359375	0.8505859375	0.54833984375	-1.0	7.0	38
藝	0.3076171875	0.111083984375	0.3173828125	0.120849609375	-1.0	7.0	38
藤	0.29736328125	0.111083984375	0.30712890625	0.120849609375	-1.0	7.0	38
藥	0.66064453125	0.801025390625	0.670166015625	0.810302734375	-1.0	8.0	38
藩	0.287109375	0.111083984375	0.296875	0.120849609375	-1.0	7.0	38
藪	0.27685546875	0.111083984375	0.28662109375	0.120849609375	-1.0	7.0	38
藷	0.310302734375	0.311279296875	0.31982421875	0.321044921875	-1.0	7.0	38
藹	0.290283203125	0.617919921875	0.2998046875	0.62744140625	-1.0	7.0	38
藺	0.310302734375	0.617919921875	0.31982421875	0.62744140625	-1.0	7.0	38
藻	0.7998046875	0.538818359375	0.8095703125	0.54833984375	-1.0	7.0	38
藿	0.290283203125	0.311279296875	0.2998046875	0.321044921875	-1.0	7.0	38
蘅	0.2802734375	0.311279296875	0.289794921875	0.321044921875	-1.0	7.0	38
蘆	0.330322265625	0.617919921875	0.33984375	0.62744140625	-1.0	7.0	38
蘇	0.2255859375	0.111328125	0.2353515625	0.12109375	-1.0	7.0	38
蘊	0.34033203125	0.617919921875	0.349853515625	0.62744140625	-1.0	7.0	38
蘋	0.21533203125	0.111572265625	0.22509765625	0.121337890625	-1.0	7.0	38
蘑	0.270263671875	0.311279296875	0.27978515625	0.321044921875	-1.0	7.0	38
蘖	0.350341796875	0.617919921875	0.35986328125	0.62744140625	-1.0	7.0	38
蘗	0.779296875	0.538818359375	0.7890625	0.54833984375	-1.0	7.0	38
蘚	0.1845703125	0.1123046875	0.1943359375	0.1220703125	-1.0	7.0	38
蘧	0.3603515625	0.617919921875	0.369873046875	0.62744140625	-1.0	7.0	38
蘩	0.370361328125	0.617919921875	0.3798828125	0.62744140625	-1.0	7.0	38
蘭	0.250244140625	0.311279296875	0.259765625	0.321044921875	-1.0	7.0	38
蘸	0.240234375	0.311279296875	0.249755859375	0.321044921875	-1.0	7.0	38
蘼	0.230224609375	0.3115234375	0.23974609375	0.3212890625	-1.0	7.0	38
蘿	0.166015625	0.658203125	0.17529296875	0.667724609375	0.0	8.0	38
虍	0.400390625	0.61767578125	0.409912109375	0.627197265625	-1.0	8.0	38
虎	0.1435546875	0.1123046875	0.1533203125	0.1220703125	-1.0	7.0	38
虏	0.410400390625	0.61767578125	0.419921875	0.627197265625	-1.0	8.0	38
虐	0.42041015625	0.61767578125	0.429931640625	0.627197265625	-1.0	7.0	38
虑	0.13330078125	0.1123046875	0.14306640625	0.1220703125	-1.0	7.0	38
虔	0.123046875	0.1123046875	0.1328125	0.1220703125	-1.0	7.0	38
處	0.11279296875	0.1123046875	0.12255859375	0.1220703125	-1.0	7.0	38
虚	0.22021484375	0.311767578125	0.229736328125	0.321533203125	-1.0	7.0	38
虛	0.579833984375	0.762939453125	0.58935546875	0.772216796875	-1.0	8.0	38
虜	0.210205078125	0.3125	0.2197265625	0.322265625	-1.0	7.0	38
虞	0.76904296875	0.538818359375	0.77880859375	0.54833984375	-1.0	8.0	38
號	0.430419921875	0.61767578125	0.43994140625	0.627197265625	-1.0	8.0	38
虢	0.07177734375	0.1123046875	0.08154296875	0.1220703125	-1.0	7.0	38
虧	0.639892578125	0.762939453125	0.6494140625	0.772216796875	-1.0	8.0	38
虫	0.190185546875	0.3125	0.19970703125	0.322265625	0.0	7.0	38
虬	0.78955078125	0.733642578125	0.79931640625	0.742919921875	-1.0	8.0	38
虮	0.05126953125	0.1123046875	0.06103515625	0.1220703125	-1.0	7.0	38
虱	0.974853515625	0.885009765625	0.984375	0.893798828125	0.0	10.0	38
虹	0.123046875	0.85986328125	0.1328125	0.868896484375	-1.0	7.0	38
虺	0.7177734375	0.5390625	0.7275390625	0.548583984375	-1.0	8.0	38
虻	0.95361328125	0.733642578125	0.96337890625	0.742919921875	-1.0	7.0	38
虼	0.57421875	0.53955078125	0.583984375	0.549072265625	-1.0	7.0	38
虽	0.82861328125	0.80029296875	0.837890625	0.8095703125	0.0	9.0	38
虾	0.16015625	0.3125	0.169677734375	0.322265625	-1.0	7.0	38
虿	0.34033203125	0.86767578125	0.349853515625	0.876708984375	-1.0	10.0	38
蚀	0.01025390625	0.1123046875	0.02001953125	0.1220703125	-1.0	7.0	38
蚁	0.0	0.1123046875	0.009765625	0.1220703125	-1.0	7.0	38
蚂	0.634765625	0.65673828125	0.64404296875	0.666259765625	-1.0	7.0	38
蚊	0.984375	0.10009765625	0.994140625	0.10986328125	-1.0	7.0	38
蚋	0.5078125	0.421142578125	0.51708984375	0.430908203125	-1.0	7.0	38
蚌	0.14013671875	0.3125	0.149658203125	0.322265625	-1.0	7.0	38
蚍	0.3486328125	0.744140625	0.3583984375	0.75341796875	-1.0	8.0	38
蚓	0.7998046875	0.45068359375	0.80859375	0.46044921875	-1.0	7.0	38
蚕	0.52294921875	0.743896484375	0.53271484375	0.753173828125	-1.0	9.0	38
蚜	0.4306640625	0.53955078125	0.4404296875	0.549072265625	-1.0	7.0	38
蚝	0.3486328125	0.539794921875	0.3583984375	0.54931640625	-1.0	7.0	38
蚣	0.9228515625	0.100341796875	0.9326171875	0.110107421875	-1.0	7.0	38
蚤	0.940185546875	0.76220703125	0.94970703125	0.771484375	-1.0	9.0	38
蚧	0.91259765625	0.100341796875	0.92236328125	0.110107421875	-1.0	7.0	38
蚨	0.90234375	0.100341796875	0.912109375	0.110107421875	-1.0	7.0	38
蚩	0.46875	0.421142578125	0.47802734375	0.430908203125	0.0	7.0	38
蚪	0.8818359375	0.100341796875	0.8916015625	0.110107421875	-1.0	7.0	38
蚬	0.87158203125	0.100341796875	0.88134765625	0.110107421875	-1.0	7.0	38
蚯	0.123046875	0.755126953125	0.1328125	0.764404296875	-1.0	7.0	38
蚰	0.458984375	0.421142578125	0.46826171875	0.430908203125	-1.0	7.0	38
蚱	0.31787109375	0.539794921875	0.32763671875	0.54931640625	-1.0	7.0	38
蚴	0.4404296875	0.61767578125	0.449951171875	0.627197265625	-1.0	8.0	38
蚵	0.450439453125	0.61767578125	0.4599609375	0.627197265625	-1.0	7.0	38
蚶	0.070068359375	0.3125	0.07958984375	0.322265625	-1.0	7.0	38
蚺	0.83056640625	0.100341796875	0.84033203125	0.110107421875	-1.0	7.0	38
蛀	0.23583984375	0.755126953125	0.24560546875	0.764404296875	-1.0	7.0	38
蛄	0.46044921875	0.61767578125	0.469970703125	0.627197265625	-1.0	7.0	38
蛆	0.52294921875	0.75341796875	0.53271484375	0.7626953125	-1.0	7.0	38
蛇	0.470458984375	0.61767578125	0.47998046875	0.627197265625	-1.0	7.0	38
蛉	0.8203125	0.100341796875	0.830078125	0.110107421875	-1.0	7.0	38
蛊	0.14013671875	0.774169921875	0.149658203125	0.783447265625	-1.0	7.0	38
蛋	0.150146484375	0.774169921875	0.15966796875	0.783447265625	0.0	9.0	38
蛎	0.81005859375	0.100341796875	0.81982421875	0.110107421875	-1.0	7.0	38
蛏	0.73828125	0.753173828125	0.748046875	0.762451171875	-1.0	7.0	38
蛐	0.09765625	0.66796875	0.10693359375	0.677490234375	-1.0	7.0	38
蛑	0.7998046875	0.100341796875	0.8095703125	0.110107421875	-1.0	7.0	38
蛔	0.1171875	0.66796875	0.12646484375	0.677490234375	-1.0	7.0	38
蛘	0.78955078125	0.100341796875	0.79931640625	0.110107421875	-1.0	7.0	38
蛙	0.170166015625	0.774169921875	0.1796875	0.783447265625	-1.0	7.0	38
蛛	0.27685546875	0.539794921875	0.28662109375	0.54931640625	-1.0	7.0	38
蛞	0.050048828125	0.3125	0.0595703125	0.322265625	-1.0	7.0	38
蛟	0.7587890625	0.100341796875	0.7685546875	0.110107421875	-1.0	7.0	38
蛤	0.74853515625	0.100341796875	0.75830078125	0.110107421875	-1.0	7.0	38
蛩	0.18017578125	0.774169921875	0.189697265625	0.783447265625	-1.0	9.0	38
蛭	0.03076171875	0.7646484375	0.04052734375	0.77392578125	-1.0	7.0	38
蛮	0.0400390625	0.3125	0.049560546875	0.322265625	-1.0	7.0	38
蛰	0.030029296875	0.3125	0.03955078125	0.322265625	0.0	7.0	38
蛱	0.7177734375	0.100341796875	0.7275390625	0.110107421875	-1.0	7.0	38
蛲	0.70751953125	0.100341796875	0.71728515625	0.110107421875	-1.0	7.0	38
蛳	0.02001953125	0.3125	0.029541015625	0.322265625	-1.0	7.0	38
蛴	0.68701171875	0.1005859375	0.69677734375	0.1103515625	-1.0	7.0	38
蛸	0.010009765625	0.3125	0.01953125	0.322265625	-1.0	7.0	38
蛹	0.4296875	0.421142578125	0.43896484375	0.430908203125	-1.0	7.0	38
蛻	0.65625	0.1005859375	0.666015625	0.1103515625	-1.0	7.0	38
蛾	0.24609375	0.5400390625	0.255859375	0.549560546875	-1.0	7.0	38
蜀	0.458984375	0.87646484375	0.46826171875	0.885498046875	-1.0	9.0	38
蜂	0.23583984375	0.540283203125	0.24560546875	0.5498046875	-1.0	7.0	38
蜃	0.3486328125	0.76318359375	0.3583984375	0.7724609375	-1.0	9.0	38
蜆	0.62548828125	0.100830078125	0.63525390625	0.110595703125	-1.0	7.0	38
蜇	0.9609375	0.30029296875	0.970458984375	0.31005859375	0.0	7.0	38
蜈	0.60498046875	0.100830078125	0.61474609375	0.110595703125	-1.0	7.0	38
蜉	0.50048828125	0.61767578125	0.510009765625	0.627197265625	-1.0	7.0	38
蜊	0.400390625	0.421142578125	0.40966796875	0.430908203125	-1.0	7.0	38
蜍	0.19482421875	0.541015625	0.20458984375	0.550537109375	-1.0	7.0	38
蜒	0.57421875	0.100830078125	0.583984375	0.110595703125	-1.0	7.0	38
蜓	0.56396484375	0.100830078125	0.57373046875	0.110595703125	-1.0	7.0	38
蜕	0.5537109375	0.100830078125	0.5634765625	0.110595703125	-1.0	7.0	38
蜗	0.380859375	0.421142578125	0.39013671875	0.430908203125	-1.0	7.0	38
蜘	0.37109375	0.42138671875	0.38037109375	0.43115234375	-1.0	7.0	38
蜚	0.910888671875	0.300537109375	0.92041015625	0.310302734375	0.0	7.0	38
蜜	0.90087890625	0.300537109375	0.910400390625	0.310302734375	-1.0	7.0	38
蜞	0.50244140625	0.100830078125	0.51220703125	0.110595703125	-1.0	7.0	38
蜡	0.890869140625	0.300537109375	0.900390625	0.310302734375	-1.0	7.0	38
蜢	0.09228515625	0.85986328125	0.10205078125	0.868896484375	-1.0	8.0	38
蜣	0.48193359375	0.100830078125	0.49169921875	0.110595703125	-1.0	7.0	38
蜥	0.4716796875	0.100830078125	0.4814453125	0.110595703125	-1.0	7.0	38
蜩	0.361328125	0.42138671875	0.37060546875	0.43115234375	-1.0	7.0	38
蜮	0.451171875	0.100830078125	0.4609375	0.110595703125	-1.0	7.0	38
蜱	0.44091796875	0.100830078125	0.45068359375	0.110595703125	-1.0	7.0	38
蜴	0.2734375	0.42138671875	0.28271484375	0.43115234375	-1.0	7.0	38
蜷	0.17431640625	0.541015625	0.18408203125	0.550537109375	-1.0	7.0	38
蜻	0.2255859375	0.101318359375	0.2353515625	0.111083984375	-1.0	7.0	38
蜾	0.21533203125	0.1015625	0.22509765625	0.111328125	-1.0	7.0	38
蜿	0.205078125	0.102294921875	0.21484375	0.112060546875	-1.0	7.0	38
蝇	0.1640625	0.541015625	0.173828125	0.550537109375	-1.0	7.0	38
蝈	0.9765625	0.8193359375	0.98583984375	0.82861328125	-1.0	8.0	38
蝉	0.15380859375	0.541015625	0.16357421875	0.550537109375	-1.0	7.0	38
蝌	0.17431640625	0.102294921875	0.18408203125	0.112060546875	-1.0	7.0	38
蝎	0.908203125	0.665771484375	0.91748046875	0.67529296875	-1.0	7.0	38
蝓	0.1640625	0.102294921875	0.173828125	0.112060546875	-1.0	7.0	38
蝕	0.493408203125	0.71533203125	0.503173828125	0.724609375	-1.0	8.0	38
蝗	0.503662109375	0.71533203125	0.513427734375	0.724609375	-1.0	7.0	38
蝙	0.13671875	0.422607421875	0.14599609375	0.432373046875	-1.0	7.0	38
蝠	0.640625	0.301025390625	0.650146484375	0.310791015625	-1.0	7.0	38
蝣	0.630615234375	0.301025390625	0.64013671875	0.310791015625	-1.0	7.0	38
蝤	0.510498046875	0.61767578125	0.52001953125	0.627197265625	-1.0	7.0	38
蝥	0.62060546875	0.301025390625	0.630126953125	0.310791015625	-1.0	7.0	38
蝦	0.1435546875	0.541015625	0.1533203125	0.550537109375	-1.0	8.0	38
蝨	0.290283203125	0.867919921875	0.2998046875	0.876953125	0.0	9.0	38
蝮	0.6005859375	0.301025390625	0.610107421875	0.310791015625	-1.0	7.0	38
蝰	0.524169921875	0.71533203125	0.533935546875	0.724609375	-1.0	7.0	38
蝴	0.609375	0.451171875	0.618408203125	0.4609375	-1.0	7.0	38
蝶	0.08203125	0.102294921875	0.091796875	0.112060546875	-1.0	7.0	38
蝸	0.13671875	0.677734375	0.14599609375	0.687255859375	-1.0	8.0	38
蝻	0.58056640625	0.301025390625	0.590087890625	0.310791015625	-1.0	7.0	38
蝼	0.570556640625	0.301025390625	0.580078125	0.310791015625	-1.0	7.0	38
蝽	0.05126953125	0.102294921875	0.06103515625	0.112060546875	-1.0	7.0	38
蝾	0.041015625	0.102294921875	0.05078125	0.112060546875	-1.0	7.0	38
螂	0.03076171875	0.102294921875	0.04052734375	0.112060546875	-1.0	7.0	38
螃	0.0205078125	0.102294921875	0.0302734375	0.112060546875	-1.0	7.0	38
螅	0.11279296875	0.541015625	0.12255859375	0.550537109375	-1.0	7.0	38
螈	0.0	0.102294921875	0.009765625	0.112060546875	-1.0	7.0	38
螋	0.984375	0.090087890625	0.994140625	0.099853515625	-1.0	7.0	38
融	0.190185546875	0.774169921875	0.19970703125	0.783447265625	0.0	8.0	38
螓	0.97412109375	0.090087890625	0.98388671875	0.099853515625	-1.0	7.0	38
螗	0.550537109375	0.301025390625	0.56005859375	0.310791015625	-1.0	7.0	38
螞	0.2001953125	0.774169921875	0.209716796875	0.783447265625	-1.0	8.0	38
螟	0.54052734375	0.301025390625	0.550048828125	0.310791015625	-1.0	7.0	38
螢	0.09765625	0.422607421875	0.10693359375	0.432373046875	0.0	7.0	38
螨	0.93310546875	0.090087890625	0.94287109375	0.099853515625	-1.0	7.0	38
螫	0.5205078125	0.301025390625	0.530029296875	0.310791015625	-1.0	7.0	38
螬	0.510498046875	0.301025390625	0.52001953125	0.310791015625	-1.0	7.0	38
螭	0.50048828125	0.301025390625	0.510009765625	0.310791015625	-1.0	7.0	38
螯	0.490478515625	0.301025390625	0.5	0.310791015625	-1.0	7.0	38
螳	0.595947265625	0.71533203125	0.605712890625	0.724609375	-1.0	7.0	38
螵	0.606201171875	0.71533203125	0.615966796875	0.724609375	-1.0	8.0	38
螺	0.8818359375	0.09033203125	0.8916015625	0.10009765625	-1.0	7.0	38
螻	0.48046875	0.301025390625	0.489990234375	0.310791015625	-1.0	7.0	38
螽	0.861328125	0.09033203125	0.87109375	0.10009765625	-1.0	7.0	38
蟀	0.470458984375	0.301025390625	0.47998046875	0.310791015625	-1.0	7.0	38
蟆	0.8408203125	0.09033203125	0.8505859375	0.10009765625	-1.0	7.0	38
蟈	0.76171875	0.675537109375	0.77099609375	0.68505859375	-1.0	8.0	38
蟊	0.626708984375	0.71533203125	0.636474609375	0.724609375	-1.0	9.0	38
蟋	0.09228515625	0.541015625	0.10205078125	0.550537109375	-1.0	7.0	38
蟑	0.8203125	0.09033203125	0.830078125	0.10009765625	-1.0	7.0	38
蟒	0.81005859375	0.09033203125	0.81982421875	0.10009765625	-1.0	7.0	38
蟓	0.08203125	0.541015625	0.091796875	0.550537109375	-1.0	7.0	38
蟛	0.78955078125	0.09033203125	0.79931640625	0.10009765625	-1.0	7.0	38
蟠	0.779296875	0.09033203125	0.7890625	0.10009765625	-1.0	7.0	38
蟥	0.76904296875	0.09033203125	0.77880859375	0.10009765625	-1.0	7.0	38
蟪	0.647216796875	0.71533203125	0.656982421875	0.724609375	-1.0	8.0	38
蟬	0.4404296875	0.301025390625	0.449951171875	0.310791015625	-1.0	7.0	38
蟮	0.430419921875	0.301025390625	0.43994140625	0.310791015625	-1.0	7.0	38
蟯	0.73828125	0.09033203125	0.748046875	0.10009765625	-1.0	7.0	38
蟲	0.72802734375	0.09033203125	0.73779296875	0.10009765625	-1.0	7.0	38
蟹	0.7177734375	0.09033203125	0.7275390625	0.10009765625	-1.0	7.0	38
蟻	0.0205078125	0.541015625	0.0302734375	0.550537109375	-1.0	7.0	38
蟾	0.410400390625	0.301025390625	0.419921875	0.310791015625	-1.0	7.0	38
蠃	0.68701171875	0.090576171875	0.69677734375	0.100341796875	-1.0	7.0	38
蠅	0.984375	0.52880859375	0.994140625	0.538330078125	-1.0	7.0	38
蠊	0.66650390625	0.090576171875	0.67626953125	0.100341796875	-1.0	7.0	38
蠍	0.65625	0.090576171875	0.666015625	0.100341796875	-1.0	7.0	38
蠓	0.97412109375	0.52880859375	0.98388671875	0.538330078125	-1.0	7.0	38
蠔	0.861328125	0.529052734375	0.87109375	0.53857421875	-1.0	7.0	38
蠕	0.5205078125	0.61767578125	0.530029296875	0.627197265625	-1.0	8.0	38
蠖	0.62548828125	0.0908203125	0.63525390625	0.1005859375	-1.0	7.0	38
蠛	0.370361328125	0.301025390625	0.3798828125	0.310791015625	-1.0	7.0	38
蠟	0.60498046875	0.0908203125	0.61474609375	0.1005859375	-1.0	7.0	38
蠡	0.85107421875	0.529052734375	0.86083984375	0.53857421875	-1.0	8.0	38
蠢	0.58447265625	0.0908203125	0.59423828125	0.1005859375	-1.0	7.0	38
蠣	0.8408203125	0.529052734375	0.8505859375	0.53857421875	-1.0	8.0	38
蠱	0.210205078125	0.774169921875	0.2197265625	0.783447265625	-1.0	7.0	38
蠲	0.263671875	0.83056640625	0.27294921875	0.83984375	-1.0	8.0	38
蠶	0.749755859375	0.71484375	0.759521484375	0.72412109375	-1.0	9.0	38
蠹	0.530517578125	0.61767578125	0.5400390625	0.627197265625	-1.0	8.0	38
蠻	0.34033203125	0.30126953125	0.349853515625	0.31103515625	-1.0	7.0	38
蠼	0.330322265625	0.30126953125	0.33984375	0.31103515625	-1.0	7.0	38
血	0.30029296875	0.86767578125	0.309814453125	0.876708984375	-1.0	7.0	38
衄	0.22021484375	0.774169921875	0.229736328125	0.783447265625	-1.0	7.0	38
衅	0.3203125	0.30126953125	0.329833984375	0.31103515625	-1.0	7.0	38
行	0.533203125	0.0908203125	0.54296875	0.1005859375	-1.0	7.0	38
衍	0.52294921875	0.0908203125	0.53271484375	0.1005859375	-1.0	7.0	38
術	0.5126953125	0.0908203125	0.5224609375	0.1005859375	-1.0	7.0	38
衔	0.50244140625	0.0908203125	0.51220703125	0.1005859375	-1.0	7.0	38
街	0.310302734375	0.30126953125	0.31982421875	0.31103515625	-1.0	7.0	38
衙	0.48193359375	0.0908203125	0.49169921875	0.1005859375	-1.0	7.0	38
衛	0.4716796875	0.0908203125	0.4814453125	0.1005859375	-1.0	7.0	38
衝	0.46142578125	0.0908203125	0.47119140625	0.1005859375	-1.0	7.0	38
衡	0.451171875	0.0908203125	0.4609375	0.1005859375	-1.0	7.0	38
衢	0.7998046875	0.529052734375	0.8095703125	0.53857421875	-1.0	8.0	38
衣	0.4306640625	0.0908203125	0.4404296875	0.1005859375	-1.0	7.0	38
衤	0.99365234375	0.4404296875	0.99951171875	0.4501953125	-1.0	7.0	38
补	0.41015625	0.0908203125	0.419921875	0.1005859375	-1.0	7.0	38
表	0.2802734375	0.30126953125	0.289794921875	0.31103515625	-1.0	7.0	38
衩	0.3896484375	0.0908203125	0.3994140625	0.1005859375	-1.0	7.0	38
衫	0.270263671875	0.30126953125	0.27978515625	0.31103515625	-1.0	7.0	38
衬	0.369140625	0.0908203125	0.37890625	0.1005859375	-1.0	7.0	38
衮	0.26025390625	0.30126953125	0.269775390625	0.31103515625	-1.0	7.0	38
衰	0.3486328125	0.091064453125	0.3583984375	0.100830078125	-1.0	7.0	38
衲	0.986328125	0.410400390625	0.99560546875	0.420166015625	-1.0	7.0	38
衷	0.240234375	0.30126953125	0.249755859375	0.31103515625	-1.0	7.0	38
衹	0.31787109375	0.091064453125	0.32763671875	0.100830078125	-1.0	7.0	38
衽	0.3076171875	0.091064453125	0.3173828125	0.100830078125	-1.0	7.0	38
衾	0.29736328125	0.091064453125	0.30712890625	0.100830078125	-1.0	7.0	38
衿	0.287109375	0.091064453125	0.296875	0.100830078125	-1.0	7.0	38
袁	0.27685546875	0.091064453125	0.28662109375	0.100830078125	-1.0	7.0	38
袂	0.2666015625	0.091064453125	0.2763671875	0.100830078125	-1.0	7.0	38
袄	0.25634765625	0.091064453125	0.26611328125	0.100830078125	-1.0	7.0	38
袅	0.24609375	0.091064453125	0.255859375	0.100830078125	-1.0	7.0	38
袈	0.23583984375	0.091064453125	0.24560546875	0.100830078125	-1.0	7.0	38
袋	0.2255859375	0.09130859375	0.2353515625	0.10107421875	-1.0	7.0	38
袍	0.21533203125	0.091552734375	0.22509765625	0.101318359375	-1.0	7.0	38
袒	0.205078125	0.09228515625	0.21484375	0.10205078125	-1.0	7.0	38
袖	0.9765625	0.410400390625	0.98583984375	0.420166015625	-1.0	7.0	38
袜	0.1845703125	0.09228515625	0.1943359375	0.10205078125	-1.0	7.0	38
袞	0.17431640625	0.09228515625	0.18408203125	0.10205078125	-1.0	7.0	38
袢	0.1640625	0.09228515625	0.173828125	0.10205078125	-1.0	7.0	38
袤	0.15380859375	0.09228515625	0.16357421875	0.10205078125	-1.0	7.0	38
被	0.1435546875	0.09228515625	0.1533203125	0.10205078125	-1.0	7.0	38
袭	0.22021484375	0.3017578125	0.229736328125	0.3115234375	-1.0	7.0	38
袱	0.123046875	0.09228515625	0.1328125	0.10205078125	-1.0	7.0	38
袷	0.11279296875	0.09228515625	0.12255859375	0.10205078125	-1.0	7.0	38
袼	0.1025390625	0.09228515625	0.1123046875	0.10205078125	-1.0	7.0	38
裁	0.74853515625	0.529052734375	0.75830078125	0.53857421875	-1.0	7.0	38
裂	0.54052734375	0.61767578125	0.550048828125	0.627197265625	-1.0	8.0	38
装	0.08203125	0.09228515625	0.091796875	0.10205078125	-1.0	7.0	38
裆	0.2001953125	0.302490234375	0.209716796875	0.312255859375	-1.0	7.0	38
裉	0.0615234375	0.09228515625	0.0712890625	0.10205078125	-1.0	7.0	38
裊	0.05126953125	0.09228515625	0.06103515625	0.10205078125	-1.0	7.0	38
裎	0.041015625	0.09228515625	0.05078125	0.10205078125	-1.0	7.0	38
裒	0.03076171875	0.09228515625	0.04052734375	0.10205078125	-1.0	7.0	38
裔	0.190185546875	0.302490234375	0.19970703125	0.312255859375	-1.0	7.0	38
裕	0.01025390625	0.09228515625	0.02001953125	0.10205078125	-1.0	7.0	38
裘	0.0	0.09228515625	0.009765625	0.10205078125	-1.0	7.0	38
裙	0.984375	0.080078125	0.994140625	0.08984375	-1.0	7.0	38
補	0.97412109375	0.080078125	0.98388671875	0.08984375	-1.0	7.0	38
裝	0.9638671875	0.080078125	0.9736328125	0.08984375	-1.0	7.0	38
裟	0.95361328125	0.080078125	0.96337890625	0.08984375	-1.0	7.0	38
裡	0.943359375	0.080078125	0.953125	0.08984375	-1.0	7.0	38
裢	0.93310546875	0.080078125	0.94287109375	0.08984375	-1.0	7.0	38
裣	0.9228515625	0.080322265625	0.9326171875	0.090087890625	-1.0	7.0	38
裤	0.18017578125	0.302490234375	0.189697265625	0.312255859375	-1.0	7.0	38
裥	0.95703125	0.410400390625	0.96630859375	0.420166015625	-1.0	7.0	38
裨	0.89208984375	0.080322265625	0.90185546875	0.090087890625	-1.0	7.0	38
裯	0.947265625	0.410400390625	0.95654296875	0.420166015625	-1.0	7.0	38
裰	0.87158203125	0.080322265625	0.88134765625	0.090087890625	-1.0	7.0	38
裱	0.861328125	0.080322265625	0.87109375	0.090087890625	-1.0	7.0	38
裳	0.85107421875	0.080322265625	0.86083984375	0.090087890625	-1.0	7.0	38
裴	0.8408203125	0.080322265625	0.8505859375	0.090087890625	-1.0	7.0	38
裸	0.83056640625	0.080322265625	0.84033203125	0.090087890625	-1.0	7.0	38
裹	0.8203125	0.080322265625	0.830078125	0.090087890625	-1.0	7.0	38
裼	0.9375	0.41064453125	0.94677734375	0.42041015625	-1.0	7.0	38
製	0.14013671875	0.302490234375	0.149658203125	0.312255859375	-1.0	7.0	38
裾	0.78955078125	0.080322265625	0.79931640625	0.090087890625	-1.0	7.0	38
褂	0.779296875	0.080322265625	0.7890625	0.090087890625	-1.0	7.0	38
複	0.76904296875	0.080322265625	0.77880859375	0.090087890625	-1.0	7.0	38
褊	0.927734375	0.41064453125	0.93701171875	0.42041015625	-1.0	7.0	38
褐	0.91796875	0.41064453125	0.92724609375	0.42041015625	-1.0	7.0	38
褒	0.73828125	0.080322265625	0.748046875	0.090087890625	-1.0	7.0	38
褓	0.72802734375	0.080322265625	0.73779296875	0.090087890625	-1.0	7.0	38
褕	0.110107421875	0.302490234375	0.11962890625	0.312255859375	-1.0	7.0	38
褙	0.70751953125	0.080322265625	0.71728515625	0.090087890625	-1.0	7.0	38
褚	0.10009765625	0.302490234375	0.109619140625	0.312255859375	-1.0	7.0	38
褛	0.090087890625	0.302490234375	0.099609375	0.312255859375	-1.0	7.0	38
褡	0.6767578125	0.08056640625	0.6865234375	0.09033203125	-1.0	7.0	38
褥	0.66650390625	0.08056640625	0.67626953125	0.09033203125	-1.0	7.0	38
褪	0.080078125	0.302490234375	0.089599609375	0.312255859375	-1.0	7.0	38
褫	0.64599609375	0.08056640625	0.65576171875	0.09033203125	-1.0	7.0	38
褰	0.070068359375	0.302490234375	0.07958984375	0.312255859375	-1.0	7.0	38
褲	0.06005859375	0.302490234375	0.069580078125	0.312255859375	-1.0	7.0	38
褴	0.615234375	0.080810546875	0.625	0.090576171875	-1.0	7.0	38
褶	0.908203125	0.41064453125	0.91748046875	0.42041015625	-1.0	7.0	38
褸	0.5947265625	0.080810546875	0.6044921875	0.090576171875	-1.0	7.0	38
褻	0.58447265625	0.080810546875	0.59423828125	0.090576171875	-1.0	7.0	38
褽	0.57421875	0.080810546875	0.583984375	0.090576171875	-1.0	7.0	38
襁	0.56396484375	0.080810546875	0.57373046875	0.090576171875	-1.0	7.0	38
襄	0.0400390625	0.302490234375	0.049560546875	0.312255859375	-1.0	7.0	38
襖	0.030029296875	0.302490234375	0.03955078125	0.312255859375	-1.0	7.0	38
襞	0.533203125	0.080810546875	0.54296875	0.090576171875	-1.0	7.0	38
襟	0.52294921875	0.080810546875	0.53271484375	0.090576171875	-1.0	7.0	38
襠	0.02001953125	0.302490234375	0.029541015625	0.312255859375	-1.0	7.0	38
襤	0.50244140625	0.080810546875	0.51220703125	0.090576171875	-1.0	7.0	38
襦	0.4921875	0.080810546875	0.501953125	0.090576171875	-1.0	7.0	38
襪	0.48193359375	0.080810546875	0.49169921875	0.090576171875	-1.0	7.0	38
襬	0.4716796875	0.080810546875	0.4814453125	0.090576171875	-1.0	7.0	38
襯	0.46142578125	0.080810546875	0.47119140625	0.090576171875	-1.0	7.0	38
襲	0.451171875	0.080810546875	0.4609375	0.090576171875	-1.0	7.0	38
襻	0.44091796875	0.080810546875	0.45068359375	0.090576171875	-1.0	7.0	38
西	0.6630859375	0.85791015625	0.672607421875	0.866943359375	-1.0	10.0	38
要	0.72802734375	0.724609375	0.73779296875	0.73388671875	-1.0	9.0	38
覃	0.230224609375	0.774169921875	0.23974609375	0.783447265625	-1.0	9.0	38
覆	0.240234375	0.774169921875	0.249755859375	0.783447265625	-1.0	9.0	38
見	0.250244140625	0.774169921875	0.259765625	0.783447265625	-1.0	9.0	38
規	0.70751953125	0.529541015625	0.71728515625	0.5390625	-1.0	8.0	38
覓	0.26025390625	0.7734375	0.269775390625	0.78271484375	-1.0	9.0	38
視	0.42041015625	0.080810546875	0.43017578125	0.090576171875	-1.0	7.0	38
覜	0.697265625	0.529541015625	0.70703125	0.5390625	-1.0	8.0	38
覦	0.39990234375	0.080810546875	0.40966796875	0.090576171875	-1.0	7.0	38
親	0.3896484375	0.080810546875	0.3994140625	0.090576171875	-1.0	7.0	38
覬	0.65625	0.52978515625	0.666015625	0.539306640625	-1.0	8.0	38
覲	0.64599609375	0.52978515625	0.65576171875	0.539306640625	-1.0	8.0	38
覺	0.263671875	0.656982421875	0.27294921875	0.66650390625	0.0	8.0	38
覽	0.859375	0.41064453125	0.86865234375	0.42041015625	0.0	7.0	38
觀	0.3486328125	0.0810546875	0.3583984375	0.0908203125	-1.0	7.0	38
见	0.270263671875	0.773193359375	0.27978515625	0.782470703125	-1.0	9.0	38
观	0.81005859375	0.72412109375	0.81982421875	0.7333984375	-1.0	9.0	38
规	0.6357421875	0.52978515625	0.6455078125	0.539306640625	-1.0	8.0	38
觅	0.290283203125	0.77294921875	0.2998046875	0.7822265625	-1.0	9.0	38
视	0.328125	0.0810546875	0.337890625	0.0908203125	-1.0	7.0	38
觇	0.37109375	0.656982421875	0.38037109375	0.66650390625	0.0	8.0	38
览	0.31787109375	0.0810546875	0.32763671875	0.0908203125	-1.0	7.0	38
觉	0.94091796875	0.290283203125	0.950439453125	0.300048828125	-1.0	7.0	38
觊	0.930908203125	0.29052734375	0.9404296875	0.30029296875	0.0	7.0	38
觋	0.85107421875	0.72412109375	0.86083984375	0.7333984375	-1.0	9.0	38
觌	0.287109375	0.0810546875	0.296875	0.0908203125	-1.0	7.0	38
觎	0.27685546875	0.0810546875	0.28662109375	0.0908203125	-1.0	7.0	38
觏	0.62548828125	0.52978515625	0.63525390625	0.539306640625	-1.0	8.0	38
觐	0.54345703125	0.52978515625	0.55322265625	0.539306640625	-1.0	8.0	38
觑	0.24609375	0.0810546875	0.255859375	0.0908203125	-1.0	7.0	38
角	0.1484375	0.462646484375	0.1572265625	0.472412109375	-1.0	7.0	38
觔	0.810546875	0.41064453125	0.81982421875	0.42041015625	-1.0	7.0	38
觖	0.21533203125	0.08154296875	0.22509765625	0.09130859375	-1.0	7.0	38
觚	0.205078125	0.082275390625	0.21484375	0.092041015625	-1.0	7.0	38
觜	0.880859375	0.29052734375	0.890380859375	0.30029296875	-1.0	7.0	38
觞	0.870849609375	0.29052734375	0.88037109375	0.30029296875	-1.0	7.0	38
解	0.17431640625	0.082275390625	0.18408203125	0.092041015625	-1.0	7.0	38
觥	0.1640625	0.082275390625	0.173828125	0.092041015625	-1.0	7.0	38
触	0.15380859375	0.082275390625	0.16357421875	0.092041015625	-1.0	7.0	38
觫	0.1435546875	0.082275390625	0.1533203125	0.092041015625	-1.0	7.0	38
觯	0.13330078125	0.082275390625	0.14306640625	0.092041015625	-1.0	7.0	38
觳	0.550537109375	0.61767578125	0.56005859375	0.627197265625	0.0	8.0	38
觴	0.123046875	0.082275390625	0.1328125	0.092041015625	-1.0	7.0	38
觸	0.80078125	0.41064453125	0.81005859375	0.42041015625	-1.0	7.0	38
觼	0.1025390625	0.082275390625	0.1123046875	0.092041015625	-1.0	7.0	38
言	0.850830078125	0.29052734375	0.8603515625	0.30029296875	-1.0	7.0	38
訂	0.5126953125	0.52978515625	0.5224609375	0.539306640625	-1.0	7.0	38
訃	0.07177734375	0.082275390625	0.08154296875	0.092041015625	-1.0	7.0	38
訇	0.83984375	0.656005859375	0.84912109375	0.66552734375	-1.0	7.0	38
計	0.0615234375	0.082275390625	0.0712890625	0.092041015625	-1.0	7.0	38
訊	0.830810546875	0.29052734375	0.84033203125	0.30029296875	-1.0	7.0	38
訌	0.50244140625	0.52978515625	0.51220703125	0.539306640625	-1.0	7.0	38
討	0.4921875	0.52978515625	0.501953125	0.539306640625	-1.0	7.0	38
訏	0.48193359375	0.52978515625	0.49169921875	0.539306640625	-1.0	7.0	38
訐	0.560546875	0.61767578125	0.570068359375	0.627197265625	-1.0	7.0	38
訑	0.4716796875	0.52978515625	0.4814453125	0.539306640625	-1.0	7.0	38
訓	0.966796875	0.656005859375	0.97607421875	0.66552734375	-1.0	8.0	38
訕	0.986328125	0.65576171875	0.99560546875	0.665283203125	-1.0	7.0	38
訖	0.570556640625	0.61767578125	0.580078125	0.627197265625	-1.0	7.0	38
託	0.58056640625	0.61767578125	0.590087890625	0.627197265625	-1.0	7.0	38
記	0.46142578125	0.52978515625	0.47119140625	0.539306640625	-1.0	7.0	38
訛	0.984375	0.070068359375	0.994140625	0.079833984375	-1.0	7.0	38
訝	0.451171875	0.52978515625	0.4609375	0.539306640625	-1.0	7.0	38
訟	0.44091796875	0.52978515625	0.45068359375	0.539306640625	-1.0	7.0	38
訢	0.95361328125	0.070068359375	0.96337890625	0.079833984375	-1.0	7.0	38
訣	0.750732421875	0.29052734375	0.76025390625	0.30029296875	-1.0	7.0	38
訥	0.712890625	0.410888671875	0.72216796875	0.420654296875	-1.0	7.0	38
訪	0.9228515625	0.0703125	0.9326171875	0.080078125	-1.0	7.0	38
設	0.91259765625	0.0703125	0.92236328125	0.080078125	-1.0	7.0	38
許	0.90234375	0.0703125	0.912109375	0.080078125	-1.0	7.0	38
訴	0.730712890625	0.29052734375	0.740234375	0.30029296875	-1.0	7.0	38
訶	0.590576171875	0.61767578125	0.60009765625	0.627197265625	-1.0	7.0	38
診	0.6005859375	0.61767578125	0.610107421875	0.627197265625	-1.0	7.0	38
註	0.610595703125	0.61767578125	0.6201171875	0.627197265625	-1.0	7.0	38
証	0.62060546875	0.61767578125	0.630126953125	0.627197265625	-1.0	7.0	38
訾	0.3203125	0.77294921875	0.329833984375	0.7822265625	-1.0	8.0	38
詁	0.720703125	0.29052734375	0.730224609375	0.30029296875	-1.0	7.0	38
詆	0.87158203125	0.0703125	0.88134765625	0.080078125	-1.0	7.0	38
詈	0.166015625	0.82177734375	0.17529296875	0.8310546875	0.0	9.0	38
詐	0.630615234375	0.61767578125	0.64013671875	0.627197265625	-1.0	7.0	38
詔	0.25390625	0.6669921875	0.26318359375	0.676513671875	-1.0	7.0	38
評	0.861328125	0.0703125	0.87109375	0.080078125	-1.0	7.0	38
詖	0.85107421875	0.0703125	0.86083984375	0.080078125	-1.0	7.0	38
詛	0.670654296875	0.61767578125	0.68017578125	0.627197265625	0.0	7.0	38
詞	0.615234375	0.66650390625	0.62451171875	0.676025390625	-1.0	7.0	38
詠	0.4306640625	0.52978515625	0.4404296875	0.539306640625	-1.0	7.0	38
詢	0.771484375	0.665771484375	0.78076171875	0.67529296875	-1.0	7.0	38
詣	0.70068359375	0.290771484375	0.710205078125	0.300537109375	0.0	7.0	38
試	0.8203125	0.0703125	0.830078125	0.080078125	-1.0	7.0	38
詨	0.690673828125	0.290771484375	0.7001953125	0.300537109375	0.0	7.0	38
詩	0.42041015625	0.52978515625	0.43017578125	0.539306640625	-1.0	7.0	38
詫	0.6806640625	0.61767578125	0.690185546875	0.627197265625	-1.0	7.0	38
詬	0.670654296875	0.290771484375	0.68017578125	0.300537109375	-1.0	7.0	38
詭	0.66064453125	0.290771484375	0.670166015625	0.300537109375	0.0	7.0	38
詮	0.41015625	0.52978515625	0.419921875	0.539306640625	-1.0	7.0	38
詰	0.640625	0.291015625	0.650146484375	0.30078125	-1.0	7.0	38
話	0.630615234375	0.291015625	0.64013671875	0.30078125	-1.0	7.0	38
該	0.690673828125	0.617431640625	0.7001953125	0.626953125	0.0	7.0	38
詳	0.62060546875	0.291015625	0.630126953125	0.30078125	0.0	7.0	38
詹	0.610595703125	0.291015625	0.6201171875	0.30078125	-1.0	7.0	38
詻	0.7177734375	0.0703125	0.7275390625	0.080078125	-1.0	7.0	38
詼	0.70751953125	0.0703125	0.71728515625	0.080078125	-1.0	7.0	38
誅	0.6005859375	0.291015625	0.610107421875	0.30078125	0.0	7.0	38
誇	0.41015625	0.48095703125	0.419921875	0.490478515625	-1.0	7.0	38
誉	0.6767578125	0.070556640625	0.6865234375	0.080322265625	-1.0	7.0	38
誊	0.66650390625	0.070556640625	0.67626953125	0.080322265625	-1.0	7.0	38
誌	0.39990234375	0.52978515625	0.40966796875	0.539306640625	-1.0	7.0	38
認	0.3896484375	0.52978515625	0.3994140625	0.539306640625	-1.0	7.0	38
誑	0.70068359375	0.617431640625	0.710205078125	0.626953125	-1.0	7.0	38
誓	0.560546875	0.291015625	0.570068359375	0.30078125	0.0	7.0	38
誕	0.927001953125	0.0	0.936767578125	0.009765625	-1.0	7.0	38
誘	0.615234375	0.07080078125	0.625	0.08056640625	-1.0	7.0	38
誚	0.64453125	0.4111328125	0.65380859375	0.4208984375	-1.0	7.0	38
語	0.54052734375	0.291015625	0.550048828125	0.30078125	-1.0	7.0	38
誠	0.58447265625	0.07080078125	0.59423828125	0.08056640625	-1.0	7.0	38
誡	0.37939453125	0.530029296875	0.38916015625	0.53955078125	-1.0	7.0	38
誣	0.369140625	0.530029296875	0.37890625	0.53955078125	-1.0	7.0	38
誤	0.510498046875	0.291015625	0.52001953125	0.30078125	-1.0	7.0	38
誥	0.54345703125	0.07080078125	0.55322265625	0.08056640625	-1.0	7.0	38
誦	0.009521484375	0.70703125	0.0185546875	0.716552734375	-1.0	7.0	38
誧	0.50048828125	0.291015625	0.510009765625	0.30078125	-1.0	7.0	38
誨	0.07177734375	0.560546875	0.08154296875	0.570068359375	-1.0	7.0	38
說	0.5126953125	0.07080078125	0.5224609375	0.08056640625	-1.0	7.0	38
誰	0.48046875	0.291015625	0.489990234375	0.30078125	-1.0	7.0	38
課	0.4921875	0.07080078125	0.501953125	0.08056640625	-1.0	7.0	38
誶	0.48193359375	0.07080078125	0.49169921875	0.08056640625	-1.0	7.0	38
誹	0.470458984375	0.291015625	0.47998046875	0.30078125	-1.0	7.0	38
誼	0.710693359375	0.617431640625	0.72021484375	0.626953125	-1.0	7.0	38
調	0.615234375	0.4111328125	0.62451171875	0.4208984375	-1.0	7.0	38
諂	0.60546875	0.4111328125	0.61474609375	0.4208984375	-1.0	7.0	38
諄	0.35888671875	0.530029296875	0.36865234375	0.53955078125	-1.0	7.0	38
談	0.4306640625	0.07080078125	0.4404296875	0.08056640625	-1.0	7.0	38
諉	0.42041015625	0.07080078125	0.43017578125	0.08056640625	-1.0	7.0	38
請	0.430419921875	0.291015625	0.43994140625	0.30078125	-1.0	7.0	38
諍	0.730712890625	0.6171875	0.740234375	0.626708984375	-1.0	7.0	38
諒	0.74072265625	0.6171875	0.750244140625	0.626708984375	0.0	7.0	38
論	0.39990234375	0.07080078125	0.40966796875	0.08056640625	-1.0	7.0	38
諛	0.42041015625	0.291015625	0.429931640625	0.30078125	-1.0	7.0	38
諜	0.37939453125	0.07080078125	0.38916015625	0.08056640625	-1.0	7.0	38
諦	0.410400390625	0.291015625	0.419921875	0.30078125	-1.0	7.0	38
諧	0.400390625	0.291015625	0.409912109375	0.30078125	-1.0	7.0	38
諫	0.3486328125	0.071044921875	0.3583984375	0.080810546875	-1.0	7.0	38
諭	0.33837890625	0.071044921875	0.34814453125	0.080810546875	-1.0	7.0	38
諮	0.3486328125	0.530029296875	0.3583984375	0.53955078125	-1.0	7.0	38
諱	0.31787109375	0.071044921875	0.32763671875	0.080810546875	-1.0	7.0	38
諳	0.3076171875	0.071044921875	0.3173828125	0.080810546875	-1.0	7.0	38
諶	0.750732421875	0.616943359375	0.76025390625	0.62646484375	-1.0	7.0	38
諷	0.29736328125	0.071044921875	0.30712890625	0.080810546875	-1.0	7.0	38
諸	0.38037109375	0.291015625	0.389892578125	0.30078125	-1.0	7.0	38
諺	0.370361328125	0.291015625	0.3798828125	0.30078125	-1.0	7.0	38
諼	0.2666015625	0.071044921875	0.2763671875	0.080810546875	-1.0	7.0	38
諾	0.3603515625	0.291259765625	0.369873046875	0.301025390625	-1.0	7.0	38
謀	0.24609375	0.071044921875	0.255859375	0.080810546875	-1.0	7.0	38
謁	0.537109375	0.68603515625	0.54638671875	0.695556640625	-1.0	7.0	38
謂	0.576171875	0.4111328125	0.58544921875	0.4208984375	-1.0	7.0	38
謄	0.2255859375	0.0712890625	0.2353515625	0.0810546875	-1.0	7.0	38
謇	0.21533203125	0.071533203125	0.22509765625	0.081298828125	-1.0	7.0	38
謊	0.205078125	0.072265625	0.21484375	0.08203125	-1.0	7.0	38
謎	0.34033203125	0.291259765625	0.349853515625	0.301025390625	-1.0	7.0	38
謐	0.7607421875	0.616943359375	0.770263671875	0.62646484375	-1.0	7.0	38
謗	0.330322265625	0.291259765625	0.33984375	0.301025390625	0.0	7.0	38
謙	0.17431640625	0.072265625	0.18408203125	0.08203125	-1.0	7.0	38
講	0.770751953125	0.616943359375	0.7802734375	0.62646484375	-1.0	7.0	38
謝	0.78076171875	0.616943359375	0.790283203125	0.62646484375	-1.0	7.0	38
謠	0.3203125	0.291259765625	0.329833984375	0.301025390625	-1.0	7.0	38
謦	0.15380859375	0.072265625	0.16357421875	0.08203125	-1.0	7.0	38
謨	0.310302734375	0.291259765625	0.31982421875	0.301025390625	-1.0	7.0	38
謫	0.30029296875	0.291259765625	0.309814453125	0.301025390625	-1.0	7.0	38
謬	0.123046875	0.072265625	0.1328125	0.08203125	-1.0	7.0	38
謹	0.33837890625	0.530029296875	0.34814453125	0.53955078125	-1.0	7.0	38
譁	0.790771484375	0.616943359375	0.80029296875	0.62646484375	-1.0	7.0	38
譆	0.1025390625	0.072265625	0.1123046875	0.08203125	-1.0	7.0	38
證	0.80078125	0.616943359375	0.810302734375	0.62646484375	-1.0	7.0	38
譎	0.2802734375	0.291259765625	0.289794921875	0.301025390625	-1.0	7.0	38
譏	0.270263671875	0.291259765625	0.27978515625	0.301025390625	-1.0	7.0	38
識	0.07177734375	0.072265625	0.08154296875	0.08203125	-1.0	7.0	38
譙	0.0615234375	0.072265625	0.0712890625	0.08203125	-1.0	7.0	38
譚	0.05126953125	0.072265625	0.06103515625	0.08203125	-1.0	7.0	38
譜	0.82080078125	0.616943359375	0.830322265625	0.62646484375	-1.0	7.0	38
譟	0.041015625	0.072265625	0.05078125	0.08203125	-1.0	7.0	38
警	0.26025390625	0.291259765625	0.269775390625	0.301025390625	-1.0	7.0	38
譫	0.250244140625	0.291259765625	0.259765625	0.301025390625	-1.0	7.0	38
譬	0.830810546875	0.616943359375	0.84033203125	0.62646484375	-1.0	7.0	38
譯	0.01025390625	0.072265625	0.02001953125	0.08203125	-1.0	7.0	38
議	0.240234375	0.291259765625	0.249755859375	0.301025390625	0.0	7.0	38
譴	0.8408203125	0.616943359375	0.850341796875	0.62646484375	-1.0	7.0	38
護	0.984375	0.06005859375	0.994140625	0.06982421875	-1.0	7.0	38
譽	0.328125	0.530029296875	0.337890625	0.53955078125	-1.0	7.0	38
讀	0.22021484375	0.291748046875	0.229736328125	0.301513671875	-1.0	7.0	38
變	0.210205078125	0.29248046875	0.2197265625	0.30224609375	-1.0	7.0	38
讒	0.2001953125	0.29248046875	0.209716796875	0.30224609375	-1.0	7.0	38
讓	0.190185546875	0.29248046875	0.19970703125	0.30224609375	-1.0	7.0	38
讖	0.18017578125	0.29248046875	0.189697265625	0.30224609375	-1.0	7.0	38
讚	0.170166015625	0.29248046875	0.1796875	0.30224609375	-1.0	7.0	38
讜	0.16015625	0.29248046875	0.169677734375	0.30224609375	-1.0	7.0	38
讠	0.99462890625	0.54833984375	0.99951171875	0.5576171875	0.0	8.0	38
计	0.150146484375	0.29248046875	0.15966796875	0.30224609375	-1.0	7.0	38
订	0.11279296875	0.7646484375	0.12255859375	0.77392578125	-1.0	8.0	38
讣	0.90087890625	0.616943359375	0.910400390625	0.62646484375	-1.0	8.0	38
认	0.13330078125	0.7646484375	0.14306640625	0.77392578125	-1.0	8.0	38
讥	0.31787109375	0.530029296875	0.32763671875	0.53955078125	-1.0	8.0	38
讦	0.38037109375	0.772705078125	0.389892578125	0.781982421875	-1.0	8.0	38
讧	0.46142578125	0.85791015625	0.47119140625	0.866943359375	-1.0	8.0	38
讨	0.3076171875	0.530029296875	0.3173828125	0.53955078125	-1.0	7.0	38
让	0.5126953125	0.85791015625	0.5224609375	0.866943359375	-1.0	8.0	38
讪	0.380859375	0.810791015625	0.39013671875	0.820068359375	-1.0	8.0	38
讫	0.950927734375	0.616943359375	0.96044921875	0.62646484375	-1.0	7.0	38
训	0.8984375	0.685302734375	0.90771484375	0.69482421875	-1.0	8.0	38
议	0.861328125	0.060302734375	0.87109375	0.070068359375	-1.0	7.0	38
讯	0.29736328125	0.530029296875	0.30712890625	0.53955078125	-1.0	8.0	38
记	0.25634765625	0.7353515625	0.26611328125	0.74462890625	-1.0	8.0	38
讲	0.9609375	0.616943359375	0.970458984375	0.62646484375	-1.0	8.0	38
讳	0.110107421875	0.29248046875	0.11962890625	0.30224609375	-1.0	7.0	38
讴	0.430419921875	0.7724609375	0.43994140625	0.78173828125	-1.0	8.0	38
讵	0.470458984375	0.7724609375	0.47998046875	0.78173828125	-1.0	8.0	38
讶	0.48046875	0.7724609375	0.489990234375	0.78173828125	-1.0	8.0	38
讷	0.517578125	0.4111328125	0.52685546875	0.4208984375	-1.0	7.0	38
许	0.287109375	0.530029296875	0.296875	0.53955078125	-1.0	7.0	38
讹	0.27685546875	0.530029296875	0.28662109375	0.53955078125	-1.0	8.0	38
论	0.87158203125	0.7431640625	0.88134765625	0.75244140625	-1.0	8.0	38
讼	0.2666015625	0.530029296875	0.2763671875	0.53955078125	-1.0	7.0	38
讽	0.25634765625	0.530029296875	0.26611328125	0.53955078125	-1.0	8.0	38
设	0.970947265625	0.61669921875	0.98046875	0.626220703125	-1.0	8.0	38
访	0.050048828125	0.29248046875	0.0595703125	0.30224609375	-1.0	7.0	38
诀	0.76904296875	0.060302734375	0.77880859375	0.070068359375	-1.0	7.0	38
证	0.450439453125	0.8671875	0.4599609375	0.876220703125	-1.0	8.0	38
诂	0.50048828125	0.7724609375	0.510009765625	0.78173828125	-1.0	8.0	38
诃	0.5205078125	0.7724609375	0.530029296875	0.78173828125	-1.0	8.0	38
评	0.48193359375	0.734375	0.49169921875	0.74365234375	-1.0	8.0	38
诅	0.48779296875	0.8486328125	0.49755859375	0.857666015625	-1.0	8.0	38
识	0.50244140625	0.734375	0.51220703125	0.74365234375	-1.0	8.0	38
诈	0.7587890625	0.060302734375	0.7685546875	0.070068359375	-1.0	7.0	38
诉	0.98095703125	0.61669921875	0.990478515625	0.626220703125	-1.0	8.0	38
诊	0.74853515625	0.060302734375	0.75830078125	0.070068359375	-1.0	7.0	38
诋	0.24609375	0.5302734375	0.255859375	0.539794921875	-1.0	8.0	38
诌	0.458984375	0.4111328125	0.46826171875	0.4208984375	-1.0	7.0	38
词	0.75927734375	0.829345703125	0.768310546875	0.838623046875	-1.0	8.0	38
诎	0.1171875	0.82177734375	0.12646484375	0.8310546875	-1.0	8.0	38
诏	0.107421875	0.697265625	0.11669921875	0.706787109375	-1.0	8.0	38
译	0.23583984375	0.530517578125	0.24560546875	0.5400390625	-1.0	8.0	38
诒	0.70751953125	0.060302734375	0.71728515625	0.070068359375	-1.0	7.0	38
诓	0.54052734375	0.7724609375	0.550048828125	0.78173828125	-1.0	8.0	38
诔	0.697265625	0.060546875	0.70703125	0.0703125	-1.0	7.0	38
试	0.68701171875	0.060546875	0.69677734375	0.0703125	-1.0	7.0	38
诖	0.570556640625	0.7724609375	0.580078125	0.78173828125	-1.0	8.0	38
诗	0.2255859375	0.53125	0.2353515625	0.540771484375	-1.0	7.0	38
诘	0.0	0.62890625	0.009521484375	0.638427734375	-1.0	8.0	38
诙	0.21533203125	0.53125	0.22509765625	0.540771484375	-1.0	8.0	38
诚	0.65625	0.060546875	0.666015625	0.0703125	-1.0	7.0	38
诛	0.64599609375	0.060546875	0.65576171875	0.0703125	-1.0	7.0	38
诜	0.205078125	0.53125	0.21484375	0.540771484375	-1.0	8.0	38
话	0.010009765625	0.62890625	0.01953125	0.638427734375	-1.0	8.0	38
诞	0.19482421875	0.53125	0.20458984375	0.540771484375	-1.0	8.0	38
诟	0.02001953125	0.62890625	0.029541015625	0.638427734375	-1.0	8.0	38
诠	0.7998046875	0.733642578125	0.8095703125	0.742919921875	-1.0	7.0	38
诡	0.9609375	0.2802734375	0.970458984375	0.2900390625	-1.0	7.0	38
询	0.2734375	0.696044921875	0.28271484375	0.70556640625	-1.0	7.0	38
诣	0.60498046875	0.060791015625	0.61474609375	0.070556640625	-1.0	7.0	38
诤	0.030029296875	0.62890625	0.03955078125	0.638427734375	-1.0	7.0	38
该	0.950927734375	0.2802734375	0.96044921875	0.2900390625	-1.0	7.0	38
详	0.94091796875	0.2802734375	0.950439453125	0.2900390625	-1.0	7.0	38
诧	0.0400390625	0.62890625	0.049560546875	0.638427734375	-1.0	7.0	38
诨	0.1845703125	0.53125	0.1943359375	0.540771484375	-1.0	8.0	38
诩	0.380859375	0.8203125	0.39013671875	0.82958984375	-1.0	8.0	38
诫	0.17431640625	0.53125	0.18408203125	0.540771484375	-1.0	8.0	38
诬	0.38525390625	0.848876953125	0.39501953125	0.85791015625	-1.0	8.0	38
语	0.050048828125	0.62890625	0.0595703125	0.638427734375	-1.0	8.0	38
诮	0.380859375	0.4111328125	0.39013671875	0.4208984375	-1.0	7.0	38
误	0.1640625	0.53125	0.173828125	0.540771484375	-1.0	8.0	38
诰	0.890869140625	0.280517578125	0.900390625	0.290283203125	-1.0	7.0	38
诱	0.15380859375	0.53125	0.16357421875	0.540771484375	-1.0	8.0	38
诲	0.13330078125	0.53125	0.14306640625	0.540771484375	-1.0	7.0	38
诳	0.590576171875	0.7724609375	0.60009765625	0.78173828125	-1.0	8.0	38
说	0.50244140625	0.060791015625	0.51220703125	0.070556640625	-1.0	7.0	38
诵	0.478515625	0.820068359375	0.48779296875	0.829345703125	-1.0	8.0	38
诶	0.86083984375	0.280517578125	0.870361328125	0.290283203125	-1.0	7.0	38
请	0.123046875	0.53125	0.1328125	0.540771484375	-1.0	7.0	38
诸	0.8408203125	0.280517578125	0.850341796875	0.290283203125	-1.0	7.0	38
诹	0.11279296875	0.74560546875	0.12255859375	0.7548828125	-1.0	8.0	38
诺	0.6005859375	0.7724609375	0.610107421875	0.78173828125	-1.0	8.0	38
读	0.830810546875	0.280517578125	0.84033203125	0.290283203125	-1.0	7.0	38
诼	0.610595703125	0.7724609375	0.6201171875	0.78173828125	-1.0	8.0	38
诽	0.62060546875	0.7724609375	0.630126953125	0.78173828125	-1.0	8.0	38
课	0.11279296875	0.53125	0.12255859375	0.540771484375	-1.0	8.0	38
诿	0.1025390625	0.53125	0.1123046875	0.540771484375	-1.0	8.0	38
谀	0.80078125	0.280517578125	0.810302734375	0.290283203125	-1.0	7.0	38
谁	0.790771484375	0.280517578125	0.80029296875	0.290283203125	-1.0	7.0	38
谂	0.205078125	0.74560546875	0.21484375	0.7548828125	-1.0	8.0	38
调	0.419921875	0.69580078125	0.42919921875	0.705322265625	-1.0	8.0	38
谄	0.3125	0.411376953125	0.32177734375	0.421142578125	-1.0	7.0	38
谅	0.06005859375	0.62890625	0.069580078125	0.638427734375	-1.0	7.0	38
谆	0.070068359375	0.62890625	0.07958984375	0.638427734375	-1.0	7.0	38
谇	0.770751953125	0.280517578125	0.7802734375	0.290283203125	-1.0	7.0	38
谈	0.3896484375	0.060791015625	0.3994140625	0.070556640625	-1.0	7.0	38
谊	0.080078125	0.62890625	0.089599609375	0.638427734375	-1.0	7.0	38
谋	0.090087890625	0.62890625	0.099609375	0.638427734375	-1.0	8.0	38
谌	0.10009765625	0.62890625	0.109619140625	0.638427734375	-1.0	7.0	38
谍	0.7607421875	0.280517578125	0.770263671875	0.290283203125	-1.0	7.0	38
谎	0.369140625	0.060791015625	0.37890625	0.070556640625	-1.0	7.0	38
谏	0.35888671875	0.060791015625	0.36865234375	0.070556640625	-1.0	7.0	38
谐	0.110107421875	0.62890625	0.11962890625	0.638427734375	-1.0	8.0	38
谑	0.630615234375	0.7724609375	0.64013671875	0.78173828125	-1.0	8.0	38
谒	0.771484375	0.819580078125	0.78076171875	0.828857421875	-1.0	8.0	38
谓	0.87890625	0.8193359375	0.88818359375	0.82861328125	-1.0	8.0	38
谔	0.640625	0.7724609375	0.650146484375	0.78173828125	-1.0	8.0	38
谕	0.09228515625	0.53125	0.10205078125	0.540771484375	-1.0	7.0	38
谖	0.08203125	0.53125	0.091796875	0.540771484375	-1.0	8.0	38
谗	0.31787109375	0.06103515625	0.32763671875	0.07080078125	-1.0	7.0	38
谘	0.3076171875	0.06103515625	0.3173828125	0.07080078125	-1.0	7.0	38
谙	0.720703125	0.280517578125	0.730224609375	0.290283203125	-1.0	7.0	38
谚	0.710693359375	0.28076171875	0.72021484375	0.29052734375	-1.0	7.0	38
谛	0.2734375	0.411376953125	0.28271484375	0.421142578125	-1.0	7.0	38
谜	0.2666015625	0.06103515625	0.2763671875	0.07080078125	-1.0	7.0	38
谝	0.25390625	0.4013671875	0.26318359375	0.4111328125	-1.0	7.0	38
谟	0.6806640625	0.28076171875	0.690185546875	0.29052734375	-1.0	7.0	38
谠	0.670654296875	0.28076171875	0.68017578125	0.29052734375	-1.0	7.0	38
谡	0.07177734375	0.53125	0.08154296875	0.540771484375	-1.0	8.0	38
谢	0.0615234375	0.53125	0.0712890625	0.540771484375	-1.0	7.0	38
谣	0.1201171875	0.62890625	0.129638671875	0.638427734375	-1.0	8.0	38
谤	0.205078125	0.062255859375	0.21484375	0.072021484375	-1.0	7.0	38
谥	0.6767578125	0.743896484375	0.6865234375	0.753173828125	-1.0	7.0	38
谦	0.19482421875	0.062255859375	0.20458984375	0.072021484375	-1.0	7.0	38
谧	0.05126953125	0.53125	0.06103515625	0.540771484375	-1.0	7.0	38
谨	0.041015625	0.53125	0.05078125	0.540771484375	-1.0	7.0	38
谩	0.66064453125	0.7724609375	0.670166015625	0.78173828125	-1.0	9.0	38
谪	0.62060546875	0.281005859375	0.630126953125	0.290771484375	-1.0	7.0	38
谫	0.610595703125	0.281005859375	0.6201171875	0.290771484375	-1.0	7.0	38
谬	0.03076171875	0.53125	0.04052734375	0.540771484375	-1.0	8.0	38
谭	0.0205078125	0.53125	0.0302734375	0.540771484375	-1.0	8.0	38
谮	0.01025390625	0.53125	0.02001953125	0.540771484375	-1.0	8.0	38
谯	0.570556640625	0.281005859375	0.580078125	0.290771484375	-1.0	7.0	38
谰	0.78125	0.695068359375	0.79052734375	0.70458984375	-1.0	7.0	38
谱	0.560546875	0.281005859375	0.570068359375	0.290771484375	-1.0	7.0	38
谲	0.670654296875	0.7724609375	0.68017578125	0.78173828125	-1.0	8.0	38
谳	0.09228515625	0.062255859375	0.10205078125	0.072021484375	-1.0	7.0	38
谴	0.08203125	0.062255859375	0.091796875	0.072021484375	-1.0	7.0	38
谵	0.550537109375	0.281005859375	0.56005859375	0.290771484375	-1.0	7.0	38
谶	0.0615234375	0.062255859375	0.0712890625	0.072021484375	-1.0	7.0	38
谷	0.54052734375	0.281005859375	0.550048828125	0.290771484375	-1.0	7.0	38
谿	0.0	0.53125	0.009765625	0.540771484375	-1.0	8.0	38
豁	0.03076171875	0.062255859375	0.04052734375	0.072021484375	-1.0	7.0	38
豆	0.4130859375	0.904052734375	0.422607421875	0.91259765625	-1.0	10.0	38
豇	0.39306640625	0.904052734375	0.402587890625	0.91259765625	-1.0	10.0	38
豈	0.130126953125	0.62890625	0.1396484375	0.638427734375	-1.0	7.0	38
豉	0.984375	0.51904296875	0.994140625	0.528564453125	-1.0	8.0	38
豌	0.01025390625	0.062255859375	0.02001953125	0.072021484375	-1.0	7.0	38
豎	0.98486328125	0.885009765625	0.994384765625	0.893798828125	-1.0	9.0	38
豐	0.1171875	0.812255859375	0.12646484375	0.821533203125	0.0	7.0	38
豔	0.14013671875	0.62890625	0.149658203125	0.638427734375	-1.0	7.0	38
豕	0.26220703125	0.850341796875	0.27197265625	0.859375	-1.0	9.0	38
豚	0.251953125	0.850341796875	0.26171875	0.859375	-1.0	10.0	38
象	0.97412109375	0.51904296875	0.98388671875	0.528564453125	-1.0	7.0	38
豢	0.150146484375	0.62890625	0.15966796875	0.638427734375	-1.0	7.0	38
豪	0.16015625	0.62890625	0.169677734375	0.638427734375	0.0	7.0	38
豫	0.9638671875	0.51904296875	0.9736328125	0.528564453125	-1.0	7.0	38
豬	0.97412109375	0.050048828125	0.98388671875	0.059814453125	-1.0	7.0	38
豭	0.1025390625	0.755126953125	0.1123046875	0.764404296875	-1.0	9.0	38
豳	0.07421875	0.716796875	0.0830078125	0.726318359375	1.0	8.0	38
豸	0.10107421875	0.716796875	0.109375	0.726318359375	2.0	7.0	38
豹	0.15625	0.658203125	0.16552734375	0.667724609375	-1.0	7.0	38
豺	0.95361328125	0.519287109375	0.96337890625	0.52880859375	-1.0	7.0	38
貂	0.13671875	0.41259765625	0.14599609375	0.42236328125	-1.0	7.0	38
貅	0.943359375	0.050048828125	0.953125	0.059814453125	-1.0	7.0	38
貉	0.93310546875	0.050048828125	0.94287109375	0.059814453125	-1.0	7.0	38
貊	0.170166015625	0.62890625	0.1796875	0.638427734375	-1.0	7.0	38
貌	0.9228515625	0.05029296875	0.9326171875	0.06005859375	-1.0	7.0	38
貍	0.943359375	0.519287109375	0.953125	0.52880859375	-1.0	7.0	38
貓	0.90234375	0.05029296875	0.912109375	0.06005859375	-1.0	7.0	38
貔	0.89208984375	0.05029296875	0.90185546875	0.06005859375	-1.0	7.0	38
貘	0.46044921875	0.281005859375	0.469970703125	0.290771484375	-1.0	7.0	38
貝	0.68359375	0.810546875	0.69287109375	0.81982421875	0.0	9.0	38
貞	0.450439453125	0.281005859375	0.4599609375	0.290771484375	-1.0	7.0	38
負	0.1171875	0.41259765625	0.12646484375	0.42236328125	-1.0	7.0	38
財	0.93310546875	0.519287109375	0.94287109375	0.52880859375	-1.0	7.0	38
貢	0.74072265625	0.772216796875	0.750244140625	0.781494140625	-1.0	9.0	38
貧	0.42041015625	0.281005859375	0.429931640625	0.290771484375	-1.0	7.0	38
貨	0.410400390625	0.281005859375	0.419921875	0.290771484375	-1.0	7.0	38
販	0.750732421875	0.772216796875	0.76025390625	0.781494140625	-1.0	9.0	38
貪	0.81005859375	0.05029296875	0.81982421875	0.06005859375	-1.0	7.0	38
貫	0.7607421875	0.77197265625	0.770263671875	0.78125	-1.0	9.0	38
責	0.087890625	0.41259765625	0.09716796875	0.42236328125	0.0	7.0	38
貯	0.9228515625	0.519287109375	0.9326171875	0.52880859375	-1.0	7.0	38
貲	0.18017578125	0.62890625	0.189697265625	0.638427734375	-1.0	8.0	38
貳	0.190185546875	0.62890625	0.19970703125	0.638427734375	0.0	8.0	38
貴	0.2001953125	0.62890625	0.209716796875	0.638427734375	-1.0	8.0	38
貶	0.22119140625	0.850341796875	0.23095703125	0.859375	-1.0	9.0	38
買	0.8984375	0.809814453125	0.90771484375	0.819091796875	0.0	9.0	38
貸	0.370361328125	0.281005859375	0.3798828125	0.290771484375	-1.0	7.0	38
費	0.3603515625	0.28125	0.369873046875	0.291015625	-1.0	7.0	38
貼	0.91259765625	0.519287109375	0.92236328125	0.52880859375	-1.0	8.0	38
貽	0.34033203125	0.28125	0.349853515625	0.291015625	-1.0	7.0	38
貿	0.478515625	0.65673828125	0.48779296875	0.666259765625	0.0	8.0	38
賀	0.330322265625	0.28125	0.33984375	0.291015625	-1.0	7.0	38
賁	0.210205078125	0.62890625	0.2197265625	0.638427734375	-1.0	8.0	38
賂	0.72802734375	0.05029296875	0.73779296875	0.06005859375	-1.0	7.0	38
賃	0.7177734375	0.05029296875	0.7275390625	0.06005859375	-1.0	7.0	38
賄	0.90234375	0.519287109375	0.912109375	0.52880859375	-1.0	7.0	38
賅	0.697265625	0.050537109375	0.70703125	0.060302734375	-1.0	7.0	38
資	0.310302734375	0.28125	0.31982421875	0.291015625	0.0	7.0	38
賈	0.322265625	0.820556640625	0.33154296875	0.829833984375	0.0	9.0	38
賊	0.89208984375	0.519287109375	0.90185546875	0.52880859375	-1.0	7.0	38
賑	0.5947265625	0.75341796875	0.6044921875	0.7626953125	-1.0	9.0	38
賒	0.22021484375	0.62890625	0.229736328125	0.638427734375	-1.0	8.0	38
賓	0.290283203125	0.28125	0.2998046875	0.291015625	-1.0	7.0	38
賜	0.0	0.87841796875	0.00927734375	0.887451171875	-1.0	9.0	38
賞	0.2802734375	0.28125	0.289794921875	0.291015625	-1.0	7.0	38
賠	0.64599609375	0.050537109375	0.65576171875	0.060302734375	-1.0	7.0	38
賡	0.270263671875	0.28125	0.27978515625	0.291015625	-1.0	7.0	38
賢	0.790771484375	0.771728515625	0.80029296875	0.781005859375	-1.0	9.0	38
賣	0.26025390625	0.28125	0.269775390625	0.291015625	-1.0	7.0	38
賤	0.615234375	0.05078125	0.625	0.060546875	-1.0	7.0	38
賦	0.60498046875	0.05078125	0.61474609375	0.060546875	-1.0	7.0	38
質	0.230224609375	0.62890625	0.23974609375	0.638427734375	-1.0	8.0	38
賬	0.74853515625	0.753173828125	0.75830078125	0.762451171875	-1.0	9.0	38
賭	0.5947265625	0.05078125	0.6044921875	0.060546875	-1.0	7.0	38
賴	0.58447265625	0.05078125	0.59423828125	0.060546875	-1.0	7.0	38
賸	0.57421875	0.05078125	0.583984375	0.060546875	-1.0	7.0	38
賺	0.56396484375	0.05078125	0.57373046875	0.060546875	-1.0	7.0	38
賻	0.8818359375	0.519287109375	0.8916015625	0.52880859375	-1.0	7.0	38
購	0.8408203125	0.752685546875	0.8505859375	0.761962890625	-1.0	8.0	38
賽	0.240234375	0.28125	0.249755859375	0.291015625	-1.0	7.0	38
贅	0.230224609375	0.281494140625	0.23974609375	0.291259765625	-1.0	7.0	38
贈	0.22021484375	0.28173828125	0.229736328125	0.29150390625	-1.0	7.0	38
贊	0.5126953125	0.05078125	0.5224609375	0.060546875	-1.0	7.0	38
贍	0.2001953125	0.282470703125	0.209716796875	0.292236328125	-1.0	7.0	38
贏	0.48193359375	0.05078125	0.49169921875	0.060546875	-1.0	7.0	38
贓	0.87158203125	0.519287109375	0.88134765625	0.52880859375	-1.0	8.0	38
贖	0.46142578125	0.05078125	0.47119140625	0.060546875	-1.0	7.0	38
贗	0.810791015625	0.771728515625	0.8203125	0.781005859375	-1.0	9.0	38
贛	0.18017578125	0.282470703125	0.189697265625	0.292236328125	-1.0	7.0	38
贝	0.3974609375	0.829833984375	0.406494140625	0.839111328125	0.0	9.0	38
贞	0.009765625	0.41259765625	0.01904296875	0.42236328125	0.0	7.0	38
负	0.16015625	0.282470703125	0.169677734375	0.292236328125	-1.0	7.0	38
贡	0.615234375	0.810546875	0.62451171875	0.81982421875	0.0	9.0	38
财	0.861328125	0.519287109375	0.87109375	0.52880859375	-1.0	7.0	38
责	0.14013671875	0.282470703125	0.149658203125	0.292236328125	-1.0	7.0	38
贤	0.849609375	0.656005859375	0.85888671875	0.66552734375	0.0	8.0	38
败	0.39990234375	0.05078125	0.40966796875	0.060546875	-1.0	7.0	38
账	0.85107421875	0.519287109375	0.86083984375	0.52880859375	-1.0	8.0	38
货	0.1201171875	0.282470703125	0.129638671875	0.292236328125	0.0	7.0	38
质	0.8408203125	0.519287109375	0.8505859375	0.52880859375	-1.0	8.0	38
贩	0.08203125	0.7646484375	0.091796875	0.77392578125	-1.0	9.0	38
贪	0.35888671875	0.05078125	0.36865234375	0.060546875	-1.0	7.0	38
贫	0.3486328125	0.051025390625	0.3583984375	0.060791015625	-1.0	7.0	38
贬	0.3076171875	0.8583984375	0.3173828125	0.867431640625	-1.0	9.0	38
购	0.966796875	0.400390625	0.97607421875	0.41015625	-1.0	7.0	38
贮	0.83056640625	0.519287109375	0.84033203125	0.52880859375	-1.0	7.0	38
贯	0.166015625	0.812255859375	0.17529296875	0.821533203125	0.0	9.0	38
贰	0.080078125	0.282470703125	0.089599609375	0.292236328125	0.0	7.0	38
贱	0.3076171875	0.051025390625	0.3173828125	0.060791015625	-1.0	7.0	38
贲	0.070068359375	0.282470703125	0.07958984375	0.292236328125	0.0	7.0	38
贳	0.06005859375	0.282470703125	0.069580078125	0.292236328125	-1.0	7.0	38
贴	0.27685546875	0.051025390625	0.28662109375	0.060791015625	-1.0	7.0	38
贵	0.050048828125	0.282470703125	0.0595703125	0.292236328125	-1.0	7.0	38
贶	0.2255859375	0.7646484375	0.2353515625	0.77392578125	-1.0	9.0	38
贷	0.0400390625	0.282470703125	0.049560546875	0.292236328125	-1.0	7.0	38
贸	0.685546875	0.70556640625	0.694580078125	0.715087890625	0.0	8.0	38
费	0.947265625	0.400390625	0.95654296875	0.41015625	-1.0	7.0	38
贺	0.9375	0.400634765625	0.94677734375	0.410400390625	-1.0	7.0	38
贻	0.2255859375	0.05126953125	0.2353515625	0.06103515625	-1.0	7.0	38
贼	0.8203125	0.519287109375	0.830078125	0.52880859375	-1.0	7.0	38
贽	0.0	0.282470703125	0.009521484375	0.292236328125	0.0	7.0	38
贾	0.82080078125	0.771728515625	0.830322265625	0.781005859375	-1.0	9.0	38
贿	0.98095703125	0.270263671875	0.990478515625	0.280029296875	-1.0	7.0	38
赀	0.0390625	0.66796875	0.04833984375	0.677490234375	0.0	8.0	38
赁	0.970947265625	0.270263671875	0.98046875	0.280029296875	-1.0	7.0	38
赂	0.9609375	0.270263671875	0.970458984375	0.280029296875	-1.0	7.0	38
赃	0.1640625	0.05224609375	0.173828125	0.06201171875	-1.0	7.0	38
资	0.950927734375	0.270263671875	0.96044921875	0.280029296875	-1.0	7.0	38
赅	0.1435546875	0.05224609375	0.1533203125	0.06201171875	-1.0	7.0	38
赆	0.1640625	0.736083984375	0.173828125	0.745361328125	-1.0	9.0	38
赇	0.81005859375	0.519287109375	0.81982421875	0.52880859375	-1.0	8.0	38
赈	0.1845703125	0.859619140625	0.1943359375	0.86865234375	-1.0	10.0	38
赉	0.930908203125	0.2705078125	0.9404296875	0.2802734375	-1.0	7.0	38
赊	0.7998046875	0.519287109375	0.8095703125	0.52880859375	-1.0	8.0	38
赋	0.1025390625	0.05224609375	0.1123046875	0.06201171875	-1.0	7.0	38
赌	0.910888671875	0.2705078125	0.92041015625	0.2802734375	-1.0	7.0	38
赍	0.90087890625	0.2705078125	0.910400390625	0.2802734375	0.0	7.0	38
赎	0.07177734375	0.05224609375	0.08154296875	0.06201171875	-1.0	7.0	38
赏	0.32373046875	0.451416015625	0.332763671875	0.461181640625	0.0	7.0	38
赐	0.56640625	0.820068359375	0.57568359375	0.829345703125	-1.0	9.0	38
赓	0.880859375	0.2705078125	0.890380859375	0.2802734375	-1.0	7.0	38
赔	0.041015625	0.05224609375	0.05078125	0.06201171875	-1.0	7.0	38
赕	0.03076171875	0.05224609375	0.04052734375	0.06201171875	-1.0	7.0	38
赖	0.0205078125	0.05224609375	0.0302734375	0.06201171875	-1.0	7.0	38
赘	0.01025390625	0.05224609375	0.02001953125	0.06201171875	-1.0	7.0	38
赙	0.78955078125	0.519287109375	0.79931640625	0.52880859375	-1.0	7.0	38
赚	0.86083984375	0.2705078125	0.870361328125	0.2802734375	-1.0	7.0	38
赛	0.850830078125	0.2705078125	0.8603515625	0.2802734375	-1.0	7.0	38
赜	0.87890625	0.400634765625	0.88818359375	0.410400390625	1.0	7.0	38
赝	0.830810546875	0.771728515625	0.84033203125	0.781005859375	-1.0	9.0	38
赞	0.95361328125	0.0400390625	0.96337890625	0.0498046875	-1.0	7.0	38
赠	0.869140625	0.400634765625	0.87841796875	0.410400390625	-1.0	7.0	38
赡	0.82080078125	0.2705078125	0.830322265625	0.2802734375	-1.0	7.0	38
赢	0.9228515625	0.040283203125	0.9326171875	0.050048828125	-1.0	7.0	38
赣	0.91259765625	0.040283203125	0.92236328125	0.050048828125	-1.0	7.0	38
赤	0.810791015625	0.2705078125	0.8203125	0.2802734375	-1.0	7.0	38
赦	0.89208984375	0.040283203125	0.90185546875	0.050048828125	-1.0	7.0	38
赧	0.8818359375	0.040283203125	0.8916015625	0.050048828125	-1.0	7.0	38
赫	0.87158203125	0.040283203125	0.88134765625	0.050048828125	-1.0	7.0	38
赭	0.80078125	0.2705078125	0.810302734375	0.2802734375	-1.0	7.0	38
走	0.240234375	0.628173828125	0.249755859375	0.6376953125	-1.0	7.0	38
赳	0.790771484375	0.2705078125	0.80029296875	0.2802734375	-1.0	7.0	38
赴	0.8408203125	0.040283203125	0.8505859375	0.050048828125	-1.0	7.0	38
赵	0.779296875	0.519287109375	0.7890625	0.52880859375	-1.0	8.0	38
赶	0.8203125	0.040283203125	0.830078125	0.050048828125	-1.0	7.0	38
起	0.81005859375	0.040283203125	0.81982421875	0.050048828125	-1.0	7.0	38
趁	0.76904296875	0.519287109375	0.77880859375	0.52880859375	-1.0	7.0	38
趄	0.7607421875	0.2705078125	0.770263671875	0.2802734375	-1.0	7.0	38
超	0.779296875	0.040283203125	0.7890625	0.050048828125	-1.0	7.0	38
越	0.76904296875	0.040283203125	0.77880859375	0.050048828125	-1.0	7.0	38
趋	0.7587890625	0.040283203125	0.7685546875	0.050048828125	-1.0	7.0	38
趑	0.74853515625	0.040283203125	0.75830078125	0.050048828125	-1.0	7.0	38
趔	0.73828125	0.040283203125	0.748046875	0.050048828125	-1.0	7.0	38
趕	0.750732421875	0.2705078125	0.76025390625	0.2802734375	-1.0	7.0	38
趙	0.7177734375	0.040283203125	0.7275390625	0.050048828125	-1.0	7.0	38
趟	0.70751953125	0.040283203125	0.71728515625	0.050048828125	-1.0	7.0	38
趣	0.697265625	0.04052734375	0.70703125	0.05029296875	-1.0	7.0	38
趨	0.74072265625	0.2705078125	0.750244140625	0.2802734375	-1.0	7.0	38
趱	0.6767578125	0.04052734375	0.6865234375	0.05029296875	-1.0	7.0	38
足	0.65625	0.75341796875	0.666015625	0.7626953125	-1.0	9.0	38
趴	0.6767578125	0.75341796875	0.6865234375	0.7626953125	-1.0	9.0	38
趵	0.13671875	0.66796875	0.14599609375	0.677490234375	-1.0	7.0	38
趸	0.7998046875	0.752685546875	0.8095703125	0.761962890625	-1.0	9.0	38
趺	0.7587890625	0.519287109375	0.7685546875	0.52880859375	-1.0	8.0	38
趼	0.575439453125	0.71533203125	0.585205078125	0.724609375	-1.0	9.0	38
趾	0.718994140625	0.715087890625	0.728759765625	0.724365234375	-1.0	7.0	38
趿	0.770263671875	0.714599609375	0.780029296875	0.723876953125	-1.0	9.0	38
跃	0.73828125	0.724609375	0.748046875	0.73388671875	-1.0	9.0	38
跄	0.74853515625	0.519287109375	0.75830078125	0.52880859375	-1.0	7.0	38
跆	0.64599609375	0.04052734375	0.65576171875	0.05029296875	-1.0	7.0	38
跋	0.6357421875	0.040771484375	0.6455078125	0.050537109375	-1.0	7.0	38
跌	0.73828125	0.519287109375	0.748046875	0.52880859375	-1.0	8.0	38
跎	0.8408203125	0.771728515625	0.850341796875	0.781005859375	-1.0	7.0	38
跏	0.009765625	0.66796875	0.01904296875	0.677490234375	-1.0	8.0	38
跑	0.2666015625	0.735107421875	0.2763671875	0.744384765625	-1.0	7.0	38
跖	0.96484375	0.885009765625	0.974365234375	0.893798828125	-1.0	10.0	38
跗	0.70751953125	0.519775390625	0.71728515625	0.529296875	-1.0	8.0	38
跚	0.123046875	0.7646484375	0.1328125	0.77392578125	-1.0	9.0	38
跛	0.60498046875	0.040771484375	0.61474609375	0.050537109375	-1.0	7.0	38
距	0.379638671875	0.885986328125	0.389404296875	0.894775390625	-1.0	9.0	38
跞	0.21533203125	0.859619140625	0.22509765625	0.86865234375	-1.0	9.0	38
跟	0.31787109375	0.73486328125	0.32763671875	0.744140625	-1.0	9.0	38
跡	0.65625	0.52001953125	0.666015625	0.529541015625	-1.0	7.0	38
跣	0.62548828125	0.52001953125	0.63525390625	0.529541015625	-1.0	8.0	38
跤	0.57421875	0.040771484375	0.583984375	0.050537109375	-1.0	7.0	38
跦	0.56396484375	0.040771484375	0.57373046875	0.050537109375	-1.0	7.0	38
跨	0.54345703125	0.52001953125	0.55322265625	0.529541015625	-1.0	7.0	38
跪	0.54345703125	0.040771484375	0.55322265625	0.050537109375	-1.0	7.0	38
跫	0.05126953125	0.74560546875	0.06103515625	0.7548828125	-1.0	9.0	38
跬	0.123046875	0.74560546875	0.1328125	0.7548828125	-1.0	7.0	38
路	0.533203125	0.040771484375	0.54296875	0.050537109375	-1.0	7.0	38
跳	0.52294921875	0.040771484375	0.53271484375	0.050537109375	-1.0	7.0	38
践	0.533203125	0.52001953125	0.54296875	0.529541015625	-1.0	7.0	38
跷	0.50244140625	0.040771484375	0.51220703125	0.050537109375	-1.0	7.0	38
跸	0.50244140625	0.52001953125	0.51220703125	0.529541015625	-1.0	8.0	38
跹	0.8203125	0.7431640625	0.830078125	0.75244140625	-1.0	8.0	38
跺	0.95361328125	0.7431640625	0.96337890625	0.75244140625	-1.0	9.0	38
跻	0.48193359375	0.040771484375	0.49169921875	0.050537109375	-1.0	7.0	38
跼	0.370361328125	0.867431640625	0.3798828125	0.87646484375	-1.0	9.0	38
跽	0.328125	0.8583984375	0.337890625	0.867431640625	-1.0	9.0	38
踅	0.4716796875	0.040771484375	0.4814453125	0.050537109375	-1.0	7.0	38
踉	0.46142578125	0.040771484375	0.47119140625	0.050537109375	-1.0	7.0	38
踊	0.95068359375	0.866455078125	0.9599609375	0.87548828125	-1.0	9.0	38
踌	0.250244140625	0.6279296875	0.259765625	0.637451171875	-1.0	7.0	38
踏	0.451171875	0.040771484375	0.4609375	0.050537109375	-1.0	7.0	38
踐	0.4306640625	0.040771484375	0.4404296875	0.050537109375	-1.0	7.0	38
踔	0.42041015625	0.040771484375	0.43017578125	0.050537109375	-1.0	7.0	38
踝	0.11279296875	0.736083984375	0.12255859375	0.745361328125	-1.0	9.0	38
踞	0.83056640625	0.72412109375	0.84033203125	0.7333984375	-1.0	9.0	38
踟	0.7421875	0.400634765625	0.75146484375	0.410400390625	-1.0	7.0	38
踡	0.31787109375	0.520263671875	0.32763671875	0.52978515625	-1.0	7.0	38
踢	0.322265625	0.876953125	0.33154296875	0.885986328125	-1.0	9.0	38
踣	0.3896484375	0.040771484375	0.3994140625	0.050537109375	-1.0	7.0	38
踩	0.81005859375	0.733642578125	0.81982421875	0.742919921875	-1.0	9.0	38
踪	0.205078125	0.521484375	0.21484375	0.531005859375	-1.0	7.0	38
踫	0.3076171875	0.763427734375	0.3173828125	0.772705078125	-1.0	7.0	38
踬	0.1640625	0.521484375	0.173828125	0.531005859375	-1.0	8.0	38
踮	0.3486328125	0.041015625	0.3583984375	0.05078125	-1.0	7.0	38
踯	0.26025390625	0.627685546875	0.269775390625	0.63720703125	-1.0	8.0	38
踱	0.33837890625	0.041015625	0.34814453125	0.05078125	-1.0	7.0	38
踴	0.880859375	0.771728515625	0.890380859375	0.781005859375	-1.0	9.0	38
踵	0.82470703125	0.885009765625	0.834228515625	0.893798828125	-1.0	9.0	38
踹	0.328125	0.041015625	0.337890625	0.05078125	-1.0	7.0	38
踺	0.31787109375	0.041015625	0.32763671875	0.05078125	-1.0	7.0	38
踽	0.7421875	0.65625	0.75146484375	0.665771484375	-1.0	8.0	38
蹀	0.3076171875	0.041015625	0.3173828125	0.05078125	-1.0	7.0	38
蹁	0.693359375	0.40087890625	0.70263671875	0.41064453125	-1.0	7.0	38
蹂	0.68701171875	0.75341796875	0.69677734375	0.7626953125	-1.0	9.0	38
蹄	0.570556640625	0.27099609375	0.580078125	0.28076171875	-1.0	7.0	38
蹇	0.27685546875	0.041015625	0.28662109375	0.05078125	-1.0	7.0	38
蹈	0.890869140625	0.771728515625	0.900390625	0.781005859375	-1.0	9.0	38
蹉	0.5126953125	0.75341796875	0.5224609375	0.7626953125	-1.0	7.0	38
蹊	0.15380859375	0.521484375	0.16357421875	0.531005859375	-1.0	8.0	38
蹋	0.17578125	0.878173828125	0.18505859375	0.88720703125	-1.0	9.0	38
蹑	0.37939453125	0.753662109375	0.38916015625	0.762939453125	-1.0	9.0	38
蹒	0.550537109375	0.27099609375	0.56005859375	0.28076171875	-1.0	7.0	38
蹕	0.25634765625	0.859619140625	0.26611328125	0.86865234375	-1.0	9.0	38
蹙	0.24609375	0.041015625	0.255859375	0.05078125	-1.0	7.0	38
蹟	0.23583984375	0.041015625	0.24560546875	0.05078125	-1.0	7.0	38
蹣	0.2255859375	0.041259765625	0.2353515625	0.051025390625	-1.0	7.0	38
蹤	0.21533203125	0.04150390625	0.22509765625	0.05126953125	-1.0	7.0	38
蹦	0.283203125	0.656982421875	0.29248046875	0.66650390625	-1.0	8.0	38
蹩	0.205078125	0.042236328125	0.21484375	0.052001953125	-1.0	7.0	38
蹬	0.3486328125	0.8583984375	0.3583984375	0.867431640625	-1.0	8.0	38
蹭	0.673828125	0.40087890625	0.68310546875	0.41064453125	-1.0	7.0	38
蹯	0.11279296875	0.521484375	0.12255859375	0.531005859375	-1.0	8.0	38
蹰	0.90087890625	0.771728515625	0.910400390625	0.781005859375	-1.0	9.0	38
蹲	0.17431640625	0.042236328125	0.18408203125	0.052001953125	-1.0	7.0	38
蹴	0.1640625	0.042236328125	0.173828125	0.052001953125	-1.0	7.0	38
蹶	0.328125	0.75390625	0.337890625	0.76318359375	-1.0	9.0	38
蹺	0.08203125	0.521484375	0.091796875	0.531005859375	-1.0	8.0	38
蹼	0.1435546875	0.042236328125	0.1533203125	0.052001953125	-1.0	7.0	38
蹿	0.510498046875	0.27099609375	0.52001953125	0.28076171875	-1.0	7.0	38
躁	0.29736328125	0.75390625	0.30712890625	0.76318359375	-1.0	9.0	38
躂	0.0615234375	0.521484375	0.0712890625	0.531005859375	-1.0	8.0	38
躅	0.234375	0.878173828125	0.24365234375	0.88720703125	-1.0	9.0	38
躇	0.0205078125	0.521484375	0.0302734375	0.531005859375	-1.0	8.0	38
躉	0.1025390625	0.042236328125	0.1123046875	0.052001953125	-1.0	7.0	38
躊	0.95361328125	0.509521484375	0.96337890625	0.51904296875	-1.0	7.0	38
躋	0.08203125	0.042236328125	0.091796875	0.052001953125	-1.0	7.0	38
躍	0.7177734375	0.74365234375	0.7275390625	0.7529296875	-1.0	9.0	38
躏	0.9228515625	0.509521484375	0.9326171875	0.51904296875	-1.0	7.0	38
躐	0.0615234375	0.042236328125	0.0712890625	0.052001953125	-1.0	7.0	38
躑	0.05126953125	0.042236328125	0.06103515625	0.052001953125	-1.0	7.0	38
躓	0.91259765625	0.509521484375	0.92236328125	0.51904296875	-1.0	8.0	38
躔	0.03076171875	0.042236328125	0.04052734375	0.052001953125	-1.0	7.0	38
躜	0.0205078125	0.042236328125	0.0302734375	0.052001953125	-1.0	7.0	38
躞	0.01025390625	0.042236328125	0.02001953125	0.052001953125	-1.0	7.0	38
躡	0.48193359375	0.743896484375	0.49169921875	0.753173828125	-1.0	9.0	38
躪	0.0	0.042236328125	0.009765625	0.052001953125	-1.0	7.0	38
身	0.450439453125	0.27099609375	0.4599609375	0.28076171875	-1.0	7.0	38
躬	0.556640625	0.69580078125	0.56591796875	0.705322265625	-1.0	7.0	38
躯	0.270263671875	0.627685546875	0.27978515625	0.63720703125	-1.0	7.0	38
躲	0.97412109375	0.030029296875	0.98388671875	0.039794921875	-1.0	7.0	38
躺	0.595703125	0.401123046875	0.60498046875	0.410888671875	-1.0	7.0	38
軀	0.2802734375	0.627685546875	0.289794921875	0.63720703125	-1.0	7.0	38
車	0.5859375	0.401123046875	0.59521484375	0.410888671875	0.0	7.0	38
軋	0.42041015625	0.27099609375	0.429931640625	0.28076171875	-1.0	7.0	38
軌	0.93310546875	0.030029296875	0.94287109375	0.039794921875	-1.0	7.0	38
軍	0.810791015625	0.866455078125	0.8203125	0.87548828125	0.0	9.0	38
軎	0.576171875	0.401123046875	0.58544921875	0.410888671875	0.0	7.0	38
軏	0.91259765625	0.0302734375	0.92236328125	0.0400390625	-1.0	7.0	38
軒	0.83056640625	0.509521484375	0.84033203125	0.51904296875	-1.0	7.0	38
軔	0.556640625	0.401123046875	0.56591796875	0.410888671875	-1.0	7.0	38
軛	0.8818359375	0.0302734375	0.8916015625	0.0400390625	-1.0	7.0	38
軟	0.87158203125	0.0302734375	0.88134765625	0.0400390625	-1.0	7.0	38
軸	0.546875	0.401123046875	0.55615234375	0.410888671875	-1.0	7.0	38
軻	0.85107421875	0.0302734375	0.86083984375	0.0400390625	-1.0	7.0	38
軼	0.8408203125	0.0302734375	0.8505859375	0.0400390625	-1.0	7.0	38
軾	0.83056640625	0.0302734375	0.84033203125	0.0400390625	-1.0	7.0	38
較	0.8203125	0.0302734375	0.830078125	0.0400390625	-1.0	7.0	38
載	0.370361328125	0.27099609375	0.3798828125	0.28076171875	-1.0	7.0	38
輊	0.7998046875	0.0302734375	0.8095703125	0.0400390625	-1.0	7.0	38
輒	0.78955078125	0.0302734375	0.79931640625	0.0400390625	-1.0	7.0	38
輓	0.779296875	0.0302734375	0.7890625	0.0400390625	-1.0	7.0	38
輔	0.3603515625	0.271240234375	0.369873046875	0.281005859375	-1.0	7.0	38
輕	0.7587890625	0.0302734375	0.7685546875	0.0400390625	-1.0	7.0	38
輛	0.34033203125	0.271240234375	0.349853515625	0.281005859375	-1.0	7.0	38
輜	0.330322265625	0.271240234375	0.33984375	0.281005859375	-1.0	7.0	38
輝	0.8203125	0.509521484375	0.830078125	0.51904296875	-1.0	8.0	38
輞	0.517578125	0.401123046875	0.52685546875	0.410888671875	-1.0	7.0	38
輟	0.697265625	0.030517578125	0.70703125	0.040283203125	-1.0	7.0	38
輥	0.68701171875	0.030517578125	0.69677734375	0.040283203125	-1.0	7.0	38
輦	0.30029296875	0.271240234375	0.309814453125	0.281005859375	-1.0	7.0	38
輩	0.5078125	0.401123046875	0.51708984375	0.410888671875	0.0	7.0	38
輪	0.65625	0.030517578125	0.666015625	0.040283203125	-1.0	7.0	38
輯	0.64599609375	0.030517578125	0.65576171875	0.040283203125	-1.0	7.0	38
輳	0.6357421875	0.03076171875	0.6455078125	0.04052734375	-1.0	7.0	38
輸	0.62548828125	0.03076171875	0.63525390625	0.04052734375	-1.0	7.0	38
輻	0.478515625	0.401123046875	0.48779296875	0.410888671875	-1.0	7.0	38
輾	0.58447265625	0.03076171875	0.59423828125	0.04052734375	-1.0	7.0	38
輿	0.290283203125	0.627685546875	0.2998046875	0.63720703125	0.0	8.0	38
轂	0.30029296875	0.627685546875	0.309814453125	0.63720703125	-1.0	8.0	38
轄	0.250244140625	0.271240234375	0.259765625	0.281005859375	-1.0	7.0	38
轅	0.56396484375	0.03076171875	0.57373046875	0.04052734375	-1.0	7.0	38
轉	0.54345703125	0.03076171875	0.55322265625	0.04052734375	-1.0	7.0	38
轍	0.533203125	0.03076171875	0.54296875	0.04052734375	-1.0	7.0	38
轎	0.52294921875	0.03076171875	0.53271484375	0.04052734375	-1.0	7.0	38
轔	0.5126953125	0.03076171875	0.5224609375	0.04052734375	-1.0	7.0	38
轟	0.9208984375	0.771728515625	0.930419921875	0.781005859375	-1.0	8.0	38
轡	0.230224609375	0.271484375	0.23974609375	0.28125	-1.0	7.0	38
车	0.22021484375	0.271728515625	0.229736328125	0.281494140625	-1.0	7.0	38
轧	0.210205078125	0.2724609375	0.2197265625	0.2822265625	-1.0	7.0	38
轨	0.4716796875	0.03076171875	0.4814453125	0.04052734375	-1.0	7.0	38
轩	0.7998046875	0.509521484375	0.8095703125	0.51904296875	-1.0	7.0	38
轫	0.439453125	0.401123046875	0.44873046875	0.410888671875	-1.0	7.0	38
转	0.4306640625	0.03076171875	0.4404296875	0.04052734375	-1.0	7.0	38
轭	0.150146484375	0.2724609375	0.15966796875	0.2822265625	-1.0	7.0	38
轮	0.3896484375	0.03076171875	0.3994140625	0.04052734375	-1.0	7.0	38
软	0.369140625	0.03076171875	0.37890625	0.04052734375	-1.0	7.0	38
轰	0.3486328125	0.031005859375	0.3583984375	0.040771484375	-1.0	7.0	38
轱	0.1201171875	0.2724609375	0.129638671875	0.2822265625	-1.0	7.0	38
轲	0.310302734375	0.627685546875	0.31982421875	0.63720703125	-1.0	7.0	38
轳	0.328125	0.031005859375	0.337890625	0.040771484375	-1.0	7.0	38
轴	0.390625	0.401123046875	0.39990234375	0.410888671875	-1.0	7.0	38
轵	0.29736328125	0.031005859375	0.30712890625	0.040771484375	-1.0	7.0	38
轶	0.287109375	0.031005859375	0.296875	0.040771484375	-1.0	7.0	38
轷	0.3203125	0.627685546875	0.329833984375	0.63720703125	-1.0	7.0	38
轸	0.27685546875	0.031005859375	0.28662109375	0.040771484375	-1.0	7.0	38
轹	0.78955078125	0.509521484375	0.79931640625	0.51904296875	-1.0	7.0	38
轺	0.3515625	0.4013671875	0.36083984375	0.4111328125	-1.0	7.0	38
轻	0.23583984375	0.031005859375	0.24560546875	0.040771484375	-1.0	7.0	38
轼	0.21533203125	0.031494140625	0.22509765625	0.041259765625	-1.0	7.0	38
载	0.205078125	0.0322265625	0.21484375	0.0419921875	-1.0	7.0	38
轾	0.050048828125	0.2724609375	0.0595703125	0.2822265625	-1.0	7.0	38
轿	0.1845703125	0.0322265625	0.1943359375	0.0419921875	-1.0	7.0	38
辁	0.7177734375	0.509765625	0.7275390625	0.519287109375	-1.0	7.0	38
辂	0.1640625	0.0322265625	0.173828125	0.0419921875	-1.0	7.0	38
较	0.15380859375	0.0322265625	0.16357421875	0.0419921875	-1.0	7.0	38
辄	0.70751953125	0.510009765625	0.71728515625	0.51953125	-1.0	7.0	38
辅	0.123046875	0.0322265625	0.1328125	0.0419921875	-1.0	7.0	38
辆	0.010009765625	0.2724609375	0.01953125	0.2822265625	-1.0	7.0	38
辇	0.0	0.2724609375	0.009521484375	0.2822265625	-1.0	7.0	38
辈	0.98095703125	0.26025390625	0.990478515625	0.27001953125	0.0	7.0	38
辉	0.6357421875	0.51025390625	0.6455078125	0.519775390625	-1.0	8.0	38
辊	0.5537109375	0.51025390625	0.5634765625	0.519775390625	-1.0	7.0	38
辋	0.283203125	0.4013671875	0.29248046875	0.4111328125	-1.0	7.0	38
辍	0.05126953125	0.0322265625	0.06103515625	0.0419921875	-1.0	7.0	38
辎	0.94091796875	0.26025390625	0.950439453125	0.27001953125	-1.0	7.0	38
辏	0.03076171875	0.0322265625	0.04052734375	0.0419921875	-1.0	7.0	38
辐	0.930908203125	0.260498046875	0.9404296875	0.270263671875	-1.0	7.0	38
辑	0.01025390625	0.0322265625	0.02001953125	0.0419921875	-1.0	7.0	38
输	0.0	0.0322265625	0.009765625	0.0419921875	-1.0	7.0	38
辔	0.2734375	0.4013671875	0.28271484375	0.4111328125	0.0	7.0	38
辕	0.97412109375	0.02001953125	0.98388671875	0.02978515625	-1.0	7.0	38
辖	0.910888671875	0.260498046875	0.92041015625	0.270263671875	-1.0	7.0	38
辗	0.93310546875	0.02001953125	0.94287109375	0.02978515625	-1.0	7.0	38
辘	0.9228515625	0.020263671875	0.9326171875	0.030029296875	-1.0	7.0	38
辙	0.91259765625	0.020263671875	0.92236328125	0.030029296875	-1.0	7.0	38
辚	0.90234375	0.020263671875	0.912109375	0.030029296875	-1.0	7.0	38
辛	0.880859375	0.260498046875	0.890380859375	0.270263671875	-1.0	7.0	38
辜	0.9765625	0.656005859375	0.98583984375	0.66552734375	0.0	7.0	38
辞	0.870849609375	0.260498046875	0.88037109375	0.270263671875	-1.0	7.0	38
辟	0.86083984375	0.260498046875	0.870361328125	0.270263671875	-1.0	7.0	38
辣	0.861328125	0.020263671875	0.87109375	0.030029296875	-1.0	7.0	38
辦	0.850830078125	0.260498046875	0.8603515625	0.270263671875	-1.0	7.0	38
辨	0.8408203125	0.260498046875	0.850341796875	0.270263671875	-1.0	7.0	38
辩	0.83056640625	0.020263671875	0.84033203125	0.030029296875	-1.0	7.0	38
辫	0.82080078125	0.260498046875	0.830322265625	0.270263671875	-1.0	7.0	38
辭	0.810791015625	0.260498046875	0.8203125	0.270263671875	0.0	7.0	38
辮	0.790771484375	0.260498046875	0.80029296875	0.270263671875	0.0	7.0	38
辯	0.78076171875	0.260498046875	0.790283203125	0.270263671875	-1.0	7.0	38
辰	0.65185546875	0.8486328125	0.66162109375	0.857666015625	-1.0	10.0	38
辱	0.76318359375	0.857666015625	0.772705078125	0.86669921875	0.0	9.0	38
農	0.7587890625	0.020263671875	0.7685546875	0.030029296875	-1.0	7.0	38
辶	0.2255859375	0.755126953125	0.2353515625	0.764404296875	-1.0	8.0	38
边	0.330322265625	0.627685546875	0.33984375	0.63720703125	-1.0	7.0	38
辽	0.17431640625	0.755126953125	0.18408203125	0.764404296875	-1.0	8.0	38
达	0.11279296875	0.755126953125	0.12255859375	0.764404296875	-1.0	8.0	38
迁	0.98095703125	0.771728515625	0.990478515625	0.781005859375	-1.0	8.0	38
迂	0.08203125	0.755126953125	0.091796875	0.764404296875	-1.0	8.0	38
迄	0.34033203125	0.627685546875	0.349853515625	0.63720703125	-1.0	7.0	38
迅	0.54345703125	0.51025390625	0.55322265625	0.519775390625	-1.0	7.0	38
迆	0.533203125	0.51025390625	0.54296875	0.519775390625	-1.0	7.0	38
过	0.350341796875	0.627685546875	0.35986328125	0.63720703125	-1.0	7.0	38
迈	0.0	0.755126953125	0.009765625	0.764404296875	-1.0	8.0	38
迎	0.91259765625	0.7431640625	0.92236328125	0.75244140625	-1.0	8.0	38
运	0.010009765625	0.78369140625	0.01953125	0.79296875	-1.0	8.0	38
近	0.02001953125	0.78369140625	0.029541015625	0.79296875	-1.0	8.0	38
迓	0.030029296875	0.78369140625	0.03955078125	0.79296875	-1.0	8.0	38
返	0.89208984375	0.7431640625	0.90185546875	0.75244140625	-1.0	8.0	38
迕	0.5126953125	0.51025390625	0.5224609375	0.519775390625	-1.0	7.0	38
还	0.8818359375	0.7431640625	0.8916015625	0.75244140625	-1.0	8.0	38
这	0.50244140625	0.51025390625	0.51220703125	0.519775390625	-1.0	7.0	38
进	0.4921875	0.51025390625	0.501953125	0.519775390625	-1.0	7.0	38
远	0.697265625	0.743896484375	0.70703125	0.753173828125	-1.0	8.0	38
违	0.48193359375	0.51025390625	0.49169921875	0.519775390625	-1.0	7.0	38
连	0.4716796875	0.51025390625	0.4814453125	0.519775390625	-1.0	7.0	38
迟	0.6357421875	0.743896484375	0.6455078125	0.753173828125	-1.0	8.0	38
迢	0.0400390625	0.78369140625	0.049560546875	0.79296875	-1.0	8.0	38
迤	0.451171875	0.51025390625	0.4609375	0.519775390625	-1.0	7.0	38
迥	0.62548828125	0.743896484375	0.63525390625	0.753173828125	-1.0	8.0	38
迦	0.35888671875	0.744140625	0.36865234375	0.75341796875	-1.0	8.0	38
迨	0.37939453125	0.510498046875	0.38916015625	0.52001953125	-1.0	7.0	38
迩	0.3603515625	0.627685546875	0.369873046875	0.63720703125	-1.0	7.0	38
迪	0.35888671875	0.510498046875	0.36865234375	0.52001953125	-1.0	7.0	38
迫	0.3486328125	0.510498046875	0.3583984375	0.52001953125	-1.0	7.0	38
迭	0.31787109375	0.744384765625	0.32763671875	0.753662109375	-1.0	8.0	38
迮	0.3076171875	0.744384765625	0.3173828125	0.753662109375	-1.0	8.0	38
述	0.3076171875	0.510498046875	0.3173828125	0.52001953125	-1.0	7.0	38
迳	0.29736328125	0.744384765625	0.30712890625	0.753662109375	-1.0	8.0	38
迴	0.25634765625	0.744873046875	0.26611328125	0.754150390625	-1.0	8.0	38
迷	0.29736328125	0.510498046875	0.30712890625	0.52001953125	-1.0	7.0	38
迸	0.287109375	0.510498046875	0.296875	0.52001953125	-1.0	7.0	38
迹	0.2255859375	0.51171875	0.2353515625	0.521240234375	-1.0	7.0	38
迺	0.24609375	0.74560546875	0.255859375	0.7548828125	-1.0	8.0	38
追	0.15380859375	0.51171875	0.16357421875	0.521240234375	-1.0	7.0	38
退	0.19482421875	0.74560546875	0.20458984375	0.7548828125	-1.0	8.0	38
送	0.13330078125	0.51171875	0.14306640625	0.521240234375	-1.0	7.0	38
适	0.1640625	0.74560546875	0.173828125	0.7548828125	-1.0	8.0	38
逃	0.15380859375	0.74560546875	0.16357421875	0.7548828125	-1.0	8.0	38
逄	0.11279296875	0.51171875	0.12255859375	0.521240234375	-1.0	7.0	38
逅	0.1435546875	0.74560546875	0.1533203125	0.7548828125	-1.0	8.0	38
逆	0.1025390625	0.51171875	0.1123046875	0.521240234375	-1.0	7.0	38
选	0.08203125	0.51171875	0.091796875	0.521240234375	-1.0	7.0	38
逊	0.90234375	0.733642578125	0.912109375	0.742919921875	-1.0	8.0	38
逋	0.07177734375	0.51171875	0.08154296875	0.521240234375	-1.0	7.0	38
逍	0.8818359375	0.733642578125	0.8916015625	0.742919921875	-1.0	8.0	38
透	0.050048828125	0.78369140625	0.0595703125	0.79296875	-1.0	8.0	38
逐	0.8203125	0.733642578125	0.830078125	0.742919921875	-1.0	8.0	38
逑	0.0615234375	0.51171875	0.0712890625	0.521240234375	-1.0	7.0	38
递	0.05126953125	0.51171875	0.06103515625	0.521240234375	-1.0	7.0	38
途	0.65625	0.734375	0.666015625	0.74365234375	-1.0	8.0	38
逕	0.070068359375	0.78369140625	0.07958984375	0.79296875	-1.0	8.0	38
逖	0.64599609375	0.734375	0.65576171875	0.74365234375	-1.0	8.0	38
逗	0.6357421875	0.734375	0.6455078125	0.74365234375	-1.0	8.0	38
這	0.95361328125	0.499755859375	0.96337890625	0.50927734375	-1.0	7.0	38
通	0.56396484375	0.734375	0.57373046875	0.74365234375	-1.0	8.0	38
逛	0.46142578125	0.734375	0.47119140625	0.74365234375	-1.0	8.0	38
逝	0.943359375	0.499755859375	0.953125	0.50927734375	-1.0	7.0	38
逞	0.451171875	0.734375	0.4609375	0.74365234375	-1.0	8.0	38
速	0.93310546875	0.499755859375	0.94287109375	0.50927734375	-1.0	7.0	38
造	0.9228515625	0.499755859375	0.9326171875	0.50927734375	-1.0	7.0	38
逡	0.89208984375	0.499755859375	0.90185546875	0.50927734375	-1.0	7.0	38
逢	0.8818359375	0.499755859375	0.8916015625	0.50927734375	-1.0	7.0	38
連	0.44091796875	0.734375	0.45068359375	0.74365234375	-1.0	8.0	38
逦	0.42041015625	0.734375	0.43017578125	0.74365234375	-1.0	8.0	38
逭	0.83056640625	0.499755859375	0.84033203125	0.50927734375	-1.0	7.0	38
逮	0.779296875	0.499755859375	0.7890625	0.50927734375	-1.0	7.0	38
逯	0.39990234375	0.734619140625	0.40966796875	0.743896484375	-1.0	8.0	38
週	0.3896484375	0.734619140625	0.3994140625	0.743896484375	-1.0	8.0	38
進	0.74853515625	0.499755859375	0.75830078125	0.50927734375	-1.0	7.0	38
逵	0.70751953125	0.500244140625	0.71728515625	0.509765625	-1.0	7.0	38
逶	0.35888671875	0.734619140625	0.36865234375	0.743896484375	-1.0	8.0	38
逸	0.6357421875	0.50048828125	0.6455078125	0.510009765625	-1.0	7.0	38
逻	0.29736328125	0.73486328125	0.30712890625	0.744140625	-1.0	8.0	38
逼	0.27685546875	0.73486328125	0.28662109375	0.744140625	-1.0	8.0	38
逾	0.533203125	0.50048828125	0.54296875	0.510009765625	-1.0	7.0	38
遁	0.24609375	0.736083984375	0.255859375	0.745361328125	-1.0	8.0	38
遂	0.4921875	0.50048828125	0.501953125	0.510009765625	-1.0	7.0	38
遄	0.38037109375	0.627685546875	0.389892578125	0.63720703125	-1.0	7.0	38
遇	0.48193359375	0.50048828125	0.49169921875	0.510009765625	-1.0	8.0	38
遊	0.4716796875	0.50048828125	0.4814453125	0.510009765625	-1.0	7.0	38
運	0.451171875	0.50048828125	0.4609375	0.510009765625	-1.0	8.0	38
遍	0.42041015625	0.50048828125	0.43017578125	0.510009765625	-1.0	7.0	38
過	0.1640625	0.859619140625	0.173828125	0.86865234375	-1.0	9.0	38
遏	0.37939453125	0.500732421875	0.38916015625	0.51025390625	-1.0	8.0	38
遐	0.17431640625	0.859619140625	0.18408203125	0.86865234375	-1.0	9.0	38
遑	0.369140625	0.500732421875	0.37890625	0.51025390625	-1.0	7.0	38
遒	0.27685546875	0.500732421875	0.28662109375	0.51025390625	-1.0	7.0	38
道	0.25634765625	0.500732421875	0.26611328125	0.51025390625	-1.0	7.0	38
達	0.21533203125	0.501953125	0.22509765625	0.511474609375	-1.0	7.0	38
違	0.19482421875	0.501953125	0.20458984375	0.511474609375	-1.0	7.0	38
遗	0.17431640625	0.501953125	0.18408203125	0.511474609375	-1.0	7.0	38
遘	0.15380859375	0.501953125	0.16357421875	0.511474609375	-1.0	7.0	38
遙	0.13330078125	0.501953125	0.14306640625	0.511474609375	-1.0	7.0	38
遛	0.93310546875	0.72412109375	0.94287109375	0.7333984375	-1.0	8.0	38
遜	0.5537109375	0.75341796875	0.5634765625	0.7626953125	-1.0	8.0	38
遝	0.37939453125	0.76318359375	0.38916015625	0.7724609375	-1.0	8.0	38
遞	0.369140625	0.76318359375	0.37890625	0.7724609375	-1.0	8.0	38
遠	0.11279296875	0.501953125	0.12255859375	0.511474609375	-1.0	7.0	38
遢	0.35888671875	0.76318359375	0.36865234375	0.7724609375	-1.0	8.0	38
遣	0.95361328125	0.489990234375	0.96337890625	0.49951171875	-1.0	7.0	38
遥	0.33837890625	0.76318359375	0.34814453125	0.7724609375	-1.0	8.0	38
遨	0.943359375	0.489990234375	0.953125	0.49951171875	-1.0	7.0	38
適	0.87158203125	0.489990234375	0.88134765625	0.49951171875	-1.0	7.0	38
遭	0.85107421875	0.489990234375	0.86083984375	0.49951171875	-1.0	7.0	38
遮	0.8203125	0.489990234375	0.830078125	0.49951171875	-1.0	7.0	38
遲	0.29736328125	0.763427734375	0.30712890625	0.772705078125	-1.0	8.0	38
遴	0.287109375	0.763427734375	0.296875	0.772705078125	-1.0	8.0	38
遵	0.81005859375	0.489990234375	0.81982421875	0.49951171875	-1.0	7.0	38
遷	0.27685546875	0.763427734375	0.28662109375	0.772705078125	-1.0	8.0	38
選	0.2666015625	0.763671875	0.2763671875	0.77294921875	-1.0	8.0	38
遺	0.73828125	0.489990234375	0.748046875	0.49951171875	-1.0	7.0	38
遼	0.25634765625	0.763916015625	0.26611328125	0.773193359375	-1.0	8.0	38
遽	0.7177734375	0.490234375	0.7275390625	0.499755859375	-1.0	7.0	38
避	0.5947265625	0.49072265625	0.6044921875	0.500244140625	-1.0	7.0	38
邀	0.54345703125	0.49072265625	0.55322265625	0.500244140625	-1.0	7.0	38
邁	0.46142578125	0.49072265625	0.47119140625	0.500244140625	-1.0	7.0	38
邂	0.451171875	0.49072265625	0.4609375	0.500244140625	-1.0	7.0	38
邃	0.39990234375	0.49072265625	0.40966796875	0.500244140625	-1.0	7.0	38
還	0.23583984375	0.7646484375	0.24560546875	0.77392578125	-1.0	8.0	38
邇	0.21533203125	0.7646484375	0.22509765625	0.77392578125	-1.0	8.0	38
邈	0.369140625	0.490966796875	0.37890625	0.50048828125	-1.0	7.0	38
邊	0.3486328125	0.490966796875	0.3583984375	0.50048828125	-1.0	7.0	38
邋	0.328125	0.490966796875	0.337890625	0.50048828125	-1.0	7.0	38
邏	0.2255859375	0.859619140625	0.2353515625	0.86865234375	-1.0	9.0	38
邐	0.23583984375	0.859619140625	0.24560546875	0.86865234375	-1.0	9.0	38
邑	0.777587890625	0.89453125	0.786376953125	0.9033203125	3.0	9.0	38
邓	0.080078125	0.78369140625	0.089599609375	0.79296875	-1.0	9.0	38
邕	0.406982421875	0.829833984375	0.416015625	0.839111328125	2.0	7.0	38
邗	0.8447265625	0.885009765625	0.854248046875	0.893798828125	-1.0	10.0	38
邙	0.050048828125	0.262451171875	0.0595703125	0.272216796875	-1.0	7.0	38
邛	0.090087890625	0.78369140625	0.099609375	0.79296875	-1.0	9.0	38
邝	0.0400390625	0.262451171875	0.049560546875	0.272216796875	-1.0	7.0	38
邡	0.030029296875	0.262451171875	0.03955078125	0.272216796875	-1.0	7.0	38
邢	0.010009765625	0.869140625	0.01953125	0.878173828125	-1.0	10.0	38
那	0.10009765625	0.78369140625	0.109619140625	0.79296875	-1.0	9.0	38
邦	0.390380859375	0.62744140625	0.39990234375	0.636962890625	0.0	8.0	38
邪	0.16015625	0.868896484375	0.169677734375	0.8779296875	-1.0	10.0	38
邬	0.02001953125	0.262451171875	0.029541015625	0.272216796875	-1.0	7.0	38
邮	0.80908203125	0.45068359375	0.81787109375	0.46044921875	1.0	7.0	38
邯	0.0	0.262451171875	0.009521484375	0.272216796875	-1.0	7.0	38
邰	0.986572265625	0.250244140625	0.99609375	0.260009765625	0.0	7.0	38
邱	0.400390625	0.62744140625	0.409912109375	0.636962890625	-1.0	8.0	38
邳	0.953369140625	0.857177734375	0.962890625	0.8662109375	-1.0	10.0	38
邴	0.933349609375	0.857177734375	0.94287109375	0.8662109375	-1.0	10.0	38
邵	0.72314453125	0.85791015625	0.732666015625	0.866943359375	-1.0	10.0	38
邶	0.410400390625	0.62744140625	0.419921875	0.636962890625	-1.0	8.0	38
邸	0.37109375	0.8203125	0.38037109375	0.82958984375	0.0	9.0	38
邹	0.9765625	0.250244140625	0.986083984375	0.260009765625	-1.0	7.0	38
邺	0.430419921875	0.62744140625	0.43994140625	0.636962890625	-1.0	8.0	38
邻	0.4404296875	0.62744140625	0.449951171875	0.636962890625	-1.0	8.0	38
邾	0.966552734375	0.250244140625	0.97607421875	0.260009765625	-1.0	7.0	38
郁	0.91259765625	0.01025390625	0.92236328125	0.02001953125	-1.0	7.0	38
郃	0.450439453125	0.62744140625	0.4599609375	0.636962890625	-1.0	8.0	38
郄	0.46044921875	0.62744140625	0.469970703125	0.636962890625	-1.0	8.0	38
郅	0.14013671875	0.78369140625	0.149658203125	0.79296875	-1.0	9.0	38
郇	0.90234375	0.01025390625	0.912109375	0.02001953125	-1.0	7.0	38
郊	0.95654296875	0.250244140625	0.966064453125	0.260009765625	-1.0	7.0	38
郎	0.9365234375	0.440673828125	0.945556640625	0.450439453125	1.0	7.0	38
郏	0.470458984375	0.62744140625	0.47998046875	0.636962890625	-1.0	8.0	38
郐	0.3076171875	0.490966796875	0.3173828125	0.50048828125	-1.0	8.0	38
郑	0.926513671875	0.25048828125	0.93603515625	0.26025390625	-1.0	7.0	38
郓	0.150146484375	0.78369140625	0.15966796875	0.79296875	-1.0	9.0	38
郗	0.29736328125	0.490966796875	0.30712890625	0.50048828125	-1.0	8.0	38
郛	0.48046875	0.62744140625	0.489990234375	0.636962890625	-1.0	8.0	38
郜	0.906494140625	0.25048828125	0.916015625	0.26025390625	-1.0	7.0	38
郝	0.896484375	0.25048828125	0.906005859375	0.26025390625	-1.0	7.0	38
郡	0.9833984375	0.857177734375	0.992919921875	0.8662109375	-1.0	10.0	38
郢	0.16015625	0.78369140625	0.169677734375	0.79296875	-1.0	9.0	38
郦	0.170166015625	0.78369140625	0.1796875	0.79296875	-1.0	9.0	38
郧	0.190185546875	0.78369140625	0.19970703125	0.79296875	-1.0	9.0	38
部	0.886474609375	0.25048828125	0.89599609375	0.26025390625	-1.0	7.0	38
郫	0.87646484375	0.25048828125	0.885986328125	0.26025390625	-1.0	7.0	38
郭	0.866455078125	0.25048828125	0.8759765625	0.26025390625	-1.0	7.0	38
郯	0.2255859375	0.4921875	0.2353515625	0.501708984375	-1.0	8.0	38
郴	0.846435546875	0.25048828125	0.85595703125	0.26025390625	-1.0	7.0	38
郵	0.2001953125	0.78369140625	0.209716796875	0.79296875	-1.0	9.0	38
郸	0.490478515625	0.62744140625	0.5	0.636962890625	-1.0	7.0	38
都	0.83642578125	0.25048828125	0.845947265625	0.26025390625	-1.0	7.0	38
郾	0.77001953125	0.800537109375	0.779296875	0.809814453125	1.0	9.0	38
鄂	0.210205078125	0.78369140625	0.2197265625	0.79296875	-1.0	9.0	38
鄄	0.58056640625	0.8671875	0.590087890625	0.876220703125	-1.0	10.0	38
鄉	0.7587890625	0.01025390625	0.7685546875	0.02001953125	-1.0	7.0	38
鄒	0.74853515625	0.01025390625	0.75830078125	0.02001953125	-1.0	7.0	38
鄗	0.826416015625	0.25048828125	0.8359375	0.26025390625	0.0	7.0	38
鄘	0.81640625	0.25048828125	0.825927734375	0.26025390625	-1.0	7.0	38
鄙	0.22021484375	0.78369140625	0.229736328125	0.79296875	-1.0	9.0	38
鄞	0.50048828125	0.62744140625	0.510009765625	0.636962890625	-1.0	8.0	38
鄢	0.230224609375	0.78369140625	0.23974609375	0.79296875	-1.0	9.0	38
鄣	0.806396484375	0.25048828125	0.81591796875	0.26025390625	-1.0	7.0	38
鄧	0.21533203125	0.4921875	0.22509765625	0.501708984375	-1.0	8.0	38
鄭	0.786376953125	0.25048828125	0.7958984375	0.26025390625	-1.0	7.0	38
鄯	0.68701171875	0.010498046875	0.69677734375	0.020263671875	-1.0	7.0	38
鄰	0.7763671875	0.25048828125	0.785888671875	0.26025390625	-1.0	7.0	38
鄱	0.1845703125	0.4921875	0.1943359375	0.501708984375	-1.0	8.0	38
鄴	0.75634765625	0.25048828125	0.765869140625	0.26025390625	-1.0	7.0	38
鄹	0.17431640625	0.7646484375	0.18408203125	0.77392578125	-1.0	9.0	38
酃	0.250244140625	0.78369140625	0.259765625	0.79296875	0.0	9.0	38
酆	0.510498046875	0.62744140625	0.52001953125	0.636962890625	-1.0	8.0	38
酈	0.1435546875	0.7646484375	0.1533203125	0.77392578125	-1.0	9.0	38
酉	0.270263671875	0.78271484375	0.27978515625	0.7919921875	-1.0	9.0	38
酊	0.74462890625	0.8857421875	0.754150390625	0.89453125	-1.0	10.0	38
酋	0.746337890625	0.25048828125	0.755859375	0.26025390625	-1.0	7.0	38
酌	0.029296875	0.66796875	0.03857421875	0.677490234375	-1.0	7.0	38
配	0.8232421875	0.857177734375	0.832763671875	0.8662109375	0.0	9.0	38
酎	0.5205078125	0.62744140625	0.530029296875	0.636962890625	0.0	7.0	38
酏	0.530517578125	0.62744140625	0.5400390625	0.636962890625	-1.0	7.0	38
酐	0.783203125	0.857666015625	0.792724609375	0.86669921875	0.0	10.0	38
酒	0.54052734375	0.62744140625	0.550048828125	0.636962890625	-1.0	8.0	38
酗	0.91796875	0.656005859375	0.92724609375	0.66552734375	-1.0	8.0	38
酚	0.736328125	0.25048828125	0.745849609375	0.26025390625	0.0	7.0	38
酝	0.6845703125	0.8857421875	0.694091796875	0.89453125	0.0	10.0	38
酞	0.726318359375	0.25048828125	0.73583984375	0.26025390625	0.0	7.0	38
酡	0.550537109375	0.62744140625	0.56005859375	0.636962890625	-1.0	7.0	38
酢	0.570556640625	0.62744140625	0.580078125	0.636962890625	-1.0	7.0	38
酣	0.58056640625	0.62744140625	0.590087890625	0.636962890625	0.0	8.0	38
酤	0.590576171875	0.62744140625	0.60009765625	0.636962890625	-1.0	7.0	38
酥	0.3203125	0.782470703125	0.329833984375	0.791748046875	0.0	8.0	38
酩	0.4453125	0.39111328125	0.45458984375	0.40087890625	-1.0	7.0	38
酪	0.706298828125	0.250732421875	0.7158203125	0.260498046875	-1.0	7.0	38
酬	0.869140625	0.656005859375	0.87841796875	0.66552734375	-1.0	8.0	38
酮	0.7021484375	0.82958984375	0.711181640625	0.8388671875	0.0	9.0	38
酯	0.6005859375	0.62744140625	0.610107421875	0.636962890625	0.0	8.0	38
酰	0.610595703125	0.62744140625	0.6201171875	0.636962890625	-1.0	8.0	38
酱	0.6962890625	0.250732421875	0.705810546875	0.260498046875	-1.0	7.0	38
酲	0.330322265625	0.782470703125	0.33984375	0.791748046875	-1.0	9.0	38
酴	0.62060546875	0.62744140625	0.630126953125	0.636962890625	-1.0	8.0	38
酵	0.630615234375	0.62744140625	0.64013671875	0.636962890625	0.0	8.0	38
酶	0.686279296875	0.250732421875	0.69580078125	0.260498046875	-1.0	7.0	38
酷	0.67626953125	0.250732421875	0.685791015625	0.260498046875	-1.0	7.0	38
酸	0.56396484375	0.0107421875	0.57373046875	0.0205078125	-1.0	7.0	38
酹	0.850830078125	0.866455078125	0.8603515625	0.87548828125	-1.0	9.0	38
酽	0.370361328125	0.7822265625	0.3798828125	0.79150390625	-1.0	9.0	38
酾	0.38037109375	0.7822265625	0.389892578125	0.79150390625	-1.0	9.0	38
酿	0.5537109375	0.0107421875	0.5634765625	0.0205078125	-1.0	7.0	38
醃	0.666259765625	0.250732421875	0.67578125	0.260498046875	-1.0	7.0	38
醅	0.65625	0.250732421875	0.665771484375	0.260498046875	-1.0	7.0	38
醇	0.646240234375	0.250732421875	0.65576171875	0.260498046875	-1.0	7.0	38
醉	0.63623046875	0.2509765625	0.645751953125	0.2607421875	-1.0	7.0	38
醋	0.626220703125	0.2509765625	0.6357421875	0.2607421875	-1.0	7.0	38
醌	0.670654296875	0.8671875	0.68017578125	0.876220703125	0.0	9.0	38
醍	0.07177734375	0.7646484375	0.08154296875	0.77392578125	-1.0	9.0	38
醐	0.859375	0.656005859375	0.86865234375	0.66552734375	-1.0	8.0	38
醑	0.390380859375	0.7822265625	0.39990234375	0.79150390625	-1.0	9.0	38
醒	0.400390625	0.7822265625	0.409912109375	0.79150390625	-1.0	9.0	38
醚	0.6162109375	0.2509765625	0.625732421875	0.2607421875	-1.0	7.0	38
醛	0.410400390625	0.7822265625	0.419921875	0.79150390625	0.0	8.0	38
醜	0.606201171875	0.2509765625	0.61572265625	0.2607421875	-1.0	7.0	38
醞	0.42041015625	0.781982421875	0.429931640625	0.791259765625	0.0	9.0	38
醢	0.59619140625	0.2509765625	0.605712890625	0.2607421875	-1.0	7.0	38
醣	0.586181640625	0.2509765625	0.595703125	0.2607421875	-1.0	7.0	38
醪	0.430419921875	0.781982421875	0.43994140625	0.791259765625	-1.0	9.0	38
醫	0.302734375	0.820556640625	0.31201171875	0.829833984375	0.0	9.0	38
醬	0.576171875	0.2509765625	0.585693359375	0.2607421875	0.0	7.0	38
醭	0.566162109375	0.2509765625	0.57568359375	0.2607421875	-1.0	7.0	38
醮	0.55615234375	0.2509765625	0.565673828125	0.2607421875	-1.0	7.0	38
醯	0.42041015625	0.0107421875	0.43017578125	0.0205078125	-1.0	7.0	38
醱	0.1435546875	0.4921875	0.1533203125	0.501708984375	-1.0	8.0	38
醴	0.5361328125	0.2509765625	0.545654296875	0.2607421875	-1.0	7.0	38
醵	0.526123046875	0.2509765625	0.53564453125	0.2607421875	-1.0	7.0	38
醺	0.4404296875	0.781982421875	0.449951171875	0.791259765625	-1.0	9.0	38
釀	0.51611328125	0.2509765625	0.525634765625	0.2607421875	-1.0	7.0	38
釁	0.123046875	0.4921875	0.1328125	0.501708984375	-1.0	8.0	38
釅	0.46044921875	0.781982421875	0.469970703125	0.791259765625	0.0	9.0	38
釆	0.05126953125	0.7646484375	0.06103515625	0.77392578125	-1.0	9.0	38
采	0.11279296875	0.4921875	0.12255859375	0.501708984375	-1.0	8.0	38
釉	0.40625	0.39111328125	0.41552734375	0.40087890625	-1.0	7.0	38
释	0.041015625	0.7646484375	0.05078125	0.77392578125	-1.0	9.0	38
釋	0.0205078125	0.7646484375	0.0302734375	0.77392578125	-1.0	9.0	38
里	0.533447265625	0.8857421875	0.543212890625	0.89453125	-1.0	9.0	38
重	0.650634765625	0.8671875	0.66015625	0.876220703125	-1.0	8.0	38
野	0.130126953125	0.869140625	0.1396484375	0.878173828125	-1.0	9.0	38
量	0.0400390625	0.89697265625	0.049560546875	0.90576171875	-1.0	9.0	38
釐	0.47607421875	0.2509765625	0.485595703125	0.2607421875	-1.0	7.0	38
金	0.01025390625	0.7646484375	0.02001953125	0.77392578125	-1.0	7.0	38
釗	0.712890625	0.810302734375	0.72216796875	0.819580078125	-1.0	8.0	38
釘	0.09228515625	0.4921875	0.10205078125	0.501708984375	-1.0	7.0	38
釙	0.31787109375	0.010986328125	0.32763671875	0.020751953125	-1.0	7.0	38
釜	0.492431640625	0.8857421875	0.502197265625	0.89453125	-1.0	8.0	38
針	0.3076171875	0.010986328125	0.3173828125	0.020751953125	-1.0	7.0	38
釣	0.650634765625	0.62744140625	0.66015625	0.636962890625	-1.0	7.0	38
釦	0.478515625	0.810546875	0.48779296875	0.81982421875	-1.0	8.0	38
釧	0.810546875	0.656005859375	0.81982421875	0.66552734375	-1.0	8.0	38
釩	0.89208984375	0.480224609375	0.90185546875	0.48974609375	-1.0	8.0	38
釭	0.4306640625	0.858154296875	0.4404296875	0.8671875	-1.0	8.0	38
釵	0.861328125	0.480224609375	0.87109375	0.48974609375	-1.0	8.0	38
鈇	0.83056640625	0.480224609375	0.84033203125	0.48974609375	-1.0	8.0	38
鈉	0.426025390625	0.2509765625	0.435546875	0.2607421875	-1.0	7.0	38
鈍	0.7998046875	0.480224609375	0.8095703125	0.48974609375	-1.0	7.0	38
鈐	0.76904296875	0.480224609375	0.77880859375	0.48974609375	-1.0	8.0	38
鈑	0.7177734375	0.48046875	0.7275390625	0.489990234375	-1.0	8.0	38
鈔	0.385986328125	0.2509765625	0.3955078125	0.2607421875	-1.0	7.0	38
鈕	0.210205078125	0.868896484375	0.2197265625	0.8779296875	-1.0	8.0	38
鈞	0.66064453125	0.62744140625	0.670166015625	0.636962890625	-1.0	7.0	38
鈣	0.66650390625	0.48095703125	0.67626953125	0.490478515625	-1.0	7.0	38
鈴	0.60498046875	0.48095703125	0.61474609375	0.490478515625	-1.0	8.0	38
鈷	0.35595703125	0.251220703125	0.365478515625	0.260986328125	-1.0	7.0	38
鈸	0.1845703125	0.01220703125	0.1943359375	0.02197265625	-1.0	7.0	38
鈹	0.345947265625	0.251220703125	0.35546875	0.260986328125	-1.0	7.0	38
鈽	0.1640625	0.01220703125	0.173828125	0.02197265625	-1.0	7.0	38
鈾	0.791015625	0.656005859375	0.80029296875	0.66552734375	-1.0	7.0	38
鈿	0.05859375	0.82177734375	0.06787109375	0.8310546875	-1.0	8.0	38
鉀	0.751953125	0.656005859375	0.76123046875	0.66552734375	-1.0	8.0	38
鉅	0.873291015625	0.857177734375	0.8828125	0.8662109375	-1.0	8.0	38
鉉	0.15380859375	0.01220703125	0.16357421875	0.02197265625	-1.0	7.0	38
鉋	0.5947265625	0.48095703125	0.6044921875	0.490478515625	-1.0	7.0	38
鉍	0.93310546875	0.752685546875	0.94287109375	0.761962890625	-1.0	7.0	38
鉑	0.298828125	0.391357421875	0.30810546875	0.401123046875	-1.0	7.0	38
鉗	0.123046875	0.01220703125	0.1328125	0.02197265625	-1.0	7.0	38
鉚	0.732421875	0.65625	0.74169921875	0.665771484375	-1.0	8.0	38
鉛	0.91259765625	0.752685546875	0.92236328125	0.761962890625	-1.0	8.0	38
鉤	0.670654296875	0.62744140625	0.68017578125	0.636962890625	-1.0	7.0	38
鉴	0.89208984375	0.752685546875	0.90185546875	0.761962890625	-1.0	7.0	38
鉸	0.11279296875	0.01220703125	0.12255859375	0.02197265625	-1.0	7.0	38
鉻	0.1025390625	0.01220703125	0.1123046875	0.02197265625	-1.0	7.0	38
鉼	0.09228515625	0.01220703125	0.10205078125	0.02197265625	-1.0	7.0	38
銀	0.50244140625	0.48095703125	0.51220703125	0.490478515625	-1.0	8.0	38
銅	0.693359375	0.656494140625	0.70263671875	0.666015625	-1.0	8.0	38
銎	0.06005859375	0.89697265625	0.069580078125	0.90576171875	-1.0	9.0	38
銑	0.4921875	0.48095703125	0.501953125	0.490478515625	-1.0	8.0	38
銓	0.12890625	0.850341796875	0.138671875	0.859375	-1.0	8.0	38
銖	0.0615234375	0.01220703125	0.0712890625	0.02197265625	-1.0	7.0	38
銘	0.26953125	0.391357421875	0.27880859375	0.401123046875	-1.0	7.0	38
銜	0.041015625	0.01220703125	0.05078125	0.02197265625	-1.0	7.0	38
銨	0.03076171875	0.01220703125	0.04052734375	0.02197265625	-1.0	7.0	38
銬	0.48193359375	0.48095703125	0.49169921875	0.490478515625	-1.0	7.0	38
銮	0.87158203125	0.752685546875	0.88134765625	0.761962890625	-1.0	7.0	38
銲	0.4716796875	0.48095703125	0.4814453125	0.490478515625	-1.0	8.0	38
銳	0.0	0.01220703125	0.009765625	0.02197265625	-1.0	7.0	38
銷	0.6806640625	0.62744140625	0.690185546875	0.636962890625	-1.0	8.0	38
銻	0.265869140625	0.251220703125	0.275390625	0.260986328125	-1.0	7.0	38
銼	0.15966796875	0.850341796875	0.16943359375	0.859375	-1.0	8.0	38
鋁	0.361328125	0.810791015625	0.37060546875	0.820068359375	-1.0	8.0	38
鋅	0.978271484375	0.0	0.988037109375	0.009765625	-1.0	7.0	38
鋇	0.42041015625	0.48095703125	0.43017578125	0.490478515625	-1.0	8.0	38
鋈	0.861328125	0.752685546875	0.87109375	0.761962890625	-1.0	7.0	38
鋒	0.957763671875	0.0	0.967529296875	0.009765625	-1.0	7.0	38
鋤	0.245849609375	0.251220703125	0.25537109375	0.260986328125	-1.0	7.0	38
鋪	0.23583984375	0.251220703125	0.245361328125	0.260986328125	-1.0	7.0	38
鋰	0.169921875	0.850341796875	0.1796875	0.859375	-1.0	8.0	38
鋸	0.46142578125	0.240966796875	0.47119140625	0.250732421875	-1.0	7.0	38
鋼	0.859375	0.4306640625	0.86865234375	0.4404296875	-1.0	7.0	38
錄	0.287109375	0.500732421875	0.296875	0.51025390625	-1.0	7.0	38
錐	0.94091796875	0.370361328125	0.950439453125	0.380126953125	-1.0	7.0	38
錕	0.78955078125	0.752685546875	0.79931640625	0.761962890625	-1.0	8.0	38
錘	0.18017578125	0.850341796875	0.18994140625	0.859375	-1.0	8.0	38
錙	0.730712890625	0.626953125	0.740234375	0.636474609375	-1.0	7.0	38
錚	0.3076171875	0.500732421875	0.3173828125	0.51025390625	-1.0	7.0	38
錠	0.4921875	0.240966796875	0.501953125	0.250732421875	-1.0	7.0	38
錡	0.328125	0.500732421875	0.337890625	0.51025390625	-1.0	7.0	38
錢	0.50244140625	0.240966796875	0.51220703125	0.250732421875	-1.0	7.0	38
錦	0.595703125	0.65673828125	0.60498046875	0.666259765625	-1.0	7.0	38
錨	0.52294921875	0.240966796875	0.53271484375	0.250732421875	-1.0	7.0	38
錫	0.078125	0.831298828125	0.08740234375	0.840576171875	-1.0	8.0	38
錮	0.5859375	0.65673828125	0.59521484375	0.666259765625	-1.0	8.0	38
錯	0.98095703125	0.370361328125	0.990478515625	0.380126953125	-1.0	7.0	38
錳	0.1904296875	0.850341796875	0.2001953125	0.859375	-1.0	8.0	38
錶	0.533203125	0.240966796875	0.54296875	0.250732421875	-1.0	7.0	38
錾	0.6357421875	0.75341796875	0.6455078125	0.7626953125	-1.0	7.0	38
鍊	0.54345703125	0.240966796875	0.55322265625	0.250732421875	-1.0	7.0	38
鍋	0.56640625	0.65673828125	0.57568359375	0.666259765625	-1.0	8.0	38
鍍	0.5537109375	0.240966796875	0.5634765625	0.250732421875	-1.0	7.0	38
鍔	0.50048828125	0.781982421875	0.510009765625	0.791259765625	-1.0	8.0	38
鍚	0.39990234375	0.50048828125	0.40966796875	0.510009765625	-1.0	8.0	38
鍛	0.41015625	0.50048828125	0.419921875	0.510009765625	-1.0	8.0	38
鍥	0.56396484375	0.240966796875	0.57373046875	0.250732421875	-1.0	7.0	38
鍪	0.56396484375	0.75341796875	0.57373046875	0.7626953125	-1.0	7.0	38
鍬	0.4306640625	0.50048828125	0.4404296875	0.510009765625	-1.0	8.0	38
鍰	0.6357421875	0.240966796875	0.6455078125	0.250732421875	-1.0	7.0	38
鍵	0.65625	0.24072265625	0.666015625	0.25048828125	-1.0	7.0	38
鍾	0.2109375	0.850341796875	0.220703125	0.859375	-1.0	8.0	38
鎂	0.66650390625	0.24072265625	0.67626953125	0.25048828125	-1.0	7.0	38
鎊	0.06005859375	0.382568359375	0.069580078125	0.392333984375	-1.0	7.0	38
鎏	0.533203125	0.75341796875	0.54296875	0.7626953125	-1.0	7.0	38
鎔	0.6767578125	0.24072265625	0.6865234375	0.25048828125	-1.0	7.0	38
鎖	0.68701171875	0.24072265625	0.69677734375	0.25048828125	-1.0	7.0	38
鎗	0.50244140625	0.50048828125	0.51220703125	0.510009765625	-1.0	8.0	38
鎘	0.9609375	0.626708984375	0.970458984375	0.63623046875	-1.0	8.0	38
鎚	0.5126953125	0.50048828125	0.5224609375	0.510009765625	-1.0	7.0	38
鎢	0.98095703125	0.62646484375	0.990478515625	0.635986328125	-1.0	7.0	38
鎬	0.0	0.638671875	0.009521484375	0.648193359375	-1.0	7.0	38
鎮	0.697265625	0.24072265625	0.70703125	0.25048828125	-1.0	7.0	38
鎰	0.42041015625	0.75341796875	0.43017578125	0.7626953125	-1.0	7.0	38
鎳	0.70751953125	0.240478515625	0.71728515625	0.250244140625	-1.0	7.0	38
鏃	0.7177734375	0.240478515625	0.7275390625	0.250244140625	-1.0	7.0	38
鏈	0.72802734375	0.240478515625	0.73779296875	0.250244140625	-1.0	7.0	38
鏊	0.369140625	0.753662109375	0.37890625	0.762939453125	-1.0	7.0	38
鏍	0.56396484375	0.50048828125	0.57373046875	0.510009765625	-1.0	8.0	38
鏑	0.080078125	0.382568359375	0.089599609375	0.392333984375	-1.0	7.0	38
鏖	0.73828125	0.240478515625	0.748046875	0.250244140625	-1.0	7.0	38
鏗	0.2314453125	0.850341796875	0.2412109375	0.859375	-1.0	8.0	38
鏘	0.74853515625	0.240478515625	0.75830078125	0.250244140625	-1.0	7.0	38
鏜	0.31787109375	0.75390625	0.32763671875	0.76318359375	-1.0	7.0	38
鏝	0.60498046875	0.50048828125	0.61474609375	0.510009765625	-1.0	8.0	38
鏟	0.7587890625	0.240478515625	0.7685546875	0.250244140625	-1.0	7.0	38
鏡	0.76904296875	0.240478515625	0.77880859375	0.250244140625	-1.0	7.0	38
鏢	0.3076171875	0.75390625	0.3173828125	0.76318359375	-1.0	8.0	38
鏤	0.779296875	0.240478515625	0.7890625	0.250244140625	-1.0	7.0	38
鏨	0.287109375	0.75390625	0.296875	0.76318359375	-1.0	7.0	38
鏽	0.64599609375	0.50048828125	0.65576171875	0.510009765625	-1.0	8.0	38
鐃	0.65625	0.50048828125	0.666015625	0.510009765625	-1.0	8.0	38
鐘	0.66650390625	0.50048828125	0.67626953125	0.510009765625	-1.0	7.0	38
鐫	0.78955078125	0.240478515625	0.79931640625	0.250244140625	-1.0	7.0	38
鐮	0.7998046875	0.240478515625	0.8095703125	0.250244140625	-1.0	7.0	38
鐲	0.6005859375	0.781982421875	0.610107421875	0.791259765625	-1.0	8.0	38
鐳	0.130126953125	0.382568359375	0.1396484375	0.392333984375	-1.0	7.0	38
鐵	0.81005859375	0.240478515625	0.81982421875	0.250244140625	-1.0	7.0	38
鐸	0.7177734375	0.5	0.7275390625	0.509521484375	-1.0	8.0	38
鐺	0.170166015625	0.382568359375	0.1796875	0.392333984375	-1.0	7.0	38
鐾	0.205078125	0.755126953125	0.21484375	0.764404296875	-1.0	7.0	38
鑄	0.73828125	0.499755859375	0.748046875	0.50927734375	-1.0	7.0	38
鑑	0.24169921875	0.850341796875	0.25146484375	0.859375	-1.0	8.0	38
鑒	0.19482421875	0.755126953125	0.20458984375	0.764404296875	-1.0	7.0	38
鑠	0.8203125	0.240478515625	0.830078125	0.250244140625	-1.0	7.0	38
鑣	0.8408203125	0.240478515625	0.8505859375	0.250244140625	-1.0	7.0	38
鑤	0.15380859375	0.755126953125	0.16357421875	0.764404296875	-1.0	8.0	38
鑪	0.76904296875	0.499755859375	0.77880859375	0.50927734375	-1.0	7.0	38
鑫	0.09228515625	0.755126953125	0.10205078125	0.764404296875	-1.0	8.0	38
鑰	0.85107421875	0.240478515625	0.86083984375	0.250244140625	-1.0	7.0	38
鑲	0.861328125	0.240478515625	0.87109375	0.250244140625	-1.0	7.0	38
鑷	0.18017578125	0.382568359375	0.189697265625	0.392333984375	-1.0	7.0	38
鑼	0.81005859375	0.499755859375	0.81982421875	0.50927734375	-1.0	8.0	38
鑽	0.87158203125	0.240478515625	0.88134765625	0.250244140625	-1.0	7.0	38
鑾	0.650634765625	0.781982421875	0.66015625	0.791259765625	-1.0	7.0	38
鑿	0.86328125	0.857177734375	0.872802734375	0.8662109375	-1.0	8.0	38
钅	0.61669921875	0.461181640625	0.6220703125	0.470947265625	-1.0	7.0	38
钆	0.8408203125	0.499755859375	0.8505859375	0.50927734375	-1.0	7.0	38
钇	0.85107421875	0.499755859375	0.86083984375	0.50927734375	-1.0	7.0	38
针	0.8818359375	0.240478515625	0.8916015625	0.250244140625	-1.0	7.0	38
钉	0.87158203125	0.499755859375	0.88134765625	0.50927734375	-1.0	7.0	38
钊	0.533203125	0.451171875	0.542236328125	0.4609375	-1.0	7.0	38
钋	0.89208984375	0.240478515625	0.90185546875	0.250244140625	-1.0	7.0	38
钌	0.630615234375	0.63720703125	0.64013671875	0.646728515625	-1.0	7.0	38
钍	0.90234375	0.499755859375	0.912109375	0.50927734375	-1.0	7.0	38
钎	0.91259765625	0.240478515625	0.92236328125	0.250244140625	-1.0	7.0	38
钏	0.9765625	0.430419921875	0.98583984375	0.440185546875	-1.0	7.0	38
钐	0.93310546875	0.240234375	0.94287109375	0.25	-1.0	7.0	38
钒	0.9638671875	0.240234375	0.9736328125	0.25	-1.0	7.0	38
钓	0.0	0.442626953125	0.00927734375	0.452392578125	-1.0	7.0	38
钔	0.2890625	0.391357421875	0.29833984375	0.401123046875	-1.0	7.0	38
钕	0.984375	0.240234375	0.994140625	0.25	-1.0	7.0	38
钗	0.0	0.25244140625	0.009765625	0.26220703125	-1.0	7.0	38
钙	0.0	0.51171875	0.009765625	0.521240234375	-1.0	7.0	38
钚	0.01025390625	0.25244140625	0.02001953125	0.26220703125	-1.0	7.0	38
钛	0.0205078125	0.51171875	0.0302734375	0.521240234375	-1.0	7.0	38
钜	0.770751953125	0.636474609375	0.7802734375	0.64599609375	-1.0	7.0	38
钝	0.03076171875	0.51171875	0.04052734375	0.521240234375	-1.0	7.0	38
钞	0.03076171875	0.25244140625	0.04052734375	0.26220703125	-1.0	7.0	38
钟	0.009765625	0.442626953125	0.01904296875	0.452392578125	-1.0	7.0	38
钠	0.01953125	0.442626953125	0.02880859375	0.452392578125	-1.0	7.0	38
钡	0.57421875	0.07080078125	0.583984375	0.08056640625	-1.0	7.0	38
钢	0.9501953125	0.646240234375	0.95947265625	0.65576171875	-1.0	7.0	38
钣	0.041015625	0.25244140625	0.05078125	0.26220703125	-1.0	7.0	38
钤	0.0615234375	0.25244140625	0.0712890625	0.26220703125	-1.0	7.0	38
钥	0.656982421875	0.451171875	0.666015625	0.4609375	-1.0	7.0	38
钦	0.1025390625	0.25244140625	0.1123046875	0.26220703125	-1.0	7.0	38
钧	0.80078125	0.695068359375	0.81005859375	0.70458984375	-1.0	7.0	38
钨	0.880859375	0.636474609375	0.890380859375	0.64599609375	-1.0	7.0	38
钩	0.771484375	0.695068359375	0.78076171875	0.70458984375	-1.0	7.0	38
钪	0.11279296875	0.25244140625	0.12255859375	0.26220703125	-1.0	7.0	38
钫	0.330322265625	0.38134765625	0.33984375	0.39111328125	-1.0	7.0	38
钬	0.34033203125	0.38134765625	0.349853515625	0.39111328125	-1.0	7.0	38
钭	0.123046875	0.25244140625	0.1328125	0.26220703125	-1.0	7.0	38
钮	0.750732421875	0.78173828125	0.76025390625	0.791015625	-1.0	7.0	38
钯	0.1640625	0.51171875	0.173828125	0.521240234375	-1.0	7.0	38
钰	0.17431640625	0.51171875	0.18408203125	0.521240234375	-1.0	7.0	38
钱	0.1845703125	0.51171875	0.1943359375	0.521240234375	-1.0	7.0	38
钲	0.19482421875	0.51171875	0.20458984375	0.521240234375	-1.0	7.0	38
钳	0.3603515625	0.38134765625	0.369873046875	0.39111328125	-1.0	7.0	38
钴	0.370361328125	0.381103515625	0.3798828125	0.390869140625	-1.0	7.0	38
钵	0.13330078125	0.25244140625	0.14306640625	0.26220703125	-1.0	7.0	38
钶	0.23583984375	0.510986328125	0.24560546875	0.5205078125	-1.0	7.0	38
钷	0.0400390625	0.6484375	0.049560546875	0.657958984375	-1.0	7.0	38
钸	0.1435546875	0.25244140625	0.1533203125	0.26220703125	-1.0	7.0	38
钹	0.15380859375	0.25244140625	0.16357421875	0.26220703125	-1.0	7.0	38
钺	0.1640625	0.25244140625	0.173828125	0.26220703125	-1.0	7.0	38
钻	0.390380859375	0.381103515625	0.39990234375	0.390869140625	-1.0	7.0	38
钼	0.68359375	0.69580078125	0.69287109375	0.705322265625	-1.0	7.0	38
钽	0.66650390625	0.743896484375	0.67626953125	0.753173828125	-1.0	7.0	38
钾	0.068359375	0.442626953125	0.07763671875	0.452392578125	-1.0	7.0	38
钿	0.654296875	0.69580078125	0.66357421875	0.705322265625	-1.0	7.0	38
铀	0.64453125	0.69580078125	0.65380859375	0.705322265625	-1.0	7.0	38
铁	0.400390625	0.381103515625	0.409912109375	0.390869140625	-1.0	7.0	38
铂	0.087890625	0.442626953125	0.09716796875	0.452392578125	-1.0	7.0	38
铃	0.17431640625	0.25244140625	0.18408203125	0.26220703125	-1.0	7.0	38
铄	0.328125	0.510498046875	0.337890625	0.52001953125	-1.0	7.0	38
铅	0.1845703125	0.25244140625	0.1943359375	0.26220703125	-1.0	7.0	38
铆	0.09765625	0.442626953125	0.10693359375	0.452392578125	-1.0	7.0	38
铈	0.430419921875	0.381103515625	0.43994140625	0.390869140625	-1.0	7.0	38
铉	0.19482421875	0.25244140625	0.20458984375	0.26220703125	-1.0	7.0	38
铊	0.18017578125	0.6484375	0.189697265625	0.657958984375	-1.0	7.0	38
铋	0.8408203125	0.78125	0.850341796875	0.79052734375	-1.0	7.0	38
铌	0.21533203125	0.251708984375	0.22509765625	0.261474609375	-1.0	7.0	38
铍	0.2255859375	0.25146484375	0.2353515625	0.26123046875	-1.0	7.0	38
铎	0.39990234375	0.51025390625	0.40966796875	0.519775390625	-1.0	7.0	38
铐	0.41015625	0.51025390625	0.419921875	0.519775390625	-1.0	7.0	38
铑	0.42041015625	0.51025390625	0.43017578125	0.519775390625	-1.0	7.0	38
铒	0.937255859375	0.0	0.947021484375	0.009765625	-1.0	7.0	38
铕	0.44091796875	0.51025390625	0.45068359375	0.519775390625	-1.0	7.0	38
铖	0.968017578125	0.0	0.977783203125	0.009765625	-1.0	7.0	38
铗	0.988525390625	0.0	0.998291015625	0.009765625	-1.0	7.0	38
铘	0.4921875	0.743896484375	0.501953125	0.753173828125	-1.0	8.0	38
铙	0.470458984375	0.381103515625	0.47998046875	0.390869140625	-1.0	7.0	38
铛	0.310302734375	0.647216796875	0.31982421875	0.65673828125	-1.0	7.0	38
铜	0.126953125	0.442626953125	0.13623046875	0.452392578125	-1.0	7.0	38
铝	0.13671875	0.442626953125	0.14599609375	0.452392578125	-1.0	7.0	38
铞	0.146484375	0.442626953125	0.15576171875	0.452392578125	-1.0	7.0	38
铟	0.15625	0.442626953125	0.16552734375	0.452392578125	-1.0	7.0	38
铠	0.52294921875	0.51025390625	0.53271484375	0.519775390625	-1.0	7.0	38
铡	0.166015625	0.442626953125	0.17529296875	0.452392578125	-1.0	7.0	38
铢	0.0205078125	0.01220703125	0.0302734375	0.02197265625	-1.0	7.0	38
铣	0.05126953125	0.01220703125	0.06103515625	0.02197265625	-1.0	7.0	38
铤	0.07177734375	0.01220703125	0.08154296875	0.02197265625	-1.0	7.0	38
铥	0.08203125	0.01220703125	0.091796875	0.02197265625	-1.0	7.0	38
铧	0.13330078125	0.01220703125	0.14306640625	0.02197265625	-1.0	7.0	38
铨	0.5947265625	0.51025390625	0.6044921875	0.519775390625	-1.0	7.0	38
铩	0.46044921875	0.64697265625	0.469970703125	0.656494140625	-1.0	7.0	38
铪	0.60498046875	0.51025390625	0.61474609375	0.519775390625	-1.0	7.0	38
铫	0.1435546875	0.01220703125	0.1533203125	0.02197265625	-1.0	7.0	38
铬	0.17431640625	0.01220703125	0.18408203125	0.02197265625	-1.0	7.0	38
铭	0.185546875	0.442626953125	0.19482421875	0.452392578125	-1.0	7.0	38
铮	0.510498046875	0.64697265625	0.52001953125	0.656494140625	-1.0	7.0	38
铯	0.64599609375	0.51025390625	0.65576171875	0.519775390625	-1.0	7.0	38
铰	0.19482421875	0.01220703125	0.20458984375	0.02197265625	-1.0	7.0	38
铱	0.205078125	0.01220703125	0.21484375	0.02197265625	-1.0	7.0	38
铲	0.2255859375	0.01123046875	0.2353515625	0.02099609375	-1.0	7.0	38
铳	0.23583984375	0.010986328125	0.24560546875	0.020751953125	-1.0	7.0	38
铴	0.68359375	0.820068359375	0.69287109375	0.829345703125	-1.0	8.0	38
铵	0.24609375	0.010986328125	0.255859375	0.020751953125	-1.0	7.0	38
银	0.2666015625	0.010986328125	0.2763671875	0.020751953125	-1.0	7.0	38
铷	0.1953125	0.442626953125	0.20458984375	0.452392578125	-1.0	7.0	38
铸	0.8408203125	0.587646484375	0.850341796875	0.59716796875	-1.0	7.0	38
铹	0.27685546875	0.010986328125	0.28662109375	0.020751953125	-1.0	7.0	38
铺	0.29736328125	0.010986328125	0.30712890625	0.020751953125	-1.0	7.0	38
铼	0.328125	0.010986328125	0.337890625	0.020751953125	-1.0	7.0	38
铽	0.7587890625	0.509521484375	0.7685546875	0.51904296875	-1.0	7.0	38
链	0.58056640625	0.381103515625	0.590087890625	0.390869140625	-1.0	7.0	38
铿	0.779296875	0.509521484375	0.7890625	0.51904296875	-1.0	7.0	38
销	0.205078125	0.442626953125	0.21435546875	0.452392578125	-1.0	7.0	38
锁	0.33837890625	0.010986328125	0.34814453125	0.020751953125	-1.0	7.0	38
锂	0.0615234375	0.74560546875	0.0712890625	0.7548828125	-1.0	7.0	38
锃	0.81005859375	0.509521484375	0.81982421875	0.51904296875	-1.0	7.0	38
锄	0.224609375	0.44189453125	0.23388671875	0.45166015625	-1.0	7.0	38
锅	0.234375	0.441650390625	0.24365234375	0.451416015625	-1.0	7.0	38
锆	0.3486328125	0.010986328125	0.3583984375	0.020751953125	-1.0	7.0	38
锇	0.35888671875	0.0107421875	0.36865234375	0.0205078125	-1.0	7.0	38
锈	0.369140625	0.0107421875	0.37890625	0.0205078125	-1.0	7.0	38
锉	0.87158203125	0.509521484375	0.88134765625	0.51904296875	-1.0	7.0	38
锊	0.750732421875	0.646240234375	0.76025390625	0.65576171875	-1.0	7.0	38
锋	0.37939453125	0.0107421875	0.38916015625	0.0205078125	-1.0	7.0	38
锌	0.3896484375	0.0107421875	0.3994140625	0.0205078125	-1.0	7.0	38
锍	0.39990234375	0.0107421875	0.40966796875	0.0205078125	-1.0	7.0	38
锎	0.244140625	0.44140625	0.25341796875	0.451171875	-1.0	7.0	38
锏	0.25390625	0.44140625	0.26318359375	0.451171875	-1.0	7.0	38
锐	0.41015625	0.0107421875	0.419921875	0.0205078125	-1.0	7.0	38
锑	0.650634765625	0.380859375	0.66015625	0.390625	-1.0	7.0	38
锒	0.4306640625	0.0107421875	0.4404296875	0.0205078125	-1.0	7.0	38
锓	0.44091796875	0.0107421875	0.45068359375	0.0205078125	-1.0	7.0	38
锔	0.850830078125	0.646240234375	0.8603515625	0.65576171875	-1.0	7.0	38
锕	0.451171875	0.0107421875	0.4609375	0.0205078125	-1.0	7.0	38
锖	0.46142578125	0.0107421875	0.47119140625	0.0205078125	-1.0	7.0	38
锗	0.4716796875	0.0107421875	0.4814453125	0.0205078125	-1.0	7.0	38
锘	0.48193359375	0.0107421875	0.49169921875	0.0205078125	-1.0	7.0	38
错	0.4921875	0.0107421875	0.501953125	0.0205078125	-1.0	7.0	38
锚	0.5126953125	0.0107421875	0.5224609375	0.0205078125	-1.0	7.0	38
锛	0.52294921875	0.0107421875	0.53271484375	0.0205078125	-1.0	7.0	38
锝	0.05126953125	0.521484375	0.06103515625	0.531005859375	-1.0	7.0	38
锞	0.533203125	0.0107421875	0.54296875	0.0205078125	-1.0	7.0	38
锟	0.07177734375	0.521484375	0.08154296875	0.531005859375	-1.0	7.0	38
锡	0.283203125	0.44140625	0.29248046875	0.451171875	-1.0	7.0	38
锢	0.302734375	0.696044921875	0.31201171875	0.70556640625	-1.0	8.0	38
锣	0.29296875	0.696044921875	0.30224609375	0.70556640625	-1.0	7.0	38
锤	0.09228515625	0.521484375	0.10205078125	0.531005859375	-1.0	7.0	38
锥	0.750732421875	0.380615234375	0.76025390625	0.390380859375	-1.0	7.0	38
锦	0.205078125	0.697265625	0.21435546875	0.706787109375	-1.0	7.0	38
锨	0.54345703125	0.0107421875	0.55322265625	0.0205078125	-1.0	7.0	38
锩	0.123046875	0.521484375	0.1328125	0.531005859375	-1.0	7.0	38
锪	0.13330078125	0.521484375	0.14306640625	0.531005859375	-1.0	7.0	38
锫	0.58447265625	0.0107421875	0.59423828125	0.0205078125	-1.0	7.0	38
锬	0.5947265625	0.0107421875	0.6044921875	0.0205078125	-1.0	7.0	38
锭	0.60498046875	0.0107421875	0.61474609375	0.0205078125	-1.0	7.0	38
键	0.6357421875	0.0107421875	0.6455078125	0.0205078125	-1.0	7.0	38
锯	0.1845703125	0.521484375	0.1943359375	0.531005859375	-1.0	7.0	38
锰	0.19482421875	0.521484375	0.20458984375	0.531005859375	-1.0	7.0	38
锱	0.82666015625	0.577880859375	0.836181640625	0.58740234375	-1.0	7.0	38
锲	0.65625	0.010498046875	0.666015625	0.020263671875	-1.0	7.0	38
锴	0.66650390625	0.010498046875	0.67626953125	0.020263671875	-1.0	7.0	38
锵	0.6767578125	0.010498046875	0.6865234375	0.020263671875	-1.0	7.0	38
锶	0.23583984375	0.520751953125	0.24560546875	0.5302734375	-1.0	7.0	38
锷	0.876708984375	0.577880859375	0.88623046875	0.58740234375	-1.0	7.0	38
锸	0.7177734375	0.01025390625	0.7275390625	0.02001953125	-1.0	7.0	38
锹	0.73828125	0.01025390625	0.748046875	0.02001953125	-1.0	7.0	38
锺	0.2666015625	0.520263671875	0.2763671875	0.52978515625	-1.0	7.0	38
锻	0.76904296875	0.01025390625	0.77880859375	0.02001953125	-1.0	7.0	38
锼	0.779296875	0.01025390625	0.7890625	0.02001953125	-1.0	7.0	38
锾	0.78955078125	0.01025390625	0.79931640625	0.02001953125	-1.0	7.0	38
锿	0.7998046875	0.01025390625	0.8095703125	0.02001953125	-1.0	7.0	38
镀	0.81005859375	0.01025390625	0.81982421875	0.02001953125	-1.0	7.0	38
镁	0.8203125	0.01025390625	0.830078125	0.02001953125	-1.0	7.0	38
镂	0.83056640625	0.01025390625	0.84033203125	0.02001953125	-1.0	7.0	38
镄	0.86083984375	0.380615234375	0.870361328125	0.390380859375	-1.0	7.0	38
镅	0.13671875	0.697265625	0.14599609375	0.706787109375	-1.0	8.0	38
镆	0.8408203125	0.01025390625	0.8505859375	0.02001953125	-1.0	7.0	38
镇	0.861328125	0.01025390625	0.87109375	0.02001953125	-1.0	7.0	38
镉	0.910888671875	0.380615234375	0.92041015625	0.390380859375	-1.0	7.0	38
镊	0.3896484375	0.52001953125	0.3994140625	0.529541015625	-1.0	8.0	38
镌	0.9208984375	0.380615234375	0.930419921875	0.390380859375	-1.0	7.0	38
镍	0.87158203125	0.01025390625	0.88134765625	0.02001953125	-1.0	7.0	38
镎	0.42041015625	0.52001953125	0.43017578125	0.529541015625	-1.0	7.0	38
镏	0.080078125	0.793212890625	0.089599609375	0.802490234375	-1.0	8.0	38
镐	0.930908203125	0.380615234375	0.9404296875	0.390380859375	-1.0	7.0	38
镑	0.94091796875	0.38037109375	0.950439453125	0.39013671875	-1.0	7.0	38
镒	0.5947265625	0.734375	0.6044921875	0.74365234375	-1.0	7.0	38
镓	0.8818359375	0.01025390625	0.8916015625	0.02001953125	-1.0	7.0	38
镔	0.89208984375	0.01025390625	0.90185546875	0.02001953125	-1.0	7.0	38
镖	0.57421875	0.734375	0.583984375	0.74365234375	-1.0	8.0	38
镗	0.4716796875	0.52001953125	0.4814453125	0.529541015625	-1.0	7.0	38
镘	0.48193359375	0.52001953125	0.49169921875	0.529541015625	-1.0	8.0	38
镙	0.4921875	0.52001953125	0.501953125	0.529541015625	-1.0	8.0	38
镛	0.950927734375	0.38037109375	0.96044921875	0.39013671875	-1.0	7.0	38
镜	0.9228515625	0.01025390625	0.9326171875	0.02001953125	-1.0	7.0	38
镝	0.010009765625	0.392578125	0.01953125	0.40234375	-1.0	7.0	38
镞	0.93310546875	0.010009765625	0.94287109375	0.019775390625	-1.0	7.0	38
镟	0.943359375	0.010009765625	0.953125	0.019775390625	-1.0	7.0	38
镡	0.95361328125	0.010009765625	0.96337890625	0.019775390625	-1.0	7.0	38
镢	0.9638671875	0.010009765625	0.9736328125	0.019775390625	-1.0	7.0	38
镣	0.97412109375	0.010009765625	0.98388671875	0.019775390625	-1.0	7.0	38
镤	0.984375	0.010009765625	0.994140625	0.019775390625	-1.0	7.0	38
镥	0.0	0.022216796875	0.009765625	0.031982421875	-1.0	7.0	38
镦	0.01025390625	0.022216796875	0.02001953125	0.031982421875	-1.0	7.0	38
镧	0.05859375	0.697265625	0.06787109375	0.706787109375	-1.0	7.0	38
镨	0.615234375	0.52001953125	0.625	0.529541015625	-1.0	7.0	38
镩	0.070068359375	0.392578125	0.07958984375	0.40234375	-1.0	7.0	38
镪	0.0205078125	0.022216796875	0.0302734375	0.031982421875	-1.0	7.0	38
镫	0.64599609375	0.52001953125	0.65576171875	0.529541015625	-1.0	7.0	38
镬	0.03076171875	0.022216796875	0.04052734375	0.031982421875	-1.0	7.0	38
镭	0.10009765625	0.392578125	0.109619140625	0.40234375	-1.0	7.0	38
镯	0.01953125	0.697265625	0.02880859375	0.706787109375	-1.0	8.0	38
镰	0.041015625	0.022216796875	0.05078125	0.031982421875	-1.0	7.0	38
镱	0.68701171875	0.519775390625	0.69677734375	0.529296875	-1.0	7.0	38
镲	0.697265625	0.519775390625	0.70703125	0.529296875	-1.0	7.0	38
镳	0.05126953125	0.022216796875	0.06103515625	0.031982421875	-1.0	7.0	38
镶	0.07177734375	0.022216796875	0.08154296875	0.031982421875	-1.0	7.0	38
長	0.2001953125	0.793212890625	0.209716796875	0.802490234375	0.0	9.0	38
长	0.1201171875	0.392578125	0.129638671875	0.40234375	-1.0	7.0	38
門	0.917724609375	0.875732421875	0.92626953125	0.884765625	2.0	9.0	38
閂	0.8720703125	0.83837890625	0.880615234375	0.84765625	1.0	9.0	38
閃	0.628173828125	0.839111328125	0.63671875	0.848388671875	2.0	9.0	38
閉	0.85400390625	0.83837890625	0.862548828125	0.84765625	1.0	9.0	38
開	0.0	0.8408203125	0.0087890625	0.85009765625	1.0	9.0	38
閎	0.863037109375	0.83837890625	0.87158203125	0.84765625	1.0	9.0	38
閏	0.04638671875	0.8408203125	0.05517578125	0.85009765625	1.0	9.0	38
閑	0.0556640625	0.8408203125	0.064453125	0.85009765625	1.0	9.0	38
閒	0.06494140625	0.8408203125	0.07373046875	0.85009765625	1.0	9.0	38
間	0.07421875	0.8408203125	0.0830078125	0.85009765625	1.0	9.0	38
閔	0.990966796875	0.771728515625	0.99951171875	0.781005859375	2.0	9.0	38
閘	0.0927734375	0.8408203125	0.1015625	0.85009765625	1.0	9.0	38
閡	0.990966796875	0.78125	0.99951171875	0.79052734375	1.0	9.0	38
閣	0.111328125	0.8408203125	0.1201171875	0.85009765625	1.0	9.0	38
閤	0.19482421875	0.8408203125	0.20361328125	0.85009765625	1.0	9.0	38
閥	0.537841796875	0.839111328125	0.54638671875	0.848388671875	1.0	9.0	38
閨	0.22265625	0.8408203125	0.2314453125	0.85009765625	1.0	9.0	38
閩	0.23193359375	0.8408203125	0.24072265625	0.85009765625	1.0	9.0	38
閭	0.2412109375	0.8408203125	0.25	0.85009765625	1.0	9.0	38
閱	0.25048828125	0.8408203125	0.25927734375	0.85009765625	1.0	9.0	38
閻	0.546875	0.839111328125	0.555419921875	0.848388671875	2.0	9.0	38
闆	0.26904296875	0.840087890625	0.27783203125	0.849365234375	1.0	9.0	38
闈	0.2783203125	0.83984375	0.287109375	0.84912109375	1.0	9.0	38
闊	0.28759765625	0.839599609375	0.29638671875	0.848876953125	1.0	9.0	38
闋	0.296875	0.839599609375	0.3056640625	0.848876953125	1.0	9.0	38
闌	0.555908203125	0.839111328125	0.564453125	0.848388671875	1.0	9.0	38
闐	0.978271484375	0.828857421875	0.987060546875	0.838134765625	1.0	9.0	38
闔	0.32470703125	0.839599609375	0.33349609375	0.848876953125	1.0	9.0	38
闕	0.333984375	0.839599609375	0.3427734375	0.848876953125	1.0	9.0	38
闖	0.573974609375	0.839111328125	0.58251953125	0.848388671875	2.0	9.0	38
關	0.3896484375	0.83935546875	0.3984375	0.8486328125	1.0	9.0	38
闡	0.39892578125	0.83935546875	0.40771484375	0.8486328125	1.0	9.0	38
闢	0.41748046875	0.83935546875	0.42626953125	0.8486328125	1.0	9.0	38
门	0.09228515625	0.716796875	0.1005859375	0.726318359375	2.0	7.0	38
闩	0.990966796875	0.3203125	0.99951171875	0.330078125	1.0	7.0	38
闪	0.990966796875	0.62646484375	0.99951171875	0.635986328125	1.0	7.0	38
闫	0.90185546875	0.45068359375	0.91064453125	0.46044921875	1.0	7.0	38
闭	0.787841796875	0.704833984375	0.796630859375	0.71435546875	1.0	7.0	38
问	0.185546875	0.462646484375	0.1943359375	0.472412109375	1.0	7.0	38
闯	0.19482421875	0.462646484375	0.20361328125	0.472412109375	1.0	7.0	38
闰	0.13916015625	0.462646484375	0.14794921875	0.472412109375	1.0	7.0	38
闱	0.02783203125	0.462646484375	0.03662109375	0.472412109375	1.0	7.0	38
闲	0.9111328125	0.45068359375	0.919921875	0.46044921875	1.0	7.0	38
闳	0.88330078125	0.45068359375	0.89208984375	0.46044921875	1.0	7.0	38
间	0.84619140625	0.45068359375	0.85498046875	0.46044921875	1.0	7.0	38
闵	0.34326171875	0.46142578125	0.35205078125	0.47119140625	1.0	7.0	38
闶	0.333984375	0.46142578125	0.3427734375	0.47119140625	1.0	7.0	38
闷	0.37060546875	0.46142578125	0.37890625	0.47119140625	2.0	7.0	38
闸	0.769287109375	0.704833984375	0.778076171875	0.71435546875	1.0	7.0	38
闹	0.32470703125	0.46142578125	0.33349609375	0.47119140625	1.0	7.0	38
闺	0.3154296875	0.46142578125	0.32421875	0.47119140625	1.0	7.0	38
闻	0.760009765625	0.704833984375	0.768798828125	0.71435546875	1.0	7.0	38
闼	0.30615234375	0.46142578125	0.31494140625	0.47119140625	1.0	7.0	38
闽	0.93896484375	0.45068359375	0.94775390625	0.46044921875	1.0	7.0	38
闾	0.296875	0.46142578125	0.3056640625	0.47119140625	1.0	7.0	38
阀	0.750732421875	0.705078125	0.759521484375	0.714599609375	1.0	7.0	38
阁	0.28759765625	0.46142578125	0.29638671875	0.47119140625	1.0	7.0	38
阂	0.2783203125	0.46142578125	0.287109375	0.47119140625	1.0	7.0	38
阃	0.259765625	0.46142578125	0.2685546875	0.47119140625	1.0	7.0	38
阄	0.25048828125	0.46142578125	0.25927734375	0.47119140625	1.0	7.0	38
阅	0.23193359375	0.4619140625	0.24072265625	0.4716796875	1.0	7.0	38
阆	0.741455078125	0.705078125	0.750244140625	0.714599609375	1.0	7.0	38
阈	0.22265625	0.462646484375	0.2314453125	0.472412109375	1.0	7.0	38
阉	0.21337890625	0.462646484375	0.22216796875	0.472412109375	1.0	7.0	38
阊	0.2041015625	0.462646484375	0.212890625	0.472412109375	1.0	7.0	38
阋	0.17626953125	0.462646484375	0.18505859375	0.472412109375	1.0	7.0	38
阌	0.1669921875	0.462646484375	0.17578125	0.472412109375	1.0	7.0	38
阍	0.111328125	0.462646484375	0.1201171875	0.472412109375	1.0	7.0	38
阎	0.10205078125	0.462646484375	0.11083984375	0.472412109375	1.0	7.0	38
阏	0.08349609375	0.462646484375	0.09228515625	0.472412109375	1.0	7.0	38
阐	0.07421875	0.462646484375	0.0830078125	0.472412109375	1.0	7.0	38
阑	0.0556640625	0.462646484375	0.064453125	0.472412109375	1.0	7.0	38
阒	0.037109375	0.462646484375	0.0458984375	0.472412109375	1.0	7.0	38
阔	0.00927734375	0.462646484375	0.01806640625	0.472412109375	1.0	7.0	38
阕	0.0	0.462646484375	0.0087890625	0.472412109375	1.0	7.0	38
阖	0.97607421875	0.450439453125	0.98486328125	0.460205078125	1.0	7.0	38
阗	0.966796875	0.450439453125	0.9755859375	0.460205078125	1.0	7.0	38
阙	0.95751953125	0.450439453125	0.96630859375	0.460205078125	1.0	7.0	38
阚	0.9482421875	0.45068359375	0.95703125	0.46044921875	1.0	7.0	38
阜	0.130126953125	0.392578125	0.1396484375	0.40234375	-1.0	7.0	38
阝	0.99462890625	0.557861328125	0.9990234375	0.567138671875	2.0	9.0	38
队	0.830078125	0.685302734375	0.83935546875	0.69482421875	1.0	8.0	38
阡	0.029296875	0.87841796875	0.03857421875	0.887451171875	1.0	9.0	38
阢	0.673828125	0.810546875	0.68310546875	0.81982421875	1.0	9.0	38
阪	0.6640625	0.810546875	0.67333984375	0.81982421875	1.0	9.0	38
阬	0.37109375	0.44140625	0.38037109375	0.451171875	1.0	7.0	38
阮	0.537109375	0.810546875	0.54638671875	0.81982421875	1.0	9.0	38
阱	0.380859375	0.441162109375	0.39013671875	0.450927734375	1.0	7.0	38
防	0.390625	0.441162109375	0.39990234375	0.450927734375	1.0	7.0	38
阳	0.185546875	0.8408203125	0.1943359375	0.85009765625	1.0	9.0	38
阴	0.990966796875	0.790771484375	0.99951171875	0.800048828125	1.0	9.0	38
阵	0.400390625	0.441162109375	0.40966796875	0.450927734375	1.0	7.0	38
阶	0.41015625	0.441162109375	0.41943359375	0.450927734375	1.0	7.0	38
阻	0.078125	0.812255859375	0.08740234375	0.821533203125	1.0	9.0	38
阼	0.8203125	0.685302734375	0.82958984375	0.69482421875	1.0	7.0	38
阽	0.810546875	0.685302734375	0.81982421875	0.69482421875	1.0	8.0	38
阿	0.078125	0.87841796875	0.08740234375	0.887451171875	1.0	10.0	38
陀	0.3427734375	0.451416015625	0.351806640625	0.461181640625	1.0	7.0	38
陂	0.419921875	0.441162109375	0.42919921875	0.450927734375	1.0	7.0	38
附	0.4296875	0.441162109375	0.43896484375	0.450927734375	1.0	7.0	38
际	0.91650390625	0.80029296875	0.92578125	0.8095703125	1.0	9.0	38
陆	0.771484375	0.685302734375	0.78076171875	0.69482421875	1.0	8.0	38
陇	0.439453125	0.441162109375	0.44873046875	0.450927734375	1.0	7.0	38
陈	0.751953125	0.685302734375	0.76123046875	0.69482421875	1.0	7.0	38
陉	0.77978515625	0.80029296875	0.7890625	0.8095703125	1.0	9.0	38
陋	0.302734375	0.876953125	0.31201171875	0.885986328125	1.0	10.0	38
陌	0.768798828125	0.829345703125	0.77783203125	0.838623046875	1.0	9.0	38
降	0.44921875	0.441162109375	0.45849609375	0.450927734375	1.0	7.0	38
限	0.05859375	0.831298828125	0.06787109375	0.840576171875	1.0	9.0	38
陔	0.458984375	0.441162109375	0.46826171875	0.450927734375	1.0	7.0	38
陕	0.46875	0.441162109375	0.47802734375	0.450927734375	1.0	7.0	38
陘	0.009765625	0.831298828125	0.01904296875	0.840576171875	1.0	9.0	38
陛	0.72265625	0.685791015625	0.73193359375	0.6953125	1.0	8.0	38
陝	0.478515625	0.441162109375	0.48779296875	0.450927734375	1.0	7.0	38
陞	0.712890625	0.685791015625	0.72216796875	0.6953125	1.0	8.0	38
陟	0.693359375	0.685791015625	0.70263671875	0.6953125	1.0	8.0	38
陡	0.68359375	0.68603515625	0.69287109375	0.695556640625	1.0	8.0	38
院	0.48828125	0.441162109375	0.49755859375	0.450927734375	1.0	7.0	38
陣	0.498046875	0.441162109375	0.50732421875	0.450927734375	1.0	7.0	38
除	0.6640625	0.68603515625	0.67333984375	0.695556640625	1.0	8.0	38
陧	0.64453125	0.820068359375	0.65380859375	0.829345703125	1.0	9.0	38
陨	0.537109375	0.820068359375	0.54638671875	0.829345703125	1.0	9.0	38
险	0.5078125	0.441162109375	0.51708984375	0.450927734375	1.0	7.0	38
陪	0.517578125	0.441162109375	0.52685546875	0.450927734375	1.0	7.0	38
陬	0.4296875	0.820068359375	0.43896484375	0.829345703125	1.0	9.0	38
陰	0.52734375	0.441162109375	0.53662109375	0.450927734375	1.0	7.0	38
陲	0.283203125	0.820556640625	0.29248046875	0.829833984375	1.0	9.0	38
陳	0.537109375	0.441162109375	0.54638671875	0.450927734375	1.0	7.0	38
陴	0.546875	0.441162109375	0.55615234375	0.450927734375	1.0	7.0	38
陵	0.556640625	0.441162109375	0.56591796875	0.450927734375	1.0	7.0	38
陶	0.945556640625	0.704833984375	0.954345703125	0.71435546875	1.0	7.0	38
陷	0.92041015625	0.45068359375	0.92919921875	0.46044921875	1.0	7.0	38
陸	0.634765625	0.68603515625	0.64404296875	0.695556640625	1.0	8.0	38
陽	0.205078125	0.82177734375	0.21435546875	0.8310546875	1.0	9.0	38
隄	0.087890625	0.82177734375	0.09716796875	0.8310546875	1.0	9.0	38
隅	0.1484375	0.8408203125	0.1572265625	0.85009765625	1.0	9.0	38
隆	0.56640625	0.441162109375	0.57568359375	0.450927734375	1.0	7.0	38
隈	0.009765625	0.82177734375	0.01904296875	0.8310546875	1.0	9.0	38
隊	0.576171875	0.441162109375	0.58544921875	0.450927734375	1.0	7.0	38
隋	0.5859375	0.441162109375	0.59521484375	0.450927734375	1.0	7.0	38
隍	0.595703125	0.441162109375	0.60498046875	0.450927734375	1.0	7.0	38
階	0.615234375	0.68603515625	0.62451171875	0.695556640625	1.0	8.0	38
随	0.60546875	0.441162109375	0.61474609375	0.450927734375	1.0	7.0	38
隐	0.615234375	0.441162109375	0.62451171875	0.450927734375	1.0	7.0	38
隔	0.34033203125	0.830078125	0.349365234375	0.83935546875	1.0	9.0	38
隕	0.908203125	0.809814453125	0.91748046875	0.819091796875	1.0	9.0	38
隗	0.625	0.441162109375	0.63427734375	0.450927734375	1.0	7.0	38
隘	0.634765625	0.441162109375	0.64404296875	0.450927734375	0.0	7.0	38
隙	0.64453125	0.441162109375	0.65380859375	0.450927734375	1.0	7.0	38
際	0.546875	0.68603515625	0.55615234375	0.695556640625	1.0	8.0	38
障	0.654296875	0.441162109375	0.66357421875	0.450927734375	1.0	7.0	38
隧	0.6640625	0.44091796875	0.67333984375	0.45068359375	1.0	7.0	38
隨	0.673828125	0.44091796875	0.68310546875	0.45068359375	1.0	7.0	38
險	0.478515625	0.68603515625	0.48779296875	0.695556640625	1.0	8.0	38
隰	0.0	0.812255859375	0.00927734375	0.821533203125	1.0	9.0	38
隱	0.46875	0.68603515625	0.47802734375	0.695556640625	1.0	8.0	38
隳	0.08203125	0.022216796875	0.091796875	0.031982421875	-1.0	7.0	38
隴	0.693359375	0.44091796875	0.70263671875	0.45068359375	1.0	7.0	38
隶	0.14013671875	0.599609375	0.149658203125	0.609130859375	-1.0	7.0	38
隸	0.68701171875	0.743896484375	0.69677734375	0.753173828125	-1.0	8.0	38
隹	0.150146484375	0.392578125	0.15966796875	0.40234375	-1.0	7.0	38
隻	0.09228515625	0.022216796875	0.10205078125	0.031982421875	-1.0	7.0	38
隼	0.703125	0.44091796875	0.71240234375	0.45068359375	-1.0	7.0	38
隽	0.170166015625	0.392578125	0.1796875	0.40234375	-1.0	7.0	38
难	0.190185546875	0.392578125	0.19970703125	0.40234375	-1.0	7.0	38
雀	0.1025390625	0.022216796875	0.1123046875	0.031982421875	-1.0	7.0	38
雁	0.370361328125	0.791748046875	0.3798828125	0.801025390625	-1.0	9.0	38
雄	0.22021484375	0.391845703125	0.229736328125	0.401611328125	-1.0	7.0	38
雅	0.22021484375	0.599609375	0.229736328125	0.609130859375	-1.0	7.0	38
集	0.11279296875	0.022216796875	0.12255859375	0.031982421875	-1.0	7.0	38
雇	0.240234375	0.598876953125	0.249755859375	0.6083984375	-1.0	7.0	38
雉	0.13330078125	0.022216796875	0.14306640625	0.031982421875	-1.0	7.0	38
雊	0.1640625	0.022216796875	0.173828125	0.031982421875	-1.0	7.0	38
雋	0.712890625	0.44091796875	0.72216796875	0.45068359375	-1.0	7.0	38
雌	0.17431640625	0.022216796875	0.18408203125	0.031982421875	-1.0	7.0	38
雍	0.2958984375	0.251220703125	0.305419921875	0.260986328125	-1.0	7.0	38
雎	0.305908203125	0.251220703125	0.3154296875	0.260986328125	-1.0	7.0	38
雏	0.19482421875	0.022216796875	0.20458984375	0.031982421875	-1.0	7.0	38
雒	0.205078125	0.022216796875	0.21484375	0.031982421875	-1.0	7.0	38
雕	0.68701171875	0.529541015625	0.69677734375	0.5390625	-1.0	8.0	38
雖	0.34033203125	0.598388671875	0.349853515625	0.60791015625	-1.0	8.0	38
雙	0.365966796875	0.2509765625	0.37548828125	0.2607421875	-1.0	7.0	38
雛	0.3759765625	0.2509765625	0.385498046875	0.2607421875	-1.0	7.0	38
雜	0.7177734375	0.529296875	0.7275390625	0.538818359375	-1.0	7.0	38
雞	0.43603515625	0.2509765625	0.445556640625	0.2607421875	-1.0	7.0	38
雠	0.73828125	0.529052734375	0.748046875	0.53857421875	-1.0	8.0	38
離	0.751953125	0.440673828125	0.76123046875	0.450439453125	0.0	7.0	38
難	0.446044921875	0.2509765625	0.45556640625	0.2607421875	-1.0	7.0	38
雨	0.240234375	0.868896484375	0.249755859375	0.8779296875	-1.0	9.0	38
雩	0.2001953125	0.868896484375	0.209716796875	0.8779296875	-1.0	9.0	38
雪	0.711669921875	0.82958984375	0.720703125	0.8388671875	0.0	9.0	38
雯	0.89208984375	0.733642578125	0.90185546875	0.742919921875	-1.0	9.0	38
雲	0.390380859375	0.791748046875	0.39990234375	0.801025390625	-1.0	9.0	38
雳	0.400390625	0.791748046875	0.409912109375	0.801025390625	-1.0	9.0	38
零	0.861328125	0.733642578125	0.87109375	0.742919921875	-1.0	9.0	38
雷	0.673583984375	0.82958984375	0.6826171875	0.8388671875	0.0	9.0	38
雹	0.1298828125	0.89697265625	0.13916015625	0.90576171875	0.0	9.0	38
電	0.41015625	0.876708984375	0.41943359375	0.8857421875	0.0	9.0	38
雾	0.870849609375	0.771728515625	0.88037109375	0.781005859375	-1.0	9.0	38
需	0.42041015625	0.79150390625	0.429931640625	0.80078125	-1.0	9.0	38
霁	0.4404296875	0.79150390625	0.449951171875	0.80078125	-1.0	9.0	38
霄	0.64501953125	0.82958984375	0.654052734375	0.8388671875	0.0	9.0	38
霆	0.46044921875	0.79150390625	0.469970703125	0.80078125	0.0	9.0	38
震	0.76904296875	0.529052734375	0.77880859375	0.53857421875	-1.0	8.0	38
霈	0.576171875	0.820068359375	0.58544921875	0.829345703125	-1.0	9.0	38
霉	0.470458984375	0.79150390625	0.47998046875	0.80078125	-1.0	9.0	38
霍	0.556640625	0.820068359375	0.56591796875	0.829345703125	-1.0	9.0	38
霎	0.48046875	0.79150390625	0.489990234375	0.80078125	-1.0	9.0	38
霏	0.490478515625	0.79150390625	0.5	0.80078125	-1.0	9.0	38
霑	0.50048828125	0.79150390625	0.510009765625	0.80078125	-1.0	9.0	38
霓	0.510498046875	0.79150390625	0.52001953125	0.80078125	-1.0	9.0	38
霖	0.8408203125	0.733642578125	0.8505859375	0.742919921875	-1.0	9.0	38
霜	0.33203125	0.820556640625	0.34130859375	0.829833984375	-1.0	9.0	38
霞	0.244140625	0.82177734375	0.25341796875	0.8310546875	1.0	9.0	38
霤	0.81640625	0.828857421875	0.825439453125	0.838134765625	1.0	9.0	38
霧	0.859375	0.809814453125	0.86865234375	0.819091796875	0.0	9.0	38
霪	0.849609375	0.809814453125	0.85888671875	0.819091796875	-1.0	9.0	38
霭	0.8203125	0.809814453125	0.82958984375	0.819091796875	-1.0	9.0	38
霰	0.5205078125	0.79150390625	0.530029296875	0.80078125	-1.0	9.0	38
露	0.779296875	0.529052734375	0.7890625	0.53857421875	-1.0	8.0	38
霸	0.76171875	0.810302734375	0.77099609375	0.819580078125	-1.0	9.0	38
霹	0.530517578125	0.79150390625	0.5400390625	0.80078125	-1.0	9.0	38
霽	0.703125	0.810546875	0.71240234375	0.81982421875	0.0	9.0	38
霾	0.572998046875	0.85791015625	0.58251953125	0.866943359375	0.0	9.0	38
靂	0.625	0.810546875	0.63427734375	0.81982421875	-1.0	9.0	38
靄	0.96044921875	0.866455078125	0.9697265625	0.87548828125	0.0	9.0	38
靈	0.2275390625	0.896728515625	0.23681640625	0.905517578125	0.0	9.0	38
青	0.1953125	0.6875	0.20458984375	0.697021484375	0.0	7.0	38
靓	0.21533203125	0.021484375	0.22509765625	0.03125	-1.0	7.0	38
靖	0.4560546875	0.2509765625	0.465576171875	0.2607421875	-1.0	7.0	38
静	0.81005859375	0.529052734375	0.81982421875	0.53857421875	-1.0	7.0	38
靛	0.23583984375	0.02099609375	0.24560546875	0.03076171875	-1.0	7.0	38
靜	0.24609375	0.02099609375	0.255859375	0.03076171875	-1.0	7.0	38
非	0.490478515625	0.59814453125	0.5	0.607666015625	-1.0	7.0	38
靠	0.506103515625	0.2509765625	0.515625	0.2607421875	-1.0	7.0	38
靡	0.546142578125	0.2509765625	0.5556640625	0.2607421875	-1.0	7.0	38
面	0.3515625	0.810791015625	0.36083984375	0.820068359375	0.0	9.0	38
靥	0.570556640625	0.79150390625	0.580078125	0.80078125	-1.0	9.0	38
靦	0.590576171875	0.79150390625	0.60009765625	0.80078125	0.0	9.0	38
靨	0.62060546875	0.79150390625	0.630126953125	0.80078125	-1.0	9.0	38
革	0.91650390625	0.25048828125	0.926025390625	0.26025390625	-1.0	7.0	38
靳	0.25634765625	0.02099609375	0.26611328125	0.03076171875	-1.0	7.0	38
靴	0.2666015625	0.02099609375	0.2763671875	0.03076171875	-1.0	7.0	38
靶	0.27685546875	0.02099609375	0.28662109375	0.03076171875	-1.0	7.0	38
靼	0.31787109375	0.02099609375	0.32763671875	0.03076171875	-1.0	7.0	38
鞅	0.010009765625	0.262451171875	0.01953125	0.272216796875	-1.0	7.0	38
鞋	0.328125	0.02099609375	0.337890625	0.03076171875	-1.0	7.0	38
鞍	0.070068359375	0.262451171875	0.07958984375	0.272216796875	-1.0	7.0	38
鞏	0.720703125	0.791259765625	0.730224609375	0.800537109375	-1.0	9.0	38
鞑	0.943359375	0.529052734375	0.953125	0.53857421875	-1.0	8.0	38
鞒	0.33837890625	0.02099609375	0.34814453125	0.03076171875	-1.0	7.0	38
鞔	0.3486328125	0.02099609375	0.3583984375	0.03076171875	-1.0	7.0	38
鞘	0.630615234375	0.59814453125	0.64013671875	0.607666015625	-1.0	8.0	38
鞠	0.80078125	0.440673828125	0.81005859375	0.450439453125	-1.0	7.0	38
鞣	0.369140625	0.020751953125	0.37890625	0.030517578125	-1.0	7.0	38
鞦	0.37939453125	0.020751953125	0.38916015625	0.030517578125	-1.0	7.0	38
鞫	0.185546875	0.6875	0.19482421875	0.697021484375	-1.0	8.0	38
鞭	0.41015625	0.020751953125	0.419921875	0.030517578125	-1.0	7.0	38
鞯	0.42041015625	0.020751953125	0.43017578125	0.030517578125	-1.0	7.0	38
鞲	0.03076171875	0.541015625	0.04052734375	0.550537109375	-1.0	8.0	38
鞴	0.70068359375	0.597900390625	0.710205078125	0.607421875	-1.0	8.0	38
韁	0.041015625	0.541015625	0.05078125	0.550537109375	-1.0	8.0	38
韃	0.05126953125	0.541015625	0.06103515625	0.550537109375	-1.0	8.0	38
韆	0.0615234375	0.541015625	0.0712890625	0.550537109375	-1.0	8.0	38
韉	0.080078125	0.262451171875	0.089599609375	0.272216796875	-1.0	7.0	38
韋	0.166015625	0.6875	0.17529296875	0.697021484375	0.0	8.0	38
韌	0.8203125	0.440673828125	0.82958984375	0.450439453125	-1.0	7.0	38
韓	0.4306640625	0.020751953125	0.4404296875	0.030517578125	-1.0	7.0	38
韜	0.10009765625	0.262451171875	0.109619140625	0.272216796875	-1.0	7.0	38
韦	0.778564453125	0.704833984375	0.787353515625	0.71435546875	0.0	8.0	38
韧	0.830078125	0.440673828125	0.83935546875	0.450439453125	-1.0	7.0	38
韩	0.130126953125	0.262451171875	0.1396484375	0.272216796875	-1.0	7.0	38
韪	0.44091796875	0.020751953125	0.45068359375	0.030517578125	-1.0	7.0	38
韫	0.4716796875	0.020751953125	0.4814453125	0.030517578125	-1.0	7.0	38
韬	0.849609375	0.440673828125	0.85888671875	0.450439453125	-1.0	7.0	38
韭	0.78076171875	0.790771484375	0.790283203125	0.800048828125	-1.0	7.0	38
音	0.830810546875	0.597412109375	0.84033203125	0.60693359375	-1.0	7.0	38
韵	0.859375	0.440673828125	0.86865234375	0.450439453125	-1.0	7.0	38
韶	0.869140625	0.440673828125	0.87841796875	0.450439453125	-1.0	7.0	38
韹	0.4921875	0.020751953125	0.501953125	0.030517578125	-1.0	7.0	38
韻	0.22021484375	0.26171875	0.229736328125	0.271484375	-1.0	7.0	38
響	0.880859375	0.597412109375	0.890380859375	0.60693359375	-1.0	7.0	38
頁	0.790771484375	0.790771484375	0.80029296875	0.800048828125	-1.0	9.0	38
頂	0.80078125	0.790771484375	0.810302734375	0.800048828125	-1.0	9.0	38
頃	0.95703125	0.675537109375	0.96630859375	0.68505859375	1.0	8.0	38
項	0.810791015625	0.790771484375	0.8203125	0.800048828125	-1.0	9.0	38
順	0.48193359375	0.75341796875	0.49169921875	0.7626953125	-1.0	9.0	38
須	0.205078125	0.541015625	0.21484375	0.550537109375	-1.0	8.0	38
頊	0.44091796875	0.75341796875	0.45068359375	0.7626953125	-1.0	9.0	38
頌	0.21533203125	0.541015625	0.22509765625	0.550537109375	-1.0	8.0	38
預	0.03076171875	0.755126953125	0.04052734375	0.764404296875	-1.0	9.0	38
頑	0.830810546875	0.790771484375	0.84033203125	0.800048828125	-1.0	9.0	38
頒	0.2255859375	0.541015625	0.2353515625	0.550537109375	-1.0	8.0	38
頓	0.240234375	0.26123046875	0.249755859375	0.27099609375	-1.0	7.0	38
頗	0.50244140625	0.020751953125	0.51220703125	0.030517578125	-1.0	7.0	38
領	0.25634765625	0.539794921875	0.26611328125	0.54931640625	-1.0	8.0	38
頜	0.2666015625	0.539794921875	0.2763671875	0.54931640625	-1.0	8.0	38
頡	0.5126953125	0.020751953125	0.5224609375	0.030517578125	-1.0	7.0	38
頤	0.458984375	0.810546875	0.46826171875	0.81982421875	1.0	9.0	38
頫	0.287109375	0.539794921875	0.296875	0.54931640625	-1.0	8.0	38
頭	0.1494140625	0.850341796875	0.1591796875	0.859375	-1.0	10.0	38
頰	0.29736328125	0.539794921875	0.30712890625	0.54931640625	-1.0	8.0	38
頷	0.65625	0.57861328125	0.666015625	0.588134765625	-1.0	8.0	38
頸	0.81005859375	0.7431640625	0.81982421875	0.75244140625	-1.0	9.0	38
頹	0.73828125	0.74365234375	0.748046875	0.7529296875	-1.0	9.0	38
頻	0.52294921875	0.020751953125	0.53271484375	0.030517578125	-1.0	7.0	38
顆	0.48193359375	0.85791015625	0.49169921875	0.866943359375	-1.0	10.0	38
題	0.86083984375	0.790771484375	0.870361328125	0.800048828125	-1.0	9.0	38
額	0.533203125	0.020751953125	0.54296875	0.030517578125	-1.0	7.0	38
顎	0.880859375	0.790771484375	0.890380859375	0.800048828125	-1.0	9.0	38
顏	0.5537109375	0.020751953125	0.5634765625	0.030517578125	-1.0	7.0	38
顓	0.26025390625	0.26123046875	0.269775390625	0.27099609375	-1.0	7.0	38
願	0.70751953125	0.74365234375	0.71728515625	0.7529296875	-1.0	9.0	38
顛	0.57421875	0.020751953125	0.583984375	0.030517578125	-1.0	7.0	38
類	0.369140625	0.539794921875	0.37890625	0.54931640625	-1.0	8.0	38
顥	0.23583984375	0.74560546875	0.24560546875	0.7548828125	-1.0	9.0	38
顧	0.58447265625	0.020751953125	0.59423828125	0.030517578125	-1.0	7.0	38
顫	0.5947265625	0.020751953125	0.6044921875	0.030517578125	-1.0	7.0	38
顯	0.8056640625	0.847900390625	0.8154296875	0.85693359375	-1.0	10.0	38
顰	0.310302734375	0.26123046875	0.31982421875	0.27099609375	-1.0	7.0	38
顱	0.60498046875	0.020751953125	0.61474609375	0.030517578125	-1.0	7.0	38
页	0.94091796875	0.790771484375	0.950439453125	0.800048828125	-1.0	9.0	38
顶	0.60498046875	0.743896484375	0.61474609375	0.753173828125	-1.0	9.0	38
顷	0.580810546875	0.70556640625	0.58984375	0.715087890625	1.0	8.0	38
顸	0.950927734375	0.790771484375	0.96044921875	0.800048828125	-1.0	9.0	38
项	0.01025390625	0.755126953125	0.02001953125	0.764404296875	-1.0	9.0	38
顺	0.42041015625	0.53955078125	0.43017578125	0.549072265625	-1.0	8.0	38
须	0.3203125	0.26123046875	0.329833984375	0.27099609375	-1.0	7.0	38
顼	0.83056640625	0.733642578125	0.84033203125	0.742919921875	-1.0	9.0	38
顽	0.54345703125	0.734375	0.55322265625	0.74365234375	-1.0	9.0	38
顾	0.41015625	0.734375	0.419921875	0.74365234375	-1.0	9.0	38
顿	0.130126953125	0.609375	0.1396484375	0.618896484375	-1.0	8.0	38
颀	0.0	0.802734375	0.009521484375	0.81201171875	-1.0	9.0	38
颁	0.44091796875	0.53955078125	0.45068359375	0.549072265625	-1.0	8.0	38
颂	0.451171875	0.53955078125	0.4609375	0.549072265625	-1.0	8.0	38
颃	0.330322265625	0.26123046875	0.33984375	0.27099609375	-1.0	7.0	38
预	0.0400390625	0.802734375	0.049560546875	0.81201171875	-1.0	9.0	38
颅	0.615234375	0.020751953125	0.625	0.030517578125	-1.0	7.0	38
领	0.48193359375	0.53955078125	0.49169921875	0.549072265625	-1.0	8.0	38
颇	0.62548828125	0.020751953125	0.63525390625	0.030517578125	-1.0	7.0	38
颈	0.13330078125	0.755126953125	0.14306640625	0.764404296875	-1.0	9.0	38
颉	0.6357421875	0.020751953125	0.6455078125	0.030517578125	-1.0	7.0	38
颊	0.5126953125	0.53955078125	0.5224609375	0.549072265625	-1.0	8.0	38
颌	0.52294921875	0.53955078125	0.53271484375	0.549072265625	-1.0	8.0	38
颍	0.533203125	0.53955078125	0.54296875	0.549072265625	-1.0	8.0	38
颏	0.3603515625	0.26123046875	0.369873046875	0.27099609375	-1.0	7.0	38
颐	0.0390625	0.87841796875	0.04833984375	0.887451171875	1.0	10.0	38
频	0.64599609375	0.0205078125	0.65576171875	0.0302734375	-1.0	7.0	38
颓	0.90234375	0.7431640625	0.912109375	0.75244140625	-1.0	9.0	38
颔	0.56396484375	0.53955078125	0.57373046875	0.549072265625	-1.0	8.0	38
颖	0.65625	0.0205078125	0.666015625	0.0302734375	-1.0	7.0	38
颗	0.893310546875	0.857177734375	0.90283203125	0.8662109375	-1.0	10.0	38
题	0.090087890625	0.802734375	0.099609375	0.81201171875	-1.0	9.0	38
颚	0.10009765625	0.802734375	0.109619140625	0.81201171875	-1.0	9.0	38
颛	0.38037109375	0.260986328125	0.389892578125	0.270751953125	-1.0	7.0	38
颜	0.6767578125	0.0205078125	0.6865234375	0.0302734375	-1.0	7.0	38
额	0.697265625	0.0205078125	0.70703125	0.0302734375	-1.0	7.0	38
颞	0.041015625	0.74560546875	0.05078125	0.7548828125	-1.0	9.0	38
颟	0.390380859375	0.260986328125	0.39990234375	0.270751953125	0.0	7.0	38
颠	0.400390625	0.260986328125	0.409912109375	0.270751953125	-1.0	7.0	38
颡	0.93310546875	0.733642578125	0.94287109375	0.742919921875	-1.0	9.0	38
颢	0.9228515625	0.733642578125	0.9326171875	0.742919921875	-1.0	9.0	38
颤	0.7177734375	0.020263671875	0.7275390625	0.030029296875	-1.0	7.0	38
颥	0.14013671875	0.802734375	0.149658203125	0.81201171875	0.0	9.0	38
颦	0.410400390625	0.260986328125	0.419921875	0.270751953125	-1.0	7.0	38
颧	0.72802734375	0.020263671875	0.73779296875	0.030029296875	-1.0	7.0	38
風	0.59033203125	0.8486328125	0.60009765625	0.857666015625	-1.0	10.0	38
颯	0.73828125	0.020263671875	0.748046875	0.030029296875	-1.0	7.0	38
颱	0.6767578125	0.539306640625	0.6865234375	0.548828125	-1.0	8.0	38
颳	0.21533203125	0.74560546875	0.22509765625	0.7548828125	-1.0	9.0	38
颶	0.4716796875	0.75341796875	0.4814453125	0.7626953125	-1.0	9.0	38
颺	0.13330078125	0.736083984375	0.14306640625	0.745361328125	-1.0	9.0	38
颼	0.74853515625	0.020263671875	0.75830078125	0.030029296875	-1.0	7.0	38
飄	0.123046875	0.736083984375	0.1328125	0.745361328125	-1.0	9.0	38
风	0.61083984375	0.8486328125	0.62060546875	0.857666015625	-1.0	10.0	38
飑	0.779296875	0.020263671875	0.7890625	0.030029296875	-1.0	7.0	38
飒	0.70751953125	0.539306640625	0.71728515625	0.548828125	-1.0	8.0	38
飓	0.1025390625	0.736083984375	0.1123046875	0.745361328125	-1.0	9.0	38
飕	0.78955078125	0.020263671875	0.79931640625	0.030029296875	-1.0	7.0	38
飘	0.09228515625	0.736083984375	0.10205078125	0.745361328125	-1.0	9.0	38
飙	0.72802734375	0.5390625	0.73779296875	0.548583984375	-1.0	8.0	38
飚	0.73828125	0.538818359375	0.748046875	0.54833984375	-1.0	8.0	38
飛	0.07177734375	0.736083984375	0.08154296875	0.745361328125	-1.0	9.0	38
飞	0.461669921875	0.8857421875	0.471435546875	0.89453125	-1.0	10.0	38
食	0.46044921875	0.260986328125	0.469970703125	0.270751953125	-1.0	7.0	38
飢	0.7587890625	0.538818359375	0.7685546875	0.54833984375	-1.0	8.0	38
飧	0.81005859375	0.020263671875	0.81982421875	0.030029296875	-1.0	7.0	38
飨	0.8203125	0.020263671875	0.830078125	0.030029296875	-1.0	7.0	38
飩	0.0615234375	0.736083984375	0.0712890625	0.745361328125	-1.0	8.0	38
飪	0.05126953125	0.736083984375	0.06103515625	0.745361328125	-1.0	8.0	38
飭	0.8408203125	0.020263671875	0.8505859375	0.030029296875	-1.0	7.0	38
飯	0.85107421875	0.020263671875	0.86083984375	0.030029296875	-1.0	7.0	38
飲	0.81005859375	0.538818359375	0.81982421875	0.54833984375	-1.0	8.0	38
飴	0.87158203125	0.020263671875	0.88134765625	0.030029296875	-1.0	7.0	38
飼	0.830078125	0.809814453125	0.83935546875	0.819091796875	-1.0	8.0	38
飽	0.83056640625	0.538818359375	0.84033203125	0.54833984375	-1.0	7.0	38
飾	0.89208984375	0.020263671875	0.90185546875	0.030029296875	-1.0	7.0	38
餃	0.943359375	0.02001953125	0.953125	0.02978515625	-1.0	7.0	38
餅	0.95361328125	0.02001953125	0.96337890625	0.02978515625	-1.0	7.0	38
餉	0.73828125	0.390625	0.74755859375	0.400390625	-1.0	7.0	38
養	0.5205078125	0.260986328125	0.530029296875	0.270751953125	-1.0	7.0	38
餌	0.89208984375	0.538818359375	0.90185546875	0.54833984375	-1.0	8.0	38
餍	0.01025390625	0.736083984375	0.02001953125	0.745361328125	-1.0	9.0	38
餐	0.9638671875	0.02001953125	0.9736328125	0.02978515625	-1.0	7.0	38
餒	0.91259765625	0.538818359375	0.92236328125	0.54833984375	-1.0	8.0	38
餓	0.9228515625	0.538818359375	0.9326171875	0.54833984375	-1.0	7.0	38
餘	0.97412109375	0.72412109375	0.98388671875	0.7333984375	-1.0	8.0	38
餚	0.62060546875	0.60791015625	0.630126953125	0.617431640625	-1.0	8.0	38
餛	0.9638671875	0.72412109375	0.9736328125	0.7333984375	-1.0	8.0	38
餞	0.984375	0.02001953125	0.994140625	0.02978515625	-1.0	7.0	38
餡	0.787109375	0.390625	0.79638671875	0.400390625	-1.0	7.0	38
館	0.54052734375	0.260986328125	0.550048828125	0.270751953125	-1.0	7.0	38
餮	0.9638671875	0.53857421875	0.9736328125	0.548095703125	-1.0	8.0	38
餵	0.97412109375	0.53857421875	0.98388671875	0.548095703125	-1.0	8.0	38
餽	0.041015625	0.0322265625	0.05078125	0.0419921875	-1.0	7.0	38
餾	0.210205078125	0.802734375	0.2197265625	0.81201171875	-1.0	8.0	38
餿	0.0615234375	0.0322265625	0.0712890625	0.0419921875	-1.0	7.0	38
饅	0.01025390625	0.55078125	0.02001953125	0.560302734375	-1.0	8.0	38
饉	0.95361328125	0.72412109375	0.96337890625	0.7333984375	-1.0	8.0	38
饑	0.07177734375	0.0322265625	0.08154296875	0.0419921875	-1.0	7.0	38
饒	0.03076171875	0.55078125	0.04052734375	0.560302734375	-1.0	8.0	38
饔	0.08203125	0.0322265625	0.091796875	0.0419921875	-1.0	7.0	38
饕	0.62060546875	0.260986328125	0.630126953125	0.270751953125	-1.0	7.0	38
饗	0.09228515625	0.0322265625	0.10205078125	0.0419921875	-1.0	7.0	38
饜	0.270263671875	0.8017578125	0.27978515625	0.81103515625	-1.0	9.0	38
饞	0.1025390625	0.0322265625	0.1123046875	0.0419921875	-1.0	7.0	38
饣	0.572265625	0.461181640625	0.578369140625	0.470947265625	-1.0	7.0	38
饥	0.11279296875	0.0322265625	0.12255859375	0.0419921875	-1.0	7.0	38
饧	0.66064453125	0.2607421875	0.670166015625	0.2705078125	-1.0	7.0	38
饨	0.11279296875	0.55078125	0.12255859375	0.560302734375	-1.0	7.0	38
饩	0.13330078125	0.0322265625	0.14306640625	0.0419921875	-1.0	7.0	38
饪	0.89208984375	0.72412109375	0.90185546875	0.7333984375	-1.0	8.0	38
饫	0.1435546875	0.0322265625	0.1533203125	0.0419921875	-1.0	7.0	38
饬	0.17431640625	0.0322265625	0.18408203125	0.0419921875	-1.0	7.0	38
饭	0.25634765625	0.031005859375	0.26611328125	0.040771484375	-1.0	7.0	38
饮	0.3076171875	0.031005859375	0.3173828125	0.040771484375	-1.0	7.0	38
饯	0.17431640625	0.55078125	0.18408203125	0.560302734375	-1.0	7.0	38
饰	0.31787109375	0.031005859375	0.32763671875	0.040771484375	-1.0	7.0	38
饱	0.19482421875	0.55078125	0.20458984375	0.560302734375	-1.0	7.0	38
饲	0.517578125	0.65673828125	0.52685546875	0.666259765625	-1.0	7.0	38
饴	0.33837890625	0.031005859375	0.34814453125	0.040771484375	-1.0	7.0	38
饵	0.720703125	0.260498046875	0.730224609375	0.270263671875	-1.0	7.0	38
饶	0.35888671875	0.03076171875	0.36865234375	0.04052734375	-1.0	7.0	38
饷	0.341796875	0.4013671875	0.35107421875	0.4111328125	-1.0	7.0	38
饺	0.37939453125	0.03076171875	0.38916015625	0.04052734375	-1.0	7.0	38
饼	0.39990234375	0.03076171875	0.40966796875	0.04052734375	-1.0	7.0	38
饽	0.87158203125	0.72412109375	0.88134765625	0.7333984375	-1.0	8.0	38
饿	0.2666015625	0.549560546875	0.2763671875	0.55908203125	-1.0	7.0	38
馀	0.27685546875	0.549560546875	0.28662109375	0.55908203125	-1.0	7.0	38
馁	0.970947265625	0.60693359375	0.98046875	0.616455078125	-1.0	8.0	38
馄	0.861328125	0.72412109375	0.87109375	0.7333984375	-1.0	8.0	38
馅	0.380859375	0.401123046875	0.39013671875	0.410888671875	-1.0	7.0	38
馆	0.750732421875	0.260498046875	0.76025390625	0.270263671875	-1.0	7.0	38
馇	0.8408203125	0.72412109375	0.8505859375	0.7333984375	-1.0	7.0	38
馈	0.3076171875	0.549560546875	0.3173828125	0.55908203125	-1.0	8.0	38
馊	0.42041015625	0.03076171875	0.43017578125	0.04052734375	-1.0	7.0	38
馋	0.44091796875	0.03076171875	0.45068359375	0.04052734375	-1.0	7.0	38
馍	0.451171875	0.03076171875	0.4609375	0.04052734375	-1.0	7.0	38
馏	0.050048828125	0.619140625	0.0595703125	0.628662109375	-1.0	8.0	38
馐	0.8203125	0.72412109375	0.830078125	0.7333984375	-1.0	7.0	38
馑	0.7998046875	0.72412109375	0.8095703125	0.7333984375	-1.0	8.0	38
馒	0.3486328125	0.549560546875	0.3583984375	0.55908203125	-1.0	8.0	38
馓	0.48193359375	0.03076171875	0.49169921875	0.04052734375	-1.0	7.0	38
馔	0.369140625	0.549560546875	0.37890625	0.55908203125	-1.0	8.0	38
馕	0.4921875	0.03076171875	0.501953125	0.04052734375	-1.0	7.0	38
首	0.830810546875	0.260498046875	0.84033203125	0.270263671875	-1.0	7.0	38
馗	0.50244140625	0.03076171875	0.51220703125	0.04052734375	-1.0	7.0	38
馘	0.1201171875	0.619140625	0.129638671875	0.628662109375	0.0	8.0	38
香	0.3603515625	0.80126953125	0.369873046875	0.810546875	-1.0	8.0	38
馥	0.41015625	0.54931640625	0.419921875	0.558837890625	-1.0	8.0	38
馨	0.5537109375	0.03076171875	0.5634765625	0.04052734375	-1.0	7.0	38
馬	0.507568359375	0.87646484375	0.5166015625	0.885498046875	0.0	9.0	38
馭	0.7587890625	0.724365234375	0.7685546875	0.733642578125	-1.0	9.0	38
馮	0.25390625	0.878173828125	0.26318359375	0.88720703125	-1.0	9.0	38
馱	0.57421875	0.03076171875	0.583984375	0.04052734375	-1.0	7.0	38
馳	0.44091796875	0.54931640625	0.45068359375	0.558837890625	-1.0	7.0	38
馴	0.146484375	0.658203125	0.15576171875	0.667724609375	-1.0	8.0	38
駁	0.451171875	0.54931640625	0.4609375	0.558837890625	-1.0	8.0	38
駐	0.46142578125	0.54931640625	0.47119140625	0.558837890625	-1.0	7.0	38
駑	0.190185546875	0.619140625	0.19970703125	0.628662109375	-1.0	7.0	38
駒	0.41015625	0.401123046875	0.41943359375	0.410888671875	-1.0	7.0	38
駕	0.9697265625	0.646240234375	0.97900390625	0.65576171875	-1.0	7.0	38
駙	0.615234375	0.03076171875	0.625	0.04052734375	-1.0	7.0	38
駛	0.4921875	0.54931640625	0.501953125	0.558837890625	-1.0	8.0	38
駝	0.9208984375	0.260498046875	0.930419921875	0.270263671875	-1.0	7.0	38
駟	0.439453125	0.810546875	0.44873046875	0.81982421875	-1.0	9.0	38
駢	0.9609375	0.26025390625	0.970458984375	0.27001953125	-1.0	7.0	38
駭	0.70751953125	0.0302734375	0.71728515625	0.0400390625	-1.0	7.0	38
駱	0.970947265625	0.26025390625	0.98046875	0.27001953125	-1.0	7.0	38
駿	0.7177734375	0.0302734375	0.7275390625	0.0400390625	-1.0	7.0	38
騁	0.76904296875	0.0302734375	0.77880859375	0.0400390625	-1.0	7.0	38
騎	0.0400390625	0.2724609375	0.049560546875	0.2822265625	-1.0	7.0	38
騖	0.30029296875	0.617919921875	0.309814453125	0.62744140625	-1.0	7.0	38
騙	0.458984375	0.401123046875	0.46826171875	0.410888671875	-1.0	7.0	38
騫	0.3203125	0.617919921875	0.329833984375	0.62744140625	-1.0	7.0	38
騰	0.06005859375	0.2724609375	0.069580078125	0.2822265625	-1.0	7.0	38
騵	0.410400390625	0.80126953125	0.419921875	0.810546875	-1.0	9.0	38
騷	0.42041015625	0.801025390625	0.429931640625	0.810302734375	-1.0	9.0	38
騾	0.62548828125	0.724853515625	0.63525390625	0.734130859375	-1.0	9.0	38
驀	0.89208984375	0.0302734375	0.90185546875	0.0400390625	-1.0	7.0	38
驃	0.633056640625	0.85791015625	0.642578125	0.866943359375	-1.0	9.0	38
驅	0.623046875	0.85791015625	0.632568359375	0.866943359375	-1.0	9.0	38
驍	0.60498046875	0.54931640625	0.61474609375	0.558837890625	-1.0	8.0	38
驕	0.615234375	0.54931640625	0.625	0.558837890625	-1.0	8.0	38
驗	0.62548828125	0.54931640625	0.63525390625	0.558837890625	-1.0	8.0	38
驚	0.38037109375	0.617919921875	0.389892578125	0.62744140625	-1.0	7.0	38
驛	0.50048828125	0.801025390625	0.510009765625	0.810302734375	-1.0	9.0	38
驟	0.60498046875	0.724853515625	0.61474609375	0.734130859375	-1.0	9.0	38
驢	0.390380859375	0.61767578125	0.39990234375	0.627197265625	-1.0	7.0	38
驥	0.070068359375	0.2724609375	0.07958984375	0.2822265625	-1.0	7.0	38
驪	0.5205078125	0.801025390625	0.530029296875	0.810302734375	-1.0	9.0	38
马	0.2734375	0.878173828125	0.28271484375	0.88720703125	-1.0	9.0	38
驭	0.73388671875	0.848388671875	0.74365234375	0.857421875	-1.0	10.0	38
驮	0.90234375	0.0302734375	0.912109375	0.0400390625	-1.0	7.0	38
驯	0.673828125	0.69580078125	0.68310546875	0.705322265625	-1.0	8.0	38
驰	0.65625	0.54931640625	0.666015625	0.558837890625	-1.0	7.0	38
驱	0.910888671875	0.866455078125	0.92041015625	0.87548828125	-1.0	9.0	38
驳	0.5537109375	0.724853515625	0.5634765625	0.734130859375	-1.0	9.0	38
驴	0.498046875	0.401123046875	0.50732421875	0.410888671875	-1.0	7.0	38
驵	0.7646484375	0.848388671875	0.7744140625	0.857421875	-1.0	9.0	38
驶	0.6767578125	0.549072265625	0.6865234375	0.55859375	-1.0	8.0	38
驷	0.33203125	0.81103515625	0.34130859375	0.8203125	-1.0	9.0	38
驸	0.9228515625	0.0302734375	0.9326171875	0.0400390625	-1.0	7.0	38
驹	0.625	0.69580078125	0.63427734375	0.705322265625	-1.0	7.0	38
驺	0.60546875	0.401123046875	0.61474609375	0.410888671875	-1.0	7.0	38
驻	0.70751953125	0.549072265625	0.71728515625	0.55859375	-1.0	7.0	38
驼	0.48046875	0.61767578125	0.489990234375	0.627197265625	-1.0	7.0	38
驽	0.490478515625	0.61767578125	0.5	0.627197265625	-1.0	7.0	38
驾	0.504638671875	0.70556640625	0.513671875	0.715087890625	-1.0	7.0	38
驿	0.50244140625	0.724853515625	0.51220703125	0.734130859375	-1.0	9.0	38
骀	0.984375	0.030029296875	0.994140625	0.039794921875	-1.0	7.0	38
骁	0.080078125	0.2724609375	0.089599609375	0.2822265625	-1.0	7.0	38
骂	0.659912109375	0.87646484375	0.668701171875	0.885498046875	0.0	9.0	38
骄	0.4921875	0.724853515625	0.501953125	0.734130859375	-1.0	9.0	38
骅	0.73828125	0.548583984375	0.748046875	0.55810546875	-1.0	8.0	38
骆	0.041015625	0.042236328125	0.05078125	0.052001953125	-1.0	7.0	38
骇	0.07177734375	0.042236328125	0.08154296875	0.052001953125	-1.0	7.0	38
骈	0.123046875	0.042236328125	0.1328125	0.052001953125	-1.0	7.0	38
骊	0.78515625	0.84814453125	0.794921875	0.857177734375	-1.0	9.0	38
骋	0.779296875	0.548583984375	0.7890625	0.55810546875	-1.0	7.0	38
验	0.78955078125	0.548583984375	0.79931640625	0.55810546875	-1.0	7.0	38
骏	0.1845703125	0.042236328125	0.1943359375	0.052001953125	-1.0	7.0	38
骐	0.81005859375	0.548583984375	0.81982421875	0.55810546875	-1.0	8.0	38
骑	0.8203125	0.548583984375	0.830078125	0.55810546875	-1.0	7.0	38
骒	0.451171875	0.724853515625	0.4609375	0.734130859375	-1.0	9.0	38
骓	0.130126953125	0.2724609375	0.1396484375	0.2822265625	-1.0	7.0	38
骖	0.2666015625	0.041015625	0.2763671875	0.05078125	-1.0	7.0	38
骗	0.703125	0.40087890625	0.71240234375	0.41064453125	-1.0	7.0	38
骘	0.44921875	0.69580078125	0.45849609375	0.705322265625	0.0	7.0	38
骚	0.570556640625	0.801025390625	0.580078125	0.810302734375	-1.0	9.0	38
骛	0.640625	0.61767578125	0.650146484375	0.627197265625	-1.0	7.0	38
骜	0.650634765625	0.61767578125	0.66015625	0.627197265625	-1.0	7.0	38
骝	0.590576171875	0.801025390625	0.60009765625	0.810302734375	-1.0	8.0	38
骞	0.66064453125	0.61767578125	0.670166015625	0.627197265625	-1.0	7.0	38
骟	0.439453125	0.69580078125	0.44873046875	0.705322265625	-1.0	7.0	38
骠	0.81591796875	0.847900390625	0.82568359375	0.85693359375	-1.0	9.0	38
骡	0.42041015625	0.724853515625	0.43017578125	0.734130859375	-1.0	9.0	38
骢	0.861328125	0.548583984375	0.87109375	0.55810546875	-1.0	7.0	38
骣	0.41015625	0.724853515625	0.419921875	0.734130859375	-1.0	9.0	38
骤	0.39990234375	0.72509765625	0.40966796875	0.734375	-1.0	9.0	38
骥	0.287109375	0.041015625	0.296875	0.05078125	-1.0	7.0	38
骧	0.29736328125	0.041015625	0.30712890625	0.05078125	-1.0	7.0	38
骨	0.6123046875	0.87646484375	0.621337890625	0.885498046875	1.0	9.0	38
骯	0.190185546875	0.2724609375	0.19970703125	0.2822265625	-1.0	7.0	38
骰	0.630615234375	0.801025390625	0.64013671875	0.810302734375	-1.0	9.0	38
骱	0.26025390625	0.271240234375	0.269775390625	0.281005859375	-1.0	7.0	38
骶	0.650634765625	0.801025390625	0.66015625	0.810302734375	-1.0	9.0	38
骷	0.720703125	0.617431640625	0.730224609375	0.626953125	-1.0	8.0	38
骸	0.37939453125	0.040771484375	0.38916015625	0.050537109375	-1.0	7.0	38
骺	0.670654296875	0.801025390625	0.68017578125	0.810302734375	-1.0	9.0	38
骼	0.2802734375	0.271240234375	0.289794921875	0.281005859375	-1.0	7.0	38
髀	0.310302734375	0.271240234375	0.31982421875	0.281005859375	-1.0	7.0	38
髁	0.37939453125	0.72509765625	0.38916015625	0.734375	-1.0	9.0	38
髂	0.350341796875	0.271240234375	0.35986328125	0.281005859375	0.0	7.0	38
髅	0.38037109375	0.27099609375	0.389892578125	0.28076171875	-1.0	7.0	38
髋	0.400390625	0.27099609375	0.409912109375	0.28076171875	-1.0	7.0	38
髌	0.410400390625	0.27099609375	0.419921875	0.28076171875	-1.0	7.0	38
髏	0.430419921875	0.27099609375	0.43994140625	0.28076171875	-1.0	7.0	38
髑	0.45458984375	0.82958984375	0.463623046875	0.8388671875	-1.0	9.0	38
髒	0.810791015625	0.616943359375	0.8203125	0.62646484375	-1.0	8.0	38
髓	0.0	0.560546875	0.009765625	0.570068359375	-1.0	7.0	38
體	0.46044921875	0.27099609375	0.469970703125	0.28076171875	-1.0	7.0	38
髖	0.48046875	0.27099609375	0.489990234375	0.28076171875	-1.0	7.0	38
高	0.850830078125	0.616943359375	0.8603515625	0.62646484375	-1.0	7.0	38
髟	0.86083984375	0.616943359375	0.870361328125	0.62646484375	-1.0	8.0	38
髡	0.870849609375	0.616943359375	0.88037109375	0.62646484375	-1.0	8.0	38
髦	0.690673828125	0.801025390625	0.7001953125	0.810302734375	0.0	8.0	38
髫	0.96533203125	0.80029296875	0.974609375	0.8095703125	-1.0	8.0	38
髭	0.70068359375	0.801025390625	0.710205078125	0.810302734375	-1.0	8.0	38
髮	0.880859375	0.616943359375	0.890380859375	0.62646484375	-1.0	8.0	38
髯	0.890869140625	0.616943359375	0.900390625	0.62646484375	0.0	8.0	38
髹	0.03076171875	0.560546875	0.04052734375	0.570068359375	-1.0	8.0	38
髻	0.283203125	0.696044921875	0.29248046875	0.70556640625	0.0	8.0	38
鬃	0.93603515625	0.80029296875	0.9453125	0.8095703125	0.0	8.0	38
鬆	0.720703125	0.80078125	0.730224609375	0.81005859375	-1.0	8.0	38
鬈	0.29736328125	0.725341796875	0.30712890625	0.734619140625	-1.0	8.0	38
鬍	0.43798828125	0.70556640625	0.447021484375	0.715087890625	0.0	8.0	38
鬏	0.910888671875	0.616943359375	0.92041015625	0.62646484375	-1.0	8.0	38
鬓	0.9208984375	0.616943359375	0.930419921875	0.62646484375	-1.0	8.0	38
鬚	0.4189453125	0.70556640625	0.427978515625	0.715087890625	0.0	8.0	38
鬟	0.1953125	0.697265625	0.20458984375	0.706787109375	0.0	8.0	38
鬢	0.185546875	0.697265625	0.19482421875	0.706787109375	-1.0	8.0	38
鬣	0.930908203125	0.616943359375	0.9404296875	0.62646484375	0.0	8.0	38
鬥	0.619140625	0.839111328125	0.627685546875	0.848388671875	2.0	8.0	38
鬧	0.844970703125	0.83837890625	0.853515625	0.84765625	1.0	8.0	38
鬨	0.8359375	0.83837890625	0.844482421875	0.84765625	1.0	8.0	38
鬯	0.17626953125	0.8408203125	0.18505859375	0.85009765625	2.0	7.0	38
鬱	0.94091796875	0.616943359375	0.950439453125	0.62646484375	-1.0	8.0	38
鬲	0.640625	0.8671875	0.650146484375	0.876220703125	-1.0	9.0	38
鬻	0.15625	0.697265625	0.16552734375	0.706787109375	0.0	8.0	38
鬼	0.39990234375	0.040771484375	0.40966796875	0.050537109375	-1.0	7.0	38
魁	0.44091796875	0.040771484375	0.45068359375	0.050537109375	-1.0	7.0	38
魂	0.490478515625	0.27099609375	0.5	0.28076171875	-1.0	7.0	38
魃	0.5126953125	0.040771484375	0.5224609375	0.050537109375	-1.0	7.0	38
魄	0.91796875	0.400634765625	0.92724609375	0.410400390625	0.0	7.0	38
魅	0.5537109375	0.040771484375	0.5634765625	0.050537109375	-1.0	7.0	38
魇	0.25634765625	0.725830078125	0.26611328125	0.735107421875	-1.0	9.0	38
魈	0.58447265625	0.040771484375	0.59423828125	0.050537109375	-1.0	7.0	38
魉	0.5947265625	0.040771484375	0.6044921875	0.050537109375	-1.0	7.0	38
魍	0.123046875	0.560546875	0.1328125	0.570068359375	-1.0	7.0	38
魎	0.66650390625	0.04052734375	0.67626953125	0.05029296875	-1.0	7.0	38
魏	0.68701171875	0.04052734375	0.69677734375	0.05029296875	-1.0	7.0	38
魑	0.72802734375	0.040283203125	0.73779296875	0.050048828125	-1.0	7.0	38
魔	0.630615234375	0.27099609375	0.64013671875	0.28076171875	-1.0	7.0	38
魘	0.44970703125	0.762939453125	0.459228515625	0.772216796875	-1.0	9.0	38
魚	0.029296875	0.41259765625	0.03857421875	0.42236328125	-1.0	7.0	38
魯	0.640625	0.27099609375	0.650146484375	0.28076171875	-1.0	7.0	38
魷	0.83056640625	0.040283203125	0.84033203125	0.050048828125	-1.0	7.0	38
鮑	0.205078125	0.560546875	0.21484375	0.570068359375	-1.0	7.0	38
鮪	0.21533203125	0.560546875	0.22509765625	0.570068359375	-1.0	7.0	38
鮫	0.93310546875	0.0400390625	0.94287109375	0.0498046875	-1.0	7.0	38
鮭	0.23583984375	0.559814453125	0.24560546875	0.5693359375	-1.0	7.0	38
鮮	0.97412109375	0.0400390625	0.98388671875	0.0498046875	-1.0	7.0	38
鯀	0.25634765625	0.559326171875	0.26611328125	0.56884765625	-1.0	7.0	38
鯈	0.0	0.05224609375	0.009765625	0.06201171875	-1.0	7.0	38
鯉	0.27685546875	0.559326171875	0.28662109375	0.56884765625	-1.0	7.0	38
鯊	0.670654296875	0.270751953125	0.68017578125	0.280517578125	0.0	7.0	38
鯖	0.05126953125	0.05224609375	0.06103515625	0.06201171875	-1.0	7.0	38
鯛	0.078125	0.41259765625	0.08740234375	0.42236328125	-1.0	7.0	38
鯧	0.09765625	0.41259765625	0.10693359375	0.42236328125	-1.0	7.0	38
鯨	0.328125	0.559326171875	0.337890625	0.56884765625	-1.0	7.0	38
鯽	0.126953125	0.41259765625	0.13623046875	0.42236328125	-1.0	7.0	38
鰍	0.0615234375	0.05224609375	0.0712890625	0.06201171875	-1.0	7.0	38
鰓	0.35888671875	0.559326171875	0.36865234375	0.56884765625	-1.0	7.0	38
鰥	0.690673828125	0.270751953125	0.7001953125	0.280517578125	-1.0	7.0	38
鰭	0.13330078125	0.05224609375	0.14306640625	0.06201171875	-1.0	7.0	38
鰱	0.17431640625	0.05224609375	0.18408203125	0.06201171875	-1.0	7.0	38
鰻	0.1845703125	0.05224609375	0.1943359375	0.06201171875	-1.0	7.0	38
鰾	0.41015625	0.55908203125	0.419921875	0.568603515625	-1.0	7.0	38
鱉	0.710693359375	0.270751953125	0.72021484375	0.280517578125	-1.0	7.0	38
鱔	0.19482421875	0.05224609375	0.20458984375	0.06201171875	-1.0	7.0	38
鱖	0.23583984375	0.051025390625	0.24560546875	0.060791015625	-1.0	7.0	38
鱗	0.25634765625	0.051025390625	0.26611328125	0.060791015625	-1.0	7.0	38
鱟	0.370361328125	0.627685546875	0.3798828125	0.63720703125	-1.0	8.0	38
鱷	0.46142578125	0.55908203125	0.47119140625	0.568603515625	-1.0	7.0	38
鱸	0.4716796875	0.55908203125	0.4814453125	0.568603515625	-1.0	7.0	38
鱼	0.519775390625	0.762939453125	0.529296875	0.772216796875	-1.0	7.0	38
鱿	0.287109375	0.051025390625	0.296875	0.060791015625	-1.0	7.0	38
鲁	0.830810546875	0.2705078125	0.84033203125	0.2802734375	-1.0	7.0	38
鲂	0.42041015625	0.62744140625	0.429931640625	0.636962890625	-1.0	7.0	38
鲅	0.328125	0.051025390625	0.337890625	0.060791015625	-1.0	7.0	38
鲆	0.369140625	0.05078125	0.37890625	0.060546875	-1.0	7.0	38
鲇	0.3896484375	0.05078125	0.3994140625	0.060546875	-1.0	7.0	38
鲈	0.451171875	0.05078125	0.4609375	0.060546875	-1.0	7.0	38
鲋	0.4921875	0.05078125	0.501953125	0.060546875	-1.0	7.0	38
鲍	0.5537109375	0.55908203125	0.5634765625	0.568603515625	-1.0	7.0	38
鲎	0.5498046875	0.762939453125	0.559326171875	0.772216796875	-1.0	7.0	38
鲐	0.50244140625	0.05078125	0.51220703125	0.060546875	-1.0	7.0	38
鲑	0.0615234375	0.7265625	0.0712890625	0.73583984375	-1.0	7.0	38
鲒	0.010009765625	0.282470703125	0.01953125	0.292236328125	-1.0	7.0	38
鲔	0.58447265625	0.55908203125	0.59423828125	0.568603515625	-1.0	7.0	38
鲕	0.090087890625	0.282470703125	0.099609375	0.292236328125	-1.0	7.0	38
鲚	0.52294921875	0.05078125	0.53271484375	0.060546875	-1.0	7.0	38
鲛	0.533203125	0.05078125	0.54296875	0.060546875	-1.0	7.0	38
鲜	0.54345703125	0.05078125	0.55322265625	0.060546875	-1.0	7.0	38
鲞	0.560546875	0.62744140625	0.570068359375	0.636962890625	-1.0	7.0	38
鲟	0.6357421875	0.55908203125	0.6455078125	0.568603515625	-1.0	7.0	38
鲠	0.5537109375	0.05078125	0.5634765625	0.060546875	-1.0	7.0	38
鲡	0.65625	0.55908203125	0.666015625	0.568603515625	-1.0	7.0	38
鲢	0.62548828125	0.05078125	0.63525390625	0.060546875	-1.0	7.0	38
鲣	0.934326171875	0.714599609375	0.944091796875	0.723876953125	-1.0	7.0	38
鲤	0.913818359375	0.714599609375	0.923583984375	0.723876953125	-1.0	7.0	38
鲥	0.6767578125	0.558837890625	0.6865234375	0.568359375	-1.0	7.0	38
鲦	0.68701171875	0.558837890625	0.69677734375	0.568359375	-1.0	7.0	38
鲧	0.697265625	0.558837890625	0.70703125	0.568359375	-1.0	7.0	38
鲨	0.640625	0.62744140625	0.650146484375	0.636962890625	0.0	7.0	38
鲩	0.6357421875	0.05078125	0.6455078125	0.060546875	-1.0	7.0	38
鲫	0.29296875	0.411376953125	0.30224609375	0.421142578125	-1.0	7.0	38
鲭	0.68701171875	0.050537109375	0.69677734375	0.060302734375	-1.0	7.0	38
鲮	0.7587890625	0.05029296875	0.7685546875	0.06005859375	-1.0	7.0	38
鲰	0.74853515625	0.558349609375	0.75830078125	0.56787109375	-1.0	7.0	38
鲱	0.779296875	0.05029296875	0.7890625	0.06005859375	-1.0	7.0	38
鲲	0.76904296875	0.558349609375	0.77880859375	0.56787109375	-1.0	7.0	38
鲳	0.3515625	0.411376953125	0.36083984375	0.421142578125	-1.0	7.0	38
鲴	0.537109375	0.4111328125	0.54638671875	0.4208984375	-1.0	7.0	38
鲵	0.8203125	0.05029296875	0.830078125	0.06005859375	-1.0	7.0	38
鲶	0.81005859375	0.558349609375	0.81982421875	0.56787109375	-1.0	7.0	38
鲷	0.673828125	0.410888671875	0.68310546875	0.420654296875	-1.0	7.0	38
鲸	0.83056640625	0.558349609375	0.84033203125	0.56787109375	-1.0	7.0	38
鲺	0.8408203125	0.558349609375	0.8505859375	0.56787109375	-1.0	7.0	38
鲻	0.790771484375	0.626708984375	0.80029296875	0.63623046875	-1.0	7.0	38
鲼	0.83056640625	0.05029296875	0.84033203125	0.06005859375	-1.0	7.0	38
鲽	0.8408203125	0.05029296875	0.8505859375	0.06005859375	-1.0	7.0	38
鳃	0.87158203125	0.558349609375	0.88134765625	0.56787109375	-1.0	7.0	38
鳄	0.830810546875	0.626708984375	0.84033203125	0.63623046875	-1.0	7.0	38
鳅	0.85107421875	0.05029296875	0.86083984375	0.06005859375	-1.0	7.0	38
鳆	0.861328125	0.05029296875	0.87109375	0.06005859375	-1.0	7.0	38
鳇	0.842041015625	0.714599609375	0.851806640625	0.723876953125	-1.0	7.0	38
鳊	0.771484375	0.41064453125	0.78076171875	0.42041015625	-1.0	7.0	38
鳋	0.87158203125	0.05029296875	0.88134765625	0.06005859375	-1.0	7.0	38
鳌	0.619873046875	0.762939453125	0.62939453125	0.772216796875	-1.0	7.0	38
鳍	0.91259765625	0.05029296875	0.92236328125	0.06005859375	-1.0	7.0	38
鳎	0.234375	0.6875	0.24365234375	0.697021484375	-1.0	7.0	38
鳏	0.30029296875	0.28125	0.309814453125	0.291015625	-1.0	7.0	38
鳐	0.95361328125	0.050048828125	0.96337890625	0.059814453125	-1.0	7.0	38
鳓	0.470458984375	0.281005859375	0.47998046875	0.290771484375	-1.0	7.0	38
鳔	0.9638671875	0.55810546875	0.9736328125	0.567626953125	-1.0	7.0	38
鳕	0.48046875	0.281005859375	0.489990234375	0.290771484375	-1.0	7.0	38
鳖	0.6298828125	0.762939453125	0.639404296875	0.772216796875	0.0	7.0	38
鳗	0.0	0.062255859375	0.009765625	0.072021484375	-1.0	7.0	38
鳘	0.64990234375	0.762939453125	0.659423828125	0.772216796875	-1.0	7.0	38
鳙	0.07177734375	0.062255859375	0.08154296875	0.072021484375	-1.0	7.0	38
鳜	0.1435546875	0.062255859375	0.1533203125	0.072021484375	-1.0	7.0	38
鳝	0.15380859375	0.062255859375	0.16357421875	0.072021484375	-1.0	7.0	38
鳞	0.17431640625	0.062255859375	0.18408203125	0.072021484375	-1.0	7.0	38
鳟	0.041015625	0.5703125	0.05078125	0.579833984375	-1.0	7.0	38
鳢	0.669921875	0.762939453125	0.679443359375	0.772216796875	-1.0	7.0	38
鳥	0.52734375	0.68603515625	0.53662109375	0.695556640625	0.0	7.0	38
鳩	0.50048828125	0.281005859375	0.510009765625	0.290771484375	-1.0	7.0	38
鳳	0.041015625	0.85986328125	0.05078125	0.868896484375	-1.0	10.0	38
鳴	0.5078125	0.68603515625	0.51708984375	0.695556640625	1.0	7.0	38
鳶	0.498046875	0.68603515625	0.50732421875	0.695556640625	0.0	7.0	38
鴃	0.2255859375	0.061279296875	0.2353515625	0.071044921875	-1.0	7.0	38
鴆	0.510498046875	0.281005859375	0.52001953125	0.290771484375	-1.0	7.0	38
鴉	0.08203125	0.5703125	0.091796875	0.579833984375	-1.0	7.0	38
鴒	0.050048828125	0.638671875	0.0595703125	0.648193359375	-1.0	7.0	38
鴕	0.06005859375	0.638671875	0.069580078125	0.648193359375	-1.0	7.0	38
鴛	0.070068359375	0.638671875	0.07958984375	0.648193359375	-1.0	7.0	38
鴣	0.080078125	0.638671875	0.089599609375	0.648193359375	-1.0	7.0	38
鴦	0.09228515625	0.5703125	0.10205078125	0.579833984375	-1.0	7.0	38
鴨	0.048828125	0.422607421875	0.05810546875	0.432373046875	1.0	7.0	38
鴻	0.11279296875	0.5703125	0.12255859375	0.579833984375	-1.0	7.0	38
鴿	0.123046875	0.5703125	0.1328125	0.579833984375	-1.0	7.0	38
鵑	0.76171875	0.45068359375	0.770751953125	0.46044921875	1.0	7.0	38
鵝	0.14013671875	0.638671875	0.149658203125	0.648193359375	-1.0	7.0	38
鵠	0.150146484375	0.638671875	0.15966796875	0.648193359375	-1.0	7.0	38
鵡	0.1435546875	0.5703125	0.1533203125	0.579833984375	-1.0	7.0	38
鵪	0.58056640625	0.281005859375	0.590087890625	0.290771484375	-1.0	7.0	38
鵬	0.630615234375	0.281005859375	0.64013671875	0.290771484375	-1.0	7.0	38
鵲	0.640625	0.281005859375	0.650146484375	0.290771484375	-1.0	7.0	38
鶉	0.2001953125	0.638671875	0.209716796875	0.648193359375	-1.0	7.0	38
鶯	0.839111328125	0.695068359375	0.84814453125	0.70458984375	0.0	7.0	38
鶴	0.66064453125	0.28076171875	0.670166015625	0.29052734375	-1.0	7.0	38
鶸	0.19482421875	0.5703125	0.20458984375	0.579833984375	-1.0	7.0	38
鷂	0.230224609375	0.638671875	0.23974609375	0.648193359375	-1.0	7.0	38
鷓	0.240234375	0.637939453125	0.249755859375	0.6474609375	-1.0	7.0	38
鷗	0.390625	0.68603515625	0.39990234375	0.695556640625	1.0	7.0	38
鷥	0.380859375	0.686279296875	0.39013671875	0.69580078125	0.0	7.0	38
鷹	0.690673828125	0.28076171875	0.7001953125	0.29052734375	-1.0	7.0	38
鷺	0.70068359375	0.28076171875	0.710205078125	0.29052734375	-1.0	7.0	38
鸚	0.750732421875	0.280517578125	0.76025390625	0.290283203125	-1.0	7.0	38
鸛	0.27685546875	0.06103515625	0.28662109375	0.07080078125	-1.0	7.0	38
鸞	0.107421875	0.422607421875	0.11669921875	0.432373046875	0.0	7.0	38
鸟	0.371337890625	0.705810546875	0.38037109375	0.71533203125	-1.0	7.0	38
鸠	0.1171875	0.422607421875	0.12646484375	0.432373046875	-1.0	7.0	38
鸡	0.2734375	0.686279296875	0.28271484375	0.69580078125	-1.0	7.0	38
鸢	0.263671875	0.686279296875	0.27294921875	0.69580078125	0.0	7.0	38
鸣	0.36181640625	0.705810546875	0.370849609375	0.71533203125	1.0	7.0	38
鸥	0.899169921875	0.704833984375	0.907958984375	0.71435546875	1.0	7.0	38
鸦	0.310302734375	0.637451171875	0.31982421875	0.64697265625	-1.0	7.0	38
鸨	0.146484375	0.422607421875	0.15576171875	0.432373046875	-1.0	7.0	38
鸩	0.166015625	0.422607421875	0.17529296875	0.432373046875	-1.0	7.0	38
鸪	0.21484375	0.6875	0.22412109375	0.697021484375	-1.0	7.0	38
鸫	0.205078125	0.6875	0.21435546875	0.697021484375	-1.0	7.0	38
鸬	0.78076171875	0.280517578125	0.790283203125	0.290283203125	-1.0	7.0	38
鸭	0.771240234375	0.45068359375	0.7802734375	0.46044921875	1.0	7.0	38
鸯	0.3603515625	0.637451171875	0.369873046875	0.64697265625	-1.0	7.0	38
鸱	0.78076171875	0.45068359375	0.789794921875	0.46044921875	0.0	7.0	38
鸲	0.17578125	0.6875	0.18505859375	0.697021484375	-1.0	7.0	38
鸳	0.38037109375	0.637451171875	0.389892578125	0.64697265625	-1.0	7.0	38
鸵	0.390380859375	0.63720703125	0.39990234375	0.646728515625	-1.0	7.0	38
鸶	0.400390625	0.63720703125	0.409912109375	0.646728515625	-1.0	7.0	38
鸷	0.15625	0.6875	0.16552734375	0.697021484375	0.0	7.0	38
鸸	0.146484375	0.6875	0.15576171875	0.697021484375	0.0	7.0	38
鸹	0.029296875	0.6875	0.03857421875	0.697021484375	-1.0	7.0	38
鸺	0.810791015625	0.280517578125	0.8203125	0.290283203125	-1.0	7.0	38
鸽	0.42041015625	0.63720703125	0.429931640625	0.646728515625	-1.0	7.0	38
鸾	0.430419921875	0.63720703125	0.43994140625	0.646728515625	-1.0	7.0	38
鸿	0.8984375	0.675537109375	0.90771484375	0.68505859375	-1.0	7.0	38
鹁	0.87890625	0.675537109375	0.88818359375	0.68505859375	-1.0	7.0	38
鹂	0.4404296875	0.63720703125	0.449951171875	0.646728515625	-1.0	7.0	38
鹃	0.3525390625	0.46142578125	0.361328125	0.47119140625	1.0	7.0	38
鹄	0.83984375	0.675537109375	0.84912109375	0.68505859375	-1.0	7.0	38
鹅	0.830078125	0.675537109375	0.83935546875	0.68505859375	-1.0	7.0	38
鹆	0.46044921875	0.63720703125	0.469970703125	0.646728515625	-1.0	7.0	38
鹇	0.915283203125	0.695068359375	0.92431640625	0.70458984375	1.0	7.0	38
鹈	0.78125	0.675537109375	0.79052734375	0.68505859375	-1.0	7.0	38
鹉	0.470458984375	0.63720703125	0.47998046875	0.646728515625	-1.0	7.0	38
鹊	0.870849609375	0.280517578125	0.88037109375	0.290283203125	-1.0	7.0	38
鹋	0.64453125	0.67626953125	0.65380859375	0.685791015625	-1.0	7.0	38
鹌	0.1953125	0.422607421875	0.20458984375	0.432373046875	-1.0	7.0	38
鹎	0.205078125	0.422607421875	0.21435546875	0.432373046875	-1.0	7.0	38
鹏	0.21484375	0.422607421875	0.22412109375	0.432373046875	-1.0	7.0	38
鹑	0.5859375	0.67626953125	0.59521484375	0.685791015625	-1.0	7.0	38
鹕	0.224609375	0.421875	0.23388671875	0.431640625	0.0	7.0	38
鹗	0.5078125	0.67626953125	0.51708984375	0.685791015625	-1.0	7.0	38
鹘	0.234375	0.421630859375	0.24365234375	0.431396484375	0.0	7.0	38
鹚	0.54052734375	0.63720703125	0.550048828125	0.646728515625	-1.0	7.0	38
鹛	0.550537109375	0.63720703125	0.56005859375	0.646728515625	-1.0	7.0	38
鹜	0.560546875	0.63720703125	0.570068359375	0.646728515625	-1.0	7.0	38
鹞	0.400390625	0.67626953125	0.40966796875	0.685791015625	-1.0	7.0	38
鹣	0.880859375	0.280517578125	0.890380859375	0.290283203125	-1.0	7.0	38
鹤	0.244140625	0.42138671875	0.25341796875	0.43115234375	-1.0	7.0	38
鹦	0.33203125	0.676513671875	0.34130859375	0.68603515625	-1.0	8.0	38
鹧	0.590576171875	0.63720703125	0.60009765625	0.646728515625	-1.0	7.0	38
鹨	0.910888671875	0.280517578125	0.92041015625	0.290283203125	-1.0	7.0	38
鹩	0.610595703125	0.63720703125	0.6201171875	0.646728515625	-1.0	7.0	38
鹪	0.62060546875	0.63720703125	0.630126953125	0.646728515625	-1.0	7.0	38
鹫	0.4306640625	0.56884765625	0.4404296875	0.578369140625	-1.0	7.0	38
鹬	0.9208984375	0.280517578125	0.930419921875	0.290283203125	-1.0	7.0	38
鹭	0.650634765625	0.63720703125	0.66015625	0.646728515625	-1.0	7.0	38
鹰	0.930908203125	0.280517578125	0.9404296875	0.290283203125	-1.0	7.0	38
鹱	0.287109375	0.06103515625	0.296875	0.07080078125	-1.0	7.0	38
鹳	0.29296875	0.42138671875	0.30224609375	0.43115234375	-1.0	7.0	38
鹵	0.26904296875	0.46142578125	0.27783203125	0.47119140625	2.0	7.0	38
鹹	0.970947265625	0.2802734375	0.98046875	0.2900390625	0.0	7.0	38
鹼	0.0	0.29248046875	0.009521484375	0.30224609375	0.0	7.0	38
鹽	0.780029296875	0.76220703125	0.78955078125	0.771484375	-1.0	7.0	38
鹾	0.166015625	0.677734375	0.17529296875	0.687255859375	0.0	7.0	38
鹿	0.29736328125	0.06103515625	0.30712890625	0.07080078125	-1.0	7.0	38
麂	0.37939453125	0.060791015625	0.38916015625	0.070556640625	-1.0	7.0	38
麇	0.41015625	0.060791015625	0.419921875	0.070556640625	-1.0	7.0	38
麈	0.534423828125	0.71533203125	0.544189453125	0.724609375	-1.0	7.0	38
麋	0.42041015625	0.060791015625	0.43017578125	0.070556640625	-1.0	7.0	38
麒	0.4716796875	0.060791015625	0.4814453125	0.070556640625	-1.0	7.0	38
麓	0.48193359375	0.060791015625	0.49169921875	0.070556640625	-1.0	7.0	38
麗	0.7900390625	0.76220703125	0.799560546875	0.771484375	-1.0	9.0	38
麝	0.57421875	0.56884765625	0.583984375	0.578369140625	-1.0	7.0	38
麟	0.5126953125	0.060791015625	0.5224609375	0.070556640625	-1.0	7.0	38
麥	0.0400390625	0.29248046875	0.049560546875	0.30224609375	-1.0	7.0	38
麦	0.06005859375	0.29248046875	0.069580078125	0.30224609375	-1.0	7.0	38
麩	0.615234375	0.56884765625	0.625	0.578369140625	-1.0	8.0	38
麴	0.498046875	0.421142578125	0.50732421875	0.430908203125	-1.0	7.0	38
麵	0.8408203125	0.636474609375	0.850341796875	0.64599609375	-1.0	8.0	38
麸	0.6357421875	0.56884765625	0.6455078125	0.578369140625	-1.0	8.0	38
麻	0.533203125	0.060791015625	0.54296875	0.070556640625	-1.0	7.0	38
麼	0.10009765625	0.29248046875	0.109619140625	0.30224609375	-1.0	7.0	38
麽	0.66650390625	0.56884765625	0.67626953125	0.578369140625	-1.0	7.0	38
麾	0.6767578125	0.568603515625	0.6865234375	0.578125	-1.0	7.0	38
黃	0.1201171875	0.29248046875	0.129638671875	0.30224609375	-1.0	7.0	38
黄	0.130126953125	0.29248046875	0.1396484375	0.30224609375	-1.0	7.0	38
黉	0.14013671875	0.29248046875	0.149658203125	0.30224609375	-1.0	7.0	38
黌	0.230224609375	0.29150390625	0.23974609375	0.30126953125	-1.0	7.0	38
黍	0.830078125	0.76220703125	0.839599609375	0.771484375	-1.0	8.0	38
黎	0.72802734375	0.568359375	0.73779296875	0.577880859375	-1.0	7.0	38
黏	0.54345703125	0.060791015625	0.55322265625	0.070556640625	-1.0	7.0	38
黑	0.89013671875	0.76220703125	0.899658203125	0.771484375	-1.0	9.0	38
黔	0.9609375	0.636474609375	0.970458984375	0.64599609375	-1.0	8.0	38
默	0.57421875	0.060791015625	0.583984375	0.070556640625	-1.0	7.0	38
黛	0.46044921875	0.291015625	0.469970703125	0.30078125	-1.0	7.0	38
黜	0.9375	0.8193359375	0.94677734375	0.82861328125	-1.0	8.0	38
黝	0.0	0.6484375	0.009521484375	0.657958984375	-1.0	8.0	38
點	0.58447265625	0.060791015625	0.59423828125	0.070556640625	-1.0	7.0	38
黟	0.550537109375	0.291015625	0.56005859375	0.30078125	-1.0	7.0	38
黠	0.590576171875	0.291015625	0.60009765625	0.30078125	-1.0	7.0	38
黢	0.5947265625	0.060791015625	0.6044921875	0.070556640625	-1.0	7.0	38
黥	0.81005859375	0.568115234375	0.81982421875	0.57763671875	-1.0	7.0	38
黧	0.650634765625	0.290771484375	0.66015625	0.300537109375	-1.0	7.0	38
黨	0.028564453125	0.45263671875	0.03759765625	0.46240234375	0.0	7.0	38
黩	0.615234375	0.060791015625	0.625	0.070556640625	-1.0	7.0	38
黪	0.62548828125	0.060791015625	0.63525390625	0.070556640625	-1.0	7.0	38
黯	0.6357421875	0.060791015625	0.6455078125	0.070556640625	-1.0	7.0	38
黴	0.7177734375	0.060302734375	0.7275390625	0.070068359375	-1.0	7.0	38
黷	0.81005859375	0.060302734375	0.81982421875	0.070068359375	-1.0	7.0	38
黹	0.849609375	0.420654296875	0.85888671875	0.430419921875	0.0	7.0	38
黻	0.8203125	0.060302734375	0.830078125	0.070068359375	-1.0	7.0	38
黼	0.74072265625	0.29052734375	0.750244140625	0.30029296875	0.0	7.0	38
黾	0.743408203125	0.87646484375	0.752197265625	0.885498046875	3.0	9.0	38
鼇	0.9228515625	0.568115234375	0.9326171875	0.57763671875	-1.0	7.0	38
鼋	0.08203125	0.85986328125	0.091796875	0.868896484375	-1.0	9.0	38
鼍	0.230224609375	0.868896484375	0.23974609375	0.8779296875	-1.0	9.0	38
鼎	0.730712890625	0.829345703125	0.73974609375	0.838623046875	-1.0	9.0	38
鼐	0.849609375	0.8193359375	0.85888671875	0.82861328125	-1.0	9.0	38
鼓	0.8408203125	0.060302734375	0.8505859375	0.070068359375	-1.0	7.0	38
鼕	0.78076171875	0.29052734375	0.790283203125	0.30029296875	-1.0	7.0	38
鼗	0.89208984375	0.060302734375	0.90185546875	0.070068359375	-1.0	7.0	38
鼙	0.790771484375	0.29052734375	0.80029296875	0.30029296875	-1.0	7.0	38
鼠	0.87890625	0.420654296875	0.88818359375	0.430419921875	1.0	7.0	38
鼢	0.72265625	0.666259765625	0.73193359375	0.67578125	0.0	8.0	38
鼬	0.1904296875	0.70703125	0.199462890625	0.716552734375	0.0	8.0	38
鼯	0.22021484375	0.6484375	0.229736328125	0.657958984375	0.0	8.0	38
鼴	0.230224609375	0.6484375	0.23974609375	0.657958984375	0.0	8.0	38
鼷	0.80078125	0.29052734375	0.810302734375	0.30029296875	0.0	7.0	38
鼹	0.86083984375	0.29052734375	0.870361328125	0.30029296875	0.0	7.0	38
鼻	0.890869140625	0.29052734375	0.900390625	0.30029296875	-1.0	7.0	38
鼽	0.91259765625	0.060302734375	0.92236328125	0.070068359375	-1.0	7.0	38
鼾	0.97412109375	0.06005859375	0.98388671875	0.06982421875	-1.0	7.0	38
齄	0.0	0.072265625	0.009765625	0.08203125	-1.0	7.0	38
齊	0.03076171875	0.072265625	0.04052734375	0.08203125	-1.0	7.0	38
齋	0.08203125	0.072265625	0.091796875	0.08203125	-1.0	7.0	38
齐	0.970947265625	0.290283203125	0.98046875	0.300048828125	-1.0	7.0	38
齑	0.11279296875	0.072265625	0.12255859375	0.08203125	-1.0	7.0	38
齒	0.34033203125	0.647216796875	0.349853515625	0.65673828125	-1.0	8.0	38
齜	0.09228515625	0.580078125	0.10205078125	0.589599609375	-1.0	7.0	38
齟	0.1025390625	0.580078125	0.1123046875	0.589599609375	-1.0	7.0	38
齡	0.1640625	0.072265625	0.173828125	0.08203125	-1.0	7.0	38
齣	0.078125	0.4326171875	0.08740234375	0.4423828125	-1.0	7.0	38
齦	0.19482421875	0.072265625	0.20458984375	0.08203125	-1.0	7.0	38
齧	0.1171875	0.4326171875	0.12646484375	0.4423828125	0.0	7.0	38
齪	0.23583984375	0.071044921875	0.24560546875	0.080810546875	-1.0	7.0	38
齬	0.25634765625	0.071044921875	0.26611328125	0.080810546875	-1.0	7.0	38
齲	0.185546875	0.4326171875	0.19482421875	0.4423828125	-1.0	7.0	38
齷	0.1201171875	0.302490234375	0.129638671875	0.312255859375	-1.0	7.0	38
齿	0.450439453125	0.64697265625	0.4599609375	0.656494140625	-1.0	7.0	38
龀	0.369140625	0.07080078125	0.37890625	0.08056640625	-1.0	7.0	38
龃	0.205078125	0.580078125	0.21484375	0.589599609375	-1.0	7.0	38
龄	0.250244140625	0.30126953125	0.259765625	0.31103515625	-1.0	7.0	38
龅	0.41015625	0.07080078125	0.419921875	0.08056640625	-1.0	7.0	38
龆	0.234375	0.431640625	0.24365234375	0.44140625	-1.0	7.0	38
龇	0.24609375	0.5791015625	0.255859375	0.588623046875	-1.0	7.0	38
龈	0.44091796875	0.07080078125	0.45068359375	0.08056640625	-1.0	7.0	38
龉	0.451171875	0.07080078125	0.4609375	0.08056640625	-1.0	7.0	38
龊	0.46142578125	0.07080078125	0.47119140625	0.08056640625	-1.0	7.0	38
龋	0.283203125	0.431396484375	0.29248046875	0.441162109375	-1.0	7.0	38
龌	0.390380859375	0.301025390625	0.39990234375	0.310791015625	-1.0	7.0	38
龍	0.3076171875	0.578857421875	0.3173828125	0.58837890625	-1.0	7.0	38
龐	0.50244140625	0.07080078125	0.51220703125	0.08056640625	-1.0	7.0	38
龔	0.42041015625	0.301025390625	0.429931640625	0.310791015625	-1.0	7.0	38
龙	0.52294921875	0.07080078125	0.53271484375	0.08056640625	-1.0	7.0	38
龚	0.560546875	0.301025390625	0.570068359375	0.310791015625	-1.0	7.0	38
龛	0.533203125	0.07080078125	0.54296875	0.08056640625	-1.0	7.0	38
龜	0.369140625	0.578857421875	0.37890625	0.58837890625	-1.0	7.0	38
龟	0.37939453125	0.578857421875	0.38916015625	0.58837890625	-1.0	7.0	38
龠	0.650634765625	0.30078125	0.66015625	0.310546875	-1.0	7.0	38
︐	0.73486328125	0.965087890625	0.73681640625	0.96826171875	27.0	1.0	38
︑	0.90087890625	0.963134765625	0.90380859375	0.9658203125	23.0	0.0	38
︒	0.7099609375	0.965087890625	0.712890625	0.96826171875	23.0	0.0	38
︓	0.399169921875	0.96044921875	0.401123046875	0.96630859375	24.0	3.0	38
︔	0.890625	0.944580078125	0.892822265625	0.95166015625	25.0	3.0	38
︕	0.814453125	0.937255859375	0.81640625	0.945068359375	26.0	3.0	38
︖	0.9765625	0.92041015625	0.98095703125	0.928466796875	18.0	2.0	38
︗	0.203125	0.968994140625	0.212646484375	0.97314453125	-1.0	22.0	38
︘	0.06103515625	0.9697265625	0.070556640625	0.97412109375	-1.0	3.0	38
︙	0.146240234375	0.956298828125	0.14794921875	0.963134765625	15.0	11.0	38
︰	0.744873046875	0.952880859375	0.746826171875	0.959228515625	15.0	14.0	38
︱	0.921142578125	0.0	0.922607421875	0.010009765625	16.0	6.0	38
︲	0.7373046875	0.96484375	0.73876953125	0.968017578125	16.0	20.0	38
︳	0.925048828125	0.0	0.926513671875	0.010009765625	0.0	6.0	38
︴	0.9150390625	0.0	0.916748046875	0.010009765625	-1.0	6.0	38
︵	0.500244140625	0.965576171875	0.509765625	0.968994140625	-1.0	27.0	38
︶	0.520263671875	0.96533203125	0.52978515625	0.96875	-1.0	13.0	38
︷	0.7392578125	0.96484375	0.748779296875	0.9677734375	-1.0	27.0	38
︸	0.749267578125	0.96484375	0.7587890625	0.9677734375	-1.0	15.0	38
︹	0.594482421875	0.96533203125	0.60400390625	0.968505859375	-1.0	27.0	38
︺	0.6044921875	0.96533203125	0.614013671875	0.968505859375	0.0	14.0	38
︻	0.347412109375	0.967041015625	0.35693359375	0.970947265625	-1.0	27.0	38
︼	0.327392578125	0.9677734375	0.3369140625	0.9716796875	-1.0	11.0	38
︽	0.071044921875	0.969482421875	0.08056640625	0.973876953125	-1.0	25.0	38
︾	0.0810546875	0.969482421875	0.090576171875	0.973876953125	-1.0	11.0	38
︿	0.33740234375	0.96728515625	0.346923828125	0.97119140625	-1.0	25.0	38
﹀	0.4365234375	0.966064453125	0.446044921875	0.9697265625	-1.0	13.0	38
﹁	0.7685546875	0.964599609375	0.77734375	0.967529296875	2.0	27.0	38
﹂	0.623779296875	0.96533203125	0.632568359375	0.968505859375	0.0	14.0	38
﹃	0.446533203125	0.966064453125	0.455322265625	0.9697265625	2.0	26.0	38
﹄	0.455810546875	0.966064453125	0.464599609375	0.9697265625	0.0	12.0	38
﹅	0.814208984375	0.96435546875	0.817138671875	0.96728515625	13.0	21.0	38
﹆	0.706298828125	0.965087890625	0.70947265625	0.96826171875	12.0	20.0	38
﹇	0.86572265625	0.96337890625	0.875	0.966064453125	0.0	29.0	38
﹈	0.87548828125	0.96337890625	0.884765625	0.966064453125	0.0	3.0	38
﹉	0.169677734375	0.973876953125	0.17822265625	0.975341796875	1.0	8.0	38
﹊	0.10546875	0.97412109375	0.114013671875	0.975830078125	1.0	8.0	38
﹋	0.084716796875	0.97412109375	0.0947265625	0.975830078125	-1.0	8.0	38
﹌	0.855224609375	0.96337890625	0.865234375	0.966064453125	-1.0	8.0	38
﹍	0.1787109375	0.973876953125	0.187255859375	0.975341796875	1.0	39.0	38
﹎	0.04150390625	0.974609375	0.050048828125	0.9765625	1.0	38.0	38
﹏	0.031005859375	0.974609375	0.041015625	0.9765625	-1.0	38.0	38
﹐	0.998046875	0.962646484375	0.99951171875	0.96484375	16.0	31.0	38
﹑	0.028564453125	0.974609375	0.030517578125	0.976806640625	2.0	31.0	38
﹒	0.14697265625	0.97412109375	0.1484375	0.975830078125	16.0	31.0	38
﹔	0.325439453125	0.9677734375	0.326904296875	0.971923828125	16.0	23.0	38
﹕	0.498291015625	0.965576171875	0.499755859375	0.96923828125	16.0	23.0	38
﹖	0.83642578125	0.958740234375	0.83935546875	0.9638671875	13.0	17.0	38
﹗	0.83984375	0.95849609375	0.84130859375	0.963623046875	16.0	17.0	38
﹘	0.270263671875	0.97314453125	0.274658203125	0.974365234375	10.0	25.0	38
﹙	0.639892578125	0.95947265625	0.642333984375	0.965087890625	15.0	16.0	38
﹚	0.636962890625	0.95947265625	0.639404296875	0.965087890625	13.0	16.0	38
﹛	0.634033203125	0.95947265625	0.636474609375	0.965087890625	14.0	16.0	38
﹜	0.62451171875	0.95947265625	0.627197265625	0.965087890625	13.0	16.0	38
﹝	0.627685546875	0.95947265625	0.63037109375	0.965087890625	14.0	16.0	38
﹞	0.630859375	0.95947265625	0.633544921875	0.965087890625	12.0	16.0	38
﹟	0.034912109375	0.9697265625	0.038818359375	0.974365234375	11.0	18.0	38
﹠	0.810791015625	0.958984375	0.815185546875	0.964111328125	11.0	17.0	38
﹡	0.70263671875	0.965087890625	0.705810546875	0.96826171875	12.0	18.0	38
﹢	0.490478515625	0.9658203125	0.493896484375	0.969482421875	12.0	20.0	38
﹣	0.252197265625	0.97314453125	0.255126953125	0.974609375	13.0	24.0	38
﹤	0.318115234375	0.9677734375	0.3212890625	0.971923828125	12.0	19.0	38
﹥	0.32177734375	0.9677734375	0.324951171875	0.971923828125	12.0	19.0	38
﹦	0.806640625	0.96435546875	0.81005859375	0.96728515625	12.0	22.0	38
﹨	0.94189453125	0.9580078125	0.9453125	0.962890625	12.0	18.0	38
﹩	0.612060546875	0.95947265625	0.61572265625	0.965087890625	12.0	16.0	38
﹪	0.784423828125	0.958984375	0.789306640625	0.964111328125	9.0	17.0	38
﹫	0.7265625	0.95947265625	0.730712890625	0.96484375	11.0	17.0	38
！	0.819091796875	0.937255859375	0.82080078125	0.945068359375	6.0	10.0	38
＂	0.838134765625	0.964111328125	0.8408203125	0.967041015625	13.0	10.0	38
＃	0.679443359375	0.945556640625	0.685791015625	0.95263671875	6.0	10.0	38
＄	0.99462890625	0.02001953125	0.99951171875	0.02978515625	9.0	6.0	38
％	0.579833984375	0.929443359375	0.587890625	0.937255859375	2.0	10.0	38
＆	0.849853515625	0.9287109375	0.857177734375	0.9365234375	5.0	10.0	38
＇	0.851318359375	0.963623046875	0.852783203125	0.966552734375	16.0	10.0	38
（	0.99609375	0.684326171875	0.999267578125	0.693603515625	23.0	10.0	38
）	0.99609375	0.6748046875	0.999267578125	0.68408203125	2.0	10.0	38
＊	0.274169921875	0.96875	0.2783203125	0.972900390625	10.0	10.0	38
＋	0.672119140625	0.95947265625	0.677490234375	0.96484375	8.0	17.0	38
，	0.732421875	0.965087890625	0.734375	0.96826171875	4.0	34.0	38
－	0.244384765625	0.97314453125	0.247802734375	0.974609375	12.0	26.0	38
．	0.144775390625	0.97412109375	0.146484375	0.975830078125	6.0	35.0	38
／	0.18798828125	0.90576171875	0.19287109375	0.91455078125	9.0	10.0	38
０	0.434814453125	0.93798828125	0.4404296875	0.94580078125	7.0	10.0	38
１	0.944580078125	0.92041015625	0.949462890625	0.928466796875	9.0	9.0	38
２	0.44677734375	0.93798828125	0.4521484375	0.94580078125	8.0	10.0	38
３	0.557861328125	0.9375	0.56298828125	0.9453125	8.0	10.0	38
４	0.3916015625	0.938232421875	0.3974609375	0.946044921875	6.0	10.0	38
５	0.602783203125	0.9375	0.607666015625	0.9453125	9.0	10.0	38
６	0.49365234375	0.9375	0.4990234375	0.9453125	8.0	10.0	38
７	0.41650390625	0.93798828125	0.422119140625	0.94580078125	7.0	10.0	38
８	0.53466796875	0.9375	0.5400390625	0.9453125	8.0	10.0	38
９	0.45263671875	0.93798828125	0.4580078125	0.94580078125	8.0	10.0	38
：	0.401611328125	0.960205078125	0.4033203125	0.966064453125	6.0	18.0	38
；	0.887939453125	0.944580078125	0.89013671875	0.95166015625	4.0	18.0	38
＜	0.6953125	0.95947265625	0.7001953125	0.96484375	9.0	17.0	38
＝	0.579833984375	0.96533203125	0.585205078125	0.96875	8.0	21.0	38
＞	0.70068359375	0.95947265625	0.70556640625	0.96484375	9.0	17.0	38
？	0.7646484375	0.9375	0.768798828125	0.9453125	2.0	10.0	38
＠	0.902587890625	0.903076171875	0.9111328125	0.91162109375	1.0	10.0	38
Ａ	0.904541015625	0.9287109375	0.911865234375	0.9365234375	4.0	10.0	38
Ｂ	0.52880859375	0.9375	0.5341796875	0.9453125	9.0	10.0	38
Ｃ	0.287841796875	0.93994140625	0.2939453125	0.94775390625	6.0	10.0	38
Ｄ	0.087646484375	0.9404296875	0.09423828125	0.9482421875	6.0	10.0	38
Ｅ	0.671875	0.9375	0.676513671875	0.9453125	10.0	10.0	38
Ｆ	0.73583984375	0.9375	0.740234375	0.9453125	11.0	10.0	38
Ｇ	0.10888671875	0.9404296875	0.115478515625	0.9482421875	5.0	10.0	38
Ｈ	0.1650390625	0.9404296875	0.17138671875	0.9482421875	6.0	10.0	38
Ｉ	0.640380859375	0.9375	0.645263671875	0.9453125	9.0	10.0	38
Ｊ	0.810546875	0.937255859375	0.81396484375	0.945068359375	10.0	10.0	38
Ｋ	0.39794921875	0.93798828125	0.40380859375	0.94580078125	9.0	10.0	38
Ｌ	0.656494140625	0.9375	0.6611328125	0.9453125	11.0	10.0	38
Ｍ	0.47509765625	0.9296875	0.4833984375	0.9375	2.0	10.0	38
Ｎ	0.0947265625	0.9404296875	0.101318359375	0.9482421875	5.0	10.0	38
Ｏ	0.786376953125	0.92919921875	0.7939453125	0.93701171875	3.0	10.0	38
Ｐ	0.46435546875	0.93798828125	0.4697265625	0.94580078125	9.0	10.0	38
Ｑ	0.203369140625	0.716796875	0.2109375	0.726318359375	3.0	10.0	38
Ｒ	0.48193359375	0.937744140625	0.4873046875	0.945556640625	9.0	10.0	38
Ｓ	0.635009765625	0.9375	0.639892578125	0.9453125	9.0	10.0	38
Ｔ	0.353515625	0.9384765625	0.359375	0.9462890625	7.0	10.0	38
Ｕ	0.327392578125	0.938720703125	0.33349609375	0.946533203125	6.0	10.0	38
Ｖ	0.912353515625	0.9287109375	0.91943359375	0.9365234375	4.0	10.0	38
Ｗ	0.338623046875	0.930419921875	0.34765625	0.938232421875	0.0	10.0	38
Ｘ	0.130126953125	0.9404296875	0.13671875	0.9482421875	5.0	10.0	38
Ｙ	0.2265625	0.93994140625	0.23291015625	0.94775390625	6.0	10.0	38
Ｚ	0.19921875	0.940185546875	0.20556640625	0.947998046875	6.0	10.0	38
［	0.99609375	0.809814453125	0.998779296875	0.819091796875	25.0	10.0	38
＼	0.2041015625	0.90576171875	0.208984375	0.91455078125	9.0	10.0	38
］	0.996826171875	0.576904296875	0.99951171875	0.586181640625	2.0	10.0	38
＾	0.99365234375	0.957763671875	0.9990234375	0.96240234375	8.0	10.0	38
＿	0.229248046875	0.973388671875	0.234130859375	0.974853515625	9.0	42.0	38
｀	0.958251953125	0.962646484375	0.9609375	0.965087890625	13.0	8.0	38
ａ	0.216064453125	0.962890625	0.22119140625	0.96875	8.0	18.0	38
ｂ	0.951171875	0.911865234375	0.95703125	0.920166015625	8.0	8.0	38
ｃ	0.2978515625	0.9619140625	0.302734375	0.9677734375	9.0	18.0	38
ｄ	0.9892578125	0.911865234375	0.9951171875	0.920166015625	6.0	8.0	38
ｅ	0.17578125	0.963134765625	0.18115234375	0.968994140625	8.0	18.0	38
ｆ	0.16064453125	0.923583984375	0.164794921875	0.931884765625	11.0	8.0	38
ｇ	0.879638671875	0.92041015625	0.885498046875	0.928466796875	6.0	18.0	38
ｈ	0.1025390625	0.923828125	0.107666015625	0.93212890625	8.0	8.0	38
ｉ	0.02734375	0.932373046875	0.03125	0.9404296875	11.0	9.0	38
ｊ	0.701171875	0.0	0.704833984375	0.01025390625	8.0	9.0	38
ｋ	0.091064453125	0.923828125	0.096435546875	0.93212890625	10.0	8.0	38
ｌ	0.2021484375	0.923583984375	0.2060546875	0.931884765625	11.0	8.0	38
ｍ	0.973876953125	0.95166015625	0.982421875	0.95751953125	2.0	18.0	38
ｎ	0.227294921875	0.962890625	0.232421875	0.96875	8.0	18.0	38
ｏ	0.11376953125	0.96337890625	0.119873046875	0.96923828125	6.0	18.0	38
ｐ	0.854248046875	0.92041015625	0.860107421875	0.928466796875	8.0	18.0	38
ｑ	0.847900390625	0.92041015625	0.853759765625	0.928466796875	6.0	18.0	38
ｒ	0.38818359375	0.96044921875	0.391845703125	0.96630859375	13.0	18.0	38
ｓ	0.3837890625	0.96044921875	0.3876953125	0.96630859375	11.0	18.0	38
ｔ	0.493408203125	0.945556640625	0.497314453125	0.952880859375	11.0	12.0	38
ｕ	0.19921875	0.962890625	0.204345703125	0.96875	8.0	18.0	38
ｖ	0.13330078125	0.96337890625	0.13916015625	0.96923828125	7.0	18.0	38
ｗ	0.98291015625	0.95166015625	0.9912109375	0.95751953125	2.0	18.0	38
ｘ	0.193359375	0.962890625	0.19873046875	0.96875	8.0	18.0	38
ｙ	0.885986328125	0.92041015625	0.891845703125	0.928466796875	7.0	18.0	38
ｚ	0.23291015625	0.962646484375	0.238037109375	0.968505859375	8.0	18.0	38
｛	0.99462890625	0.752685546875	0.99755859375	0.761962890625	22.0	10.0	38
｜	0.355224609375	0.0	0.3564453125	0.0107421875	16.0	7.0	38
｝	0.99462890625	0.80029296875	0.99755859375	0.8095703125	3.0	10.0	38
～	0.0	0.974609375	0.005615234375	0.976806640625	7.0	24.0	38
｟	0.99462890625	0.190185546875	0.9990234375	0.199951171875	19.0	7.0	38
｠	0.99462890625	0.16015625	0.9990234375	0.169921875	1.0	7.0	38
｡	0.827880859375	0.96435546875	0.830810546875	0.96728515625	1.0	34.0	19
｢	0.31787109375	0.904541015625	0.321044921875	0.913330078125	4.0	7.0	19
｣	0.314208984375	0.904541015625	0.3173828125	0.913330078125	2.0	11.0	19
､	0.951904296875	0.963134765625	0.95458984375	0.965576171875	2.0	36.0	19
･	0.08251953125	0.97412109375	0.084228515625	0.97607421875	6.0	23.0	19
ｦ	0.0	0.932373046875	0.004150390625	0.9404296875	1.0	11.0	19
ｧ	0.102783203125	0.956298828125	0.107177734375	0.963134765625	0.0	18.0	19
ｨ	0.479248046875	0.94580078125	0.483642578125	0.953125	0.0	16.0	19
ｩ	0.282470703125	0.947998046875	0.28662109375	0.95556640625	1.0	15.0	19
ｪ	0.7216796875	0.95947265625	0.72607421875	0.96484375	0.0	21.0	19
ｫ	0.46435546875	0.946044921875	0.468994140625	0.953369140625	0.0	15.0	19
ｬ	0.474365234375	0.94580078125	0.478759765625	0.953125	0.0	16.0	19
ｭ	0.815673828125	0.958984375	0.81982421875	0.964111328125	1.0	22.0	19
ｮ	0.740966796875	0.952880859375	0.744384765625	0.959228515625	2.0	19.0	19
ｯ	0.122314453125	0.956298828125	0.126708984375	0.963134765625	0.0	18.0	19
ｰ	0.239501953125	0.973388671875	0.243896484375	0.974853515625	0.0	23.0	19
ｱ	0.677001953125	0.9375	0.681640625	0.9453125	0.0	11.0	19
ｲ	0.380615234375	0.9130859375	0.385498046875	0.921630859375	0.0	9.0	19
ｳ	0.435302734375	0.912841796875	0.439453125	0.92138671875	1.0	9.0	19
ｴ	0.531982421875	0.95947265625	0.536376953125	0.965087890625	0.0	15.0	19
ｵ	0.385986328125	0.912841796875	0.390625	0.92138671875	0.0	9.0	19
ｶ	0.39111328125	0.912841796875	0.395751953125	0.92138671875	-1.0	9.0	19
ｷ	0.2529296875	0.887451171875	0.2578125	0.896484375	-1.0	8.0	19
ｸ	0.224853515625	0.90576171875	0.2294921875	0.91455078125	0.0	8.0	19
ｹ	0.396240234375	0.912841796875	0.40087890625	0.92138671875	-1.0	9.0	19
ｺ	0.694091796875	0.952880859375	0.698486328125	0.959228515625	0.0	14.0	19
ｻ	0.124755859375	0.923828125	0.129638671875	0.93212890625	-1.0	10.0	19
ｼ	0.971435546875	0.92041015625	0.97607421875	0.928466796875	0.0	10.0	19
ｽ	0.236328125	0.947998046875	0.241455078125	0.95556640625	-1.0	12.0	19
ｾ	0.613525390625	0.9375	0.618408203125	0.9453125	-1.0	10.0	19
ｿ	0.9912109375	0.92041015625	0.99560546875	0.928466796875	0.0	10.0	19
ﾀ	0.263671875	0.887451171875	0.268310546875	0.896484375	0.0	8.0	19
ﾁ	0.130126953125	0.923828125	0.135009765625	0.93212890625	-1.0	10.0	19
ﾂ	0.666748046875	0.9375	0.67138671875	0.9453125	0.0	12.0	19
ﾃ	0.135498046875	0.923828125	0.140380859375	0.93212890625	-1.0	11.0	19
ﾄ	0.210693359375	0.923583984375	0.2138671875	0.931884765625	5.0	10.0	19
ﾅ	0.19873046875	0.90576171875	0.20361328125	0.91455078125	-1.0	8.0	19
ﾆ	0.511474609375	0.959716796875	0.51611328125	0.96533203125	0.0	15.0	19
ﾇ	0.459228515625	0.946044921875	0.4638671875	0.953369140625	0.0	12.0	19
ﾈ	0.225830078125	0.887451171875	0.23095703125	0.896484375	-1.0	8.0	19
ﾉ	0.986328125	0.92041015625	0.99072265625	0.928466796875	0.0	10.0	19
ﾊ	0.8173828125	0.9453125	0.822021484375	0.952392578125	-1.0	12.0	19
ﾋ	0.273193359375	0.947998046875	0.27734375	0.95556640625	1.0	11.0	19
ﾌ	0.4541015625	0.946044921875	0.458740234375	0.953369140625	0.0	13.0	19
ﾍ	0.484375	0.9599609375	0.489501953125	0.965576171875	-1.0	16.0	19
ﾎ	0.182373046875	0.90576171875	0.1875	0.91455078125	-1.0	9.0	19
ﾏ	0.3447265625	0.9541015625	0.34912109375	0.960693359375	0.0	15.0	19
ﾐ	0.48876953125	0.945556640625	0.492919921875	0.952880859375	1.0	11.0	19
ﾑ	0.949951171875	0.92041015625	0.954833984375	0.928466796875	-1.0	10.0	19
ﾒ	0.14599609375	0.923828125	0.150634765625	0.93212890625	0.0	10.0	19
ﾓ	0.81201171875	0.9453125	0.81689453125	0.952392578125	-1.0	12.0	19
ﾔ	0.99462890625	0.83837890625	0.99951171875	0.847412109375	-1.0	8.0	19
ﾕ	0.9208984375	0.95166015625	0.92578125	0.957763671875	-1.0	14.0	19
ﾖ	0.287109375	0.947998046875	0.291259765625	0.95556640625	1.0	12.0	19
ﾗ	0.19775390625	0.923583984375	0.20166015625	0.931884765625	1.0	10.0	19
ﾘ	0.302734375	0.905029296875	0.30615234375	0.913818359375	2.0	9.0	19
ﾙ	0.241943359375	0.947998046875	0.2470703125	0.95556640625	-1.0	11.0	19
ﾚ	0.2685546875	0.947998046875	0.272705078125	0.95556640625	2.0	11.0	19
ﾛ	0.73681640625	0.952880859375	0.740478515625	0.959228515625	2.0	14.0	19
ﾜ	0.797119140625	0.937255859375	0.80126953125	0.945068359375	1.0	11.0	19
ﾝ	0.645751953125	0.9375	0.650634765625	0.9453125	-1.0	11.0	19
ﾞ	0.897216796875	0.96337890625	0.900390625	0.966064453125	-1.0	7.0	19
ﾟ	0.923583984375	0.963134765625	0.92626953125	0.9658203125	0.0	8.0	19
ﾡ	0.566162109375	0.95947265625	0.5703125	0.965087890625	1.0	15.0	19
ﾢ	0.5166015625	0.95947265625	0.521240234375	0.965087890625	0.0	15.0	19
ﾣ	0.489990234375	0.9599609375	0.494873046875	0.965576171875	-1.0	15.0	19
ﾤ	0.5986328125	0.95947265625	0.602783203125	0.965087890625	1.0	15.0	19
ﾥ	0.521728515625	0.95947265625	0.5263671875	0.965087890625	0.0	15.0	19
ﾦ	0.329345703125	0.961181640625	0.333984375	0.967041015625	0.0	15.0	19
ﾧ	0.593994140625	0.95947265625	0.59814453125	0.965087890625	1.0	15.0	19
ﾨ	0.536865234375	0.95947265625	0.541259765625	0.965087890625	0.0	15.0	19
ﾩ	0.57080078125	0.95947265625	0.574951171875	0.965087890625	1.0	15.0	19
ﾪ	0.575439453125	0.95947265625	0.57958984375	0.965087890625	1.0	15.0	19
ﾫ	0.561279296875	0.95947265625	0.565673828125	0.965087890625	0.0	15.0	19
ﾬ	0.556396484375	0.95947265625	0.560791015625	0.965087890625	0.0	15.0	19
ﾭ	0.319091796875	0.961669921875	0.32373046875	0.967529296875	0.0	15.0	19
ﾮ	0.541748046875	0.95947265625	0.546142578125	0.965087890625	0.0	15.0	19
ﾯ	0.3740234375	0.960693359375	0.37841796875	0.966552734375	0.0	15.0	19
ﾰ	0.546630859375	0.95947265625	0.551025390625	0.965087890625	0.0	15.0	19
ﾱ	0.620361328125	0.95947265625	0.6240234375	0.965087890625	2.0	15.0	19
ﾲ	0.6162109375	0.95947265625	0.619873046875	0.965087890625	2.0	15.0	19
ﾳ	0.52685546875	0.95947265625	0.531494140625	0.965087890625	0.0	15.0	19
ﾴ	0.31396484375	0.961669921875	0.318603515625	0.967529296875	0.0	15.0	19
ﾵ	0.244140625	0.962646484375	0.2490234375	0.968505859375	-1.0	15.0	19
ﾶ	0.495361328125	0.959716796875	0.500244140625	0.96533203125	-1.0	15.0	19
ﾷ	0.58935546875	0.95947265625	0.593505859375	0.965087890625	2.0	15.0	19
ﾸ	0.551513671875	0.95947265625	0.555908203125	0.965087890625	0.0	15.0	19
ﾹ	0.21044921875	0.962890625	0.215576171875	0.96875	-1.0	15.0	19
ﾺ	0.24951171875	0.962646484375	0.25439453125	0.968505859375	-1.0	15.0	19
ﾻ	0.607666015625	0.95947265625	0.611572265625	0.965087890625	1.0	15.0	19
ﾼ	0.584716796875	0.95947265625	0.5888671875	0.965087890625	1.0	15.0	19
ﾽ	0.603271484375	0.95947265625	0.607177734375	0.965087890625	1.0	15.0	19
ﾾ	0.580078125	0.95947265625	0.584228515625	0.965087890625	1.0	15.0	19
ￂ	0.655517578125	0.461181640625	0.6591796875	0.470947265625	3.0	7.0	19
ￃ	0.65966796875	0.461181640625	0.663330078125	0.470947265625	2.0	7.0	19
ￄ	0.99609375	0.42041015625	0.99951171875	0.43017578125	3.0	7.0	19
ￅ	0.651123046875	0.461181640625	0.655029296875	0.470947265625	1.0	7.0	19
ￆ	0.680419921875	0.4609375	0.683837890625	0.470703125	1.0	7.0	19
ￇ	0.99462890625	0.080078125	0.999267578125	0.08984375	0.0	7.0	19
ￊ	0.688232421875	0.4609375	0.691650390625	0.470703125	1.0	7.0	19
ￋ	0.99462890625	0.070068359375	0.999267578125	0.079833984375	0.0	7.0	19
ￌ	0.800537109375	0.958984375	0.80517578125	0.964111328125	0.0	16.0	19
ￍ	0.63427734375	0.461181640625	0.639404296875	0.470947265625	-1.0	7.0	19
ￎ	0.99462890625	0.010009765625	0.99951171875	0.019775390625	-1.0	7.0	19
ￏ	0.99462890625	0.06005859375	0.999267578125	0.06982421875	-1.0	7.0	19
ￒ	0.88232421875	0.958251953125	0.88720703125	0.963134765625	-1.0	16.0	19
ￓ	0.7060546875	0.95947265625	0.7109375	0.96484375	-1.0	19.0	19
ￔ	0.99462890625	0.130126953125	0.999267578125	0.139892578125	-1.0	7.0	19
ￕ	0.99462890625	0.050048828125	0.99951171875	0.059814453125	-1.0	7.0	19
ￖ	0.99462890625	0.14013671875	0.999267578125	0.14990234375	0.0	7.0	19
ￗ	0.716552734375	0.95947265625	0.72119140625	0.96484375	0.0	18.0	19
ￚ	0.234619140625	0.973388671875	0.239013671875	0.974853515625	0.0	24.0	19
ￛ	0.99462890625	0.150146484375	0.999267578125	0.159912109375	0.0	7.0	19
ￜ	0.99658203125	0.250244140625	0.998046875	0.260009765625	6.0	7.0	19
￠	0.966064453125	0.92041015625	0.970947265625	0.928466796875	9.0	10.0	38
￡	0.48779296875	0.9375	0.4931640625	0.9453125	8.0	10.0	38
￢	0.473388671875	0.966064453125	0.48095703125	0.9697265625	3.0	22.0	38
￣	0.14892578125	0.97412109375	0.158935546875	0.9755859375	-1.0	8.0	38
￤	0.351318359375	0.0	0.352783203125	0.0107421875	16.0	7.0	38
￥	0.37890625	0.938232421875	0.384765625	0.946044921875	7.0	10.0	38
￦	0.11669921875	0.948486328125	0.123291015625	0.9560546875	5.0	11.0	38
￨	0.923095703125	0.0	0.924560546875	0.010009765625	6.0	6.0	19
￩	0.655517578125	0.965087890625	0.660400390625	0.96826171875	-1.0	21.0	19
￪	0.8291015625	0.958984375	0.832275390625	0.964111328125	3.0	16.0	19
￫	0.660888671875	0.965087890625	0.665771484375	0.96826171875	-1.0	21.0	19
￬	0.832763671875	0.958740234375	0.8359375	0.9638671875	3.0	16.0	19
￭	0.494384765625	0.9658203125	0.497802734375	0.969482421875	2.0	19.0	19
￮	0.426513671875	0.966064453125	0.430419921875	0.969970703125	2.0	19.0	19
51
2	1
0.5
▯
7475
…	”	2
…	“	2
…	’	2
…	‘	2
(	j	3
*	A	4
*	J	4
*	c	1
*	d	1
*	e	2
*	g	2
*	o	2
*	q	2
,	‘	2
,	’	2
,	“	2
,	”	2
.	‘	2
.	’	2
.	“	2
.	”	2
A	*	4
”	…	1
”	s	1
”	o	2
”	g	2
A	J	4
”	e	2
A	T	4
”	d	2
A	V	4
A	W	4
A	Y	4
”	T	-1
”	A	2
”	.	1
”	,	1
“	…	1
A	‘	2
A	’	2
A	“	2
A	”	2
B	T	2
“	s	1
“	g	1
“	e	1
“	d	1
“	c	1
“	T	-1
D	,	4
D	.	4
“	J	2
D	T	2
“	A	2
“	.	1
D	…	1
“	,	1
’	…	1
’	’	2
’	s	1
’	q	1
F	,	4
F	.	4
F	A	2
’	o	2
’	g	2
’	e	2
F	a	2
’	d	2
F	…	2
’	c	2
’	a	1
’	T	-1
J	,	2
J	.	2
’	J	2
’	A	2
’	.	1
’	,	1
‘	‘	2
J	…	1
‘	s	1
‘	o	1
K	C	2
K	G	2
K	J	3
K	O	2
K	Q	2
‘	g	1
‘	e	1
‘	d	2
‘	c	1
‘	T	-1
‘	J	1
‘	A	2
{	j	3
y	…	1
K	v	3
y	?	3
K	y	4
y	.	4
y	,	4
w	…	1
w	.	4
w	,	4
v	…	1
L	*	4
L	?	3
v	.	4
v	,	4
t	-	4
L	J	4
L	O	2
L	Q	2
L	T	4
r	…	2
L	V	4
r	”	-1
L	Y	4
r	“	-2
r	’	-1
L	v	4
r	‘	-2
L	y	4
L	‘	1
L	’	1
L	“	1
L	”	1
O	,	3
O	.	3
r	y	3
r	w	3
O	T	2
r	v	3
r	;	3
r	:	2
O	…	1
P	,	4
P	.	4
P	A	3
r	.	1
P	J	4
r	-	3
r	,	2
q	j	3
P	c	1
P	d	1
P	e	2
P	g	2
P	o	2
P	q	2
p	”	1
p	’	1
P	è	1
P	é	1
P	ê	1
P	ò	1
P	ó	1
P	…	4
Q	,	2
Q	.	1
p	‘	1
Q	T	3
o	”	1
o	“	1
o	’	1
Q	…	1
R	;	1
o	'	3
o	"	3
n	'	1
n	"	1
k	…	-1
k	;	2
k	:	1
k	.	1
k	-	4
k	,	2
f	…	1
f	”	-1
f	“	-1
f	’	-1
f	‘	-1
f	}	2
f	]	2
f	;	1
f	:	-1
f	.	3
f	-	2
f	,	3
T	,	4
T	.	4
f	)	2
e	'	1
T	A	4
T	C	2
T	G	2
T	J	4
T	O	2
T	Q	2
e	"	1
c	Y	4
c	T	4
c	J	3
[	j	3
T	a	4
T	c	4
T	d	4
T	e	4
T	f	4
T	g	4
T	m	4
T	n	4
T	o	4
T	p	4
T	q	4
T	r	4
T	s	4
T	u	4
T	v	4
T	w	4
T	x	4
T	y	4
T	z	4
T	à	2
T	á	2
T	è	2
T	é	2
T	ê	2
Z	J	4
T	ò	2
T	ó	2
T	ù	2
T	ú	2
T	ü	2
Y	…	2
Y	ü	1
T	…	2
Y	ú	1
V	,	4
V	.	4
V	A	4
Y	ù	1
Y	ó	2
V	J	4
Y	ò	2
Y	ê	2
Y	é	2
Y	è	2
V	a	4
V	c	3
V	d	3
V	e	4
V	g	3
V	m	4
V	n	3
V	o	3
V	p	4
V	q	3
V	r	4
Y	á	2
V	u	3
V	à	2
V	á	2
V	è	1
V	é	1
V	ê	1
V	ò	1
V	ó	1
V	ù	1
V	ú	1
V	ü	1
V	…	3
W	,	4
W	.	4
W	A	3
Y	à	2
W	a	3
Y	u	3
Y	s	3
Y	r	4
Y	q	4
Y	p	4
Y	o	4
W	à	1
W	á	1
Y	n	4
Y	m	4
Y	g	4
Y	e	4
Y	d	3
W	…	1
Y	c	4
Y	a	4
X	;	3
Y	A	4
Y	.	4
X	J	3
Y	,	4
!	$	1
!	%	1
!	(	1
!	)	1
!	*	1
!	,	2
!	-	2
!	.	1
!	/	2
!	1	1
!	2	1
!	4	1
!	7	2
!	9	1
!	;	1
!	<	1
!	?	1
!	@	1
!	A	1
!	B	1
!	D	1
!	E	1
!	F	1
!	J	2
!	L	1
!	M	1
!	S	1
!	T	2
!	V	1
!	W	1
!	X	1
!	Y	2
!	Z	1
!	\	2
!	]	1
!	^	1
!	_	1
!	`	3
!	a	1
!	b	1
!	e	1
!	f	1
!	j	2
!	k	1
!	l	1
!	m	1
!	p	1
!	t	1
!	v	1
!	w	1
!	x	1
!	y	1
!	{	1
!	}	1
"	#	3
"	$	3
"	%	1
"	&	2
"	(	2
"	)	2
"	*	1
"	+	3
"	/	4
"	0	2
"	1	2
"	2	3
"	4	4
"	5	1
"	6	3
"	7	2
"	8	1
"	9	2
"	:	1
"	;	2
"	<	3
"	=	1
"	>	2
"	?	1
"	@	3
"	A	4
"	B	1
"	C	2
"	D	1
"	E	1
"	F	1
"	G	2
"	H	1
"	I	1
"	J	3
"	K	1
"	L	1
"	M	3
"	N	1
"	O	2
"	P	1
"	Q	2
"	R	1
"	S	2
"	T	2
"	V	1
"	W	1
"	X	3
"	Y	2
"	Z	2
"	\	2
"	]	3
"	^	3
"	`	3
"	a	4
"	b	1
"	c	2
"	d	1
"	e	1
"	f	1
"	g	3
"	h	1
"	i	1
"	j	3
"	k	2
"	l	2
"	m	4
"	n	2
"	o	3
"	p	2
"	q	3
"	r	1
"	s	2
"	t	1
"	u	1
"	v	1
"	w	1
"	x	2
"	y	1
"	z	1
"	{	2
"	}	2
#	"	1
#	$	1
#	%	1
#	&	1
#	'	1
#	(	1
#	)	2
#	*	1
#	,	3
#	-	2
#	.	3
#	/	2
#	1	1
#	2	2
#	4	1
#	5	1
#	7	2
#	9	1
#	;	1
#	<	1
#	>	1
#	?	1
#	@	1
#	A	2
#	B	1
#	D	1
#	E	1
#	F	1
#	H	1
#	I	1
#	J	3
#	K	1
#	L	1
#	M	1
#	N	1
#	P	1
#	R	1
#	S	1
#	T	2
#	V	2
#	W	1
#	X	2
#	Y	2
#	Z	2
#	\	3
#	]	2
#	^	1
#	_	3
#	a	2
#	b	1
#	e	1
#	f	1
#	h	1
#	i	1
#	j	2
#	k	1
#	l	1
#	m	1
#	n	1
#	p	1
#	t	1
#	v	1
#	w	1
#	x	1
#	y	1
#	{	1
#	}	2
$	"	1
$	$	1
$	%	1
$	'	1
$	(	1
$	)	2
$	*	1
$	,	3
$	-	2
$	.	3
$	/	2
$	1	1
$	2	1
$	4	1
$	5	1
$	7	2
$	9	1
$	;	1
$	<	1
$	>	1
$	?	1
$	@	1
$	A	2
$	B	1
$	D	1
$	E	1
$	F	1
$	H	1
$	I	1
$	J	2
$	K	1
$	L	1
$	M	1
$	P	1
$	R	1
$	S	1
$	T	2
$	V	2
$	W	1
$	X	1
$	Y	2
$	Z	1
$	\	3
$	]	1
$	^	1
$	_	3
$	`	3
$	a	2
$	b	1
$	e	1
$	f	1
$	h	1
$	i	1
$	j	2
$	k	1
$	l	1
$	m	1
$	n	1
$	p	1
$	t	1
$	v	1
$	w	1
$	x	1
$	y	1
$	{	1
$	}	2
%	"	2
%	#	1
%	$	1
%	%	1
%	'	2
%	(	1
%	)	1
%	*	2
%	+	1
%	,	2
%	-	2
%	.	1
%	/	2
%	0	1
%	1	2
%	2	1
%	4	2
%	5	1
%	7	2
%	9	2
%	:	1
%	;	2
%	<	2
%	=	1
%	>	1
%	?	1
%	@	1
%	A	1
%	B	1
%	C	1
%	D	1
%	E	1
%	F	1
%	G	1
%	J	3
%	L	1
%	M	1
%	O	1
%	Q	1
%	S	1
%	T	3
%	U	1
%	V	3
%	W	2
%	X	1
%	Y	3
%	Z	1
%	\	4
%	]	1
%	^	2
%	_	1
%	`	3
%	a	1
%	b	1
%	c	1
%	e	1
%	f	1
%	g	1
%	h	1
%	i	1
%	j	2
%	k	1
%	l	1
%	m	1
%	o	1
%	p	1
%	q	1
%	t	2
%	u	1
%	v	2
%	w	2
%	x	2
%	y	2
%	z	1
%	{	2
%	}	1
&	!	1
&	"	4
&	#	1
&	$	2
&	%	2
&	&	1
&	'	4
&	(	1
&	)	3
&	*	1
&	+	2
&	,	4
&	-	4
&	.	4
&	/	4
&	0	1
&	1	2
&	2	3
&	3	1
&	4	2
&	5	2
&	6	1
&	7	2
&	8	1
&	9	1
&	:	2
&	;	3
&	<	2
&	=	2
&	>	2
&	?	1
&	@	1
&	A	3
&	B	1
&	C	1
&	D	2
&	E	2
&	F	2
&	G	1
&	H	1
&	I	2
&	J	4
&	K	1
&	L	2
&	M	2
&	N	1
&	O	1
&	P	2
&	Q	1
&	R	2
&	S	3
&	T	2
&	U	1
&	V	2
&	W	2
&	X	3
&	Y	2
&	Z	2
&	[	1
&	\	3
&	]	3
&	^	3
&	_	4
&	`	4
&	a	3
&	b	1
&	c	1
&	d	1
&	e	1
&	f	1
&	g	1
&	h	1
&	i	1
&	j	3
&	k	2
&	l	2
&	m	2
&	n	1
&	o	1
&	p	2
&	q	1
&	r	1
&	s	1
&	t	2
&	u	1
&	v	1
&	w	1
&	x	3
&	y	2
&	z	2
&	{	2
&	|	1
&	}	2
'	#	3
'	$	3
'	%	1
'	&	2
'	(	2
'	)	2
'	*	1
'	+	3
'	/	4
'	0	2
'	1	2
'	2	3
'	4	4
'	5	1
'	6	3
'	7	2
'	8	1
'	9	2
'	:	1
'	;	2
'	<	3
'	=	1
'	>	2
'	?	1
'	@	3
'	A	4
'	B	1
'	C	2
'	D	1
'	E	1
'	F	1
'	G	2
'	H	1
'	I	1
'	J	3
'	K	1
'	L	1
'	M	3
'	N	1
'	O	2
'	P	1
'	Q	2
'	R	1
'	S	2
'	T	2
'	V	1
'	W	1
'	X	3
'	Y	2
'	Z	2
'	\	2
'	]	3
'	^	3
'	`	3
'	a	4
'	b	1
'	c	2
'	d	1
'	e	1
'	f	1
'	g	3
'	h	1
'	i	1
'	j	3
'	k	2
'	l	2
'	m	4
'	n	2
'	o	3
'	p	2
'	q	3
'	r	1
'	s	2
'	t	1
'	u	1
'	v	1
'	w	1
'	x	2
'	y	1
'	z	1
'	{	2
'	}	2
(	!	1
(	"	2
(	#	2
(	$	2
(	%	2
(	&	2
(	'	2
(	(	2
(	*	2
(	+	3
(	,	3
(	-	4
(	.	3
(	/	4
(	0	2
(	1	2
(	2	1
(	3	1
(	4	3
(	5	1
(	6	2
(	7	3
(	8	1
(	9	2
(	:	2
(	;	3
(	<	3
(	=	2
(	>	2
(	?	1
(	@	2
(	A	3
(	B	1
(	C	2
(	D	2
(	E	2
(	F	1
(	G	2
(	H	1
(	I	1
(	J	3
(	L	1
(	M	3
(	N	1
(	O	2
(	P	1
(	Q	2
(	R	1
(	S	2
(	T	3
(	U	2
(	V	3
(	W	3
(	X	1
(	Y	3
(	Z	2
(	\	4
(	]	1
(	^	2
(	_	1
(	`	3
(	a	3
(	b	2
(	c	2
(	d	2
(	e	2
(	f	2
(	g	2
(	h	2
(	i	2
(	k	3
(	l	3
(	m	3
(	n	2
(	o	2
(	p	2
(	q	2
(	r	2
(	s	2
(	t	4
(	u	2
(	v	4
(	w	4
(	x	3
(	y	4
(	z	2
(	{	2
(	}	1
)	"	2
)	$	1
)	%	2
)	&	1
)	'	2
)	(	1
)	)	2
)	*	1
)	,	3
)	-	2
)	.	2
)	/	2
)	1	1
)	2	2
)	3	1
)	4	1
)	5	1
)	7	2
)	9	1
)	:	1
)	;	1
)	<	1
)	>	1
)	?	1
)	@	1
)	A	1
)	B	1
)	D	1
)	E	1
)	F	1
)	H	1
)	I	1
)	J	2
)	K	1
)	L	1
)	M	1
)	N	1
)	P	1
)	R	1
)	S	1
)	T	2
)	U	1
)	V	2
)	W	2
)	X	2
)	Y	2
)	Z	2
)	\	3
)	]	2
)	^	2
)	_	4
)	`	4
)	a	1
)	b	1
)	e	1
)	f	1
)	h	1
)	i	1
)	j	2
)	k	1
)	l	1
)	m	1
)	n	1
)	p	1
)	r	1
)	t	1
)	u	1
)	v	1
)	w	1
)	x	1
)	y	1
)	z	1
)	{	1
)	}	2
*	!	1
*	"	2
*	#	1
*	$	2
*	%	2
*	&	2
*	'	2
*	(	2
*	)	3
*	*	2
*	+	2
*	-	2
*	/	4
*	0	1
*	1	2
*	2	4
*	3	1
*	4	3
*	5	1
*	6	1
*	7	3
*	8	1
*	9	2
*	:	2
*	;	3
*	<	4
*	=	2
*	>	3
*	?	2
*	@	1
*	B	2
*	C	1
*	D	2
*	E	2
*	F	2
*	G	1
*	H	2
*	I	2
*	K	2
*	L	2
*	M	3
*	N	2
*	O	1
*	P	2
*	Q	1
*	R	2
*	S	2
*	T	3
*	U	1
*	V	2
*	W	2
*	X	4
*	Y	3
*	Z	3
*	[	1
*	\	3
*	]	4
*	^	1
*	`	4
*	a	4
*	b	2
*	f	2
*	h	2
*	i	2
*	j	3
*	k	2
*	l	2
*	m	3
*	n	2
*	p	2
*	r	2
*	s	1
*	t	2
*	u	1
*	v	2
*	w	2
*	x	3
*	y	2
*	z	2
*	{	2
*	|	1
*	}	3
+	!	1
+	"	3
+	#	1
+	$	2
+	%	2
+	&	1
+	'	3
+	(	2
+	)	3
+	*	2
+	+	1
+	,	4
+	-	2
+	.	3
+	/	3
+	0	1
+	1	2
+	2	3
+	3	1
+	4	1
+	5	1
+	6	1
+	7	3
+	8	1
+	9	2
+	:	1
+	;	2
+	<	2
+	=	1
+	>	1
+	?	2
+	@	1
+	A	2
+	B	2
+	C	1
+	D	2
+	E	2
+	F	2
+	G	1
+	H	2
+	I	2
+	J	3
+	K	2
+	L	2
+	M	2
+	N	1
+	O	1
+	P	1
+	Q	1
+	R	2
+	S	2
+	T	4
+	U	1
+	V	3
+	W	3
+	X	3
+	Y	4
+	Z	3
+	[	1
+	\	4
+	]	3
+	^	4
+	a	2
+	b	1
+	c	1
+	d	1
+	e	1
+	f	1
+	g	1
+	h	1
+	i	1
+	j	2
+	k	2
+	l	2
+	m	2
+	n	1
+	o	1
+	p	1
+	q	1
+	r	1
+	s	1
+	t	2
+	u	1
+	v	2
+	w	2
+	x	2
+	y	2
+	z	2
+	{	2
+	|	1
+	}	3
,	!	2
,	#	2
,	$	4
,	%	3
,	&	2
,	(	4
,	)	2
,	+	3
,	,	1
,	.	1
,	/	2
,	0	2
,	1	4
,	2	2
,	3	1
,	4	3
,	5	1
,	6	2
,	7	4
,	8	2
,	9	4
,	:	1
,	;	1
,	<	3
,	=	1
,	>	1
,	?	3
,	@	3
,	A	1
,	B	2
,	C	3
,	D	2
,	E	2
,	F	2
,	G	3
,	H	2
,	I	2
,	J	2
,	K	2
,	L	2
,	M	1
,	N	2
,	O	3
,	P	1
,	Q	4
,	R	2
,	S	2
,	T	4
,	U	4
,	V	4
,	W	4
,	X	3
,	Y	4
,	Z	2
,	[	1
,	\	4
,	]	2
,	_	2
,	a	1
,	b	2
,	c	3
,	d	1
,	e	2
,	f	2
,	g	3
,	h	2
,	i	2
,	j	2
,	k	2
,	l	2
,	m	1
,	n	2
,	o	3
,	p	1
,	q	4
,	r	1
,	s	1
,	t	4
,	u	3
,	v	4
,	w	4
,	x	2
,	y	4
,	z	1
,	{	4
,	|	1
,	}	2
-	!	1
-	#	1
-	$	3
-	%	4
-	&	1
-	(	2
-	)	4
-	*	2
-	+	1
-	-	2
-	/	4
-	0	1
-	1	4
-	2	4
-	3	2
-	4	2
-	5	2
-	6	1
-	7	4
-	8	1
-	9	4
-	:	2
-	;	3
-	<	1
-	=	1
-	>	2
-	?	3
-	@	2
-	A	3
-	B	2
-	C	1
-	D	2
-	E	2
-	F	2
-	G	1
-	H	2
-	I	2
-	J	4
-	K	2
-	L	2
-	M	2
-	N	1
-	O	1
-	P	2
-	Q	1
-	R	2
-	S	4
-	T	4
-	U	2
-	V	4
-	W	4
-	X	4
-	Y	4
-	Z	4
-	[	1
-	\	4
-	]	4
-	^	1
-	a	3
-	b	2
-	c	1
-	d	1
-	e	2
-	f	2
-	g	1
-	h	2
-	i	2
-	j	3
-	k	2
-	l	2
-	m	2
-	n	2
-	o	1
-	p	2
-	q	1
-	r	2
-	s	2
-	t	4
-	u	2
-	v	3
-	w	3
-	x	4
-	y	4
-	z	3
-	{	1
-	|	1
-	}	3
.	!	1
.	#	2
.	$	2
.	%	3
.	&	2
.	(	3
.	)	3
.	+	3
.	,	2
.	.	1
.	/	2
.	0	2
.	1	4
.	2	2
.	3	1
.	4	3
.	5	1
.	6	2
.	7	4
.	8	2
.	9	4
.	:	1
.	;	2
.	<	3
.	=	1
.	>	1
.	?	2
.	@	3
.	A	1
.	B	2
.	C	3
.	D	2
.	E	2
.	F	2
.	G	3
.	H	2
.	I	2
.	J	3
.	K	2
.	L	2
.	M	1
.	N	1
.	O	3
.	P	1
.	Q	3
.	R	2
.	S	2
.	T	4
.	U	4
.	V	4
.	W	4
.	X	2
.	Y	4
.	Z	2
.	[	1
.	\	4
.	]	3
.	_	1
.	a	1
.	b	2
.	c	3
.	d	1
.	e	2
.	f	2
.	g	3
.	h	2
.	i	2
.	j	2
.	k	2
.	l	2
.	m	1
.	n	1
.	o	3
.	p	1
.	q	3
.	r	1
.	s	1
.	t	4
.	u	3
.	v	4
.	w	4
.	x	2
.	y	4
.	z	1
.	{	4
.	|	1
.	}	3
/	!	2
/	"	2
/	#	2
/	$	3
/	%	2
/	&	3
/	'	2
/	(	3
/	)	3
/	*	2
/	+	4
/	,	4
/	-	4
/	.	4
/	/	4
/	0	3
/	1	2
/	2	4
/	3	2
/	4	4
/	5	2
/	6	2
/	7	4
/	8	2
/	9	2
/	:	4
/	;	4
/	<	4
/	=	4
/	>	4
/	?	3
/	@	2
/	A	4
/	B	2
/	C	2
/	D	2
/	E	2
/	F	2
/	G	2
/	H	2
/	I	3
/	J	4
/	K	2
/	L	2
/	M	4
/	N	3
/	O	2
/	P	2
/	Q	2
/	R	2
/	S	3
/	T	2
/	U	2
/	V	2
/	W	2
/	X	3
/	Y	2
/	Z	4
/	[	1
/	\	3
/	]	3
/	^	2
/	_	4
/	`	3
/	a	4
/	b	4
/	c	4
/	d	3
/	e	4
/	f	4
/	g	4
/	h	4
/	i	4
/	j	4
/	k	4
/	l	4
/	m	4
/	n	4
/	o	4
/	p	4
/	q	4
/	r	4
/	s	3
/	t	4
/	u	3
/	v	4
/	w	4
/	x	4
/	y	4
/	z	4
/	{	3
/	|	1
/	}	3
0	"	3
0	$	1
0	%	2
0	&	1
0	'	3
0	(	1
0	)	2
0	*	1
0	,	3
0	-	2
0	.	3
0	/	2
0	1	2
0	2	2
0	4	1
0	5	1
0	7	2
0	9	1
0	;	1
0	<	1
0	>	1
0	?	1
0	@	1
0	A	2
0	B	1
0	D	1
0	E	1
0	F	1
0	H	1
0	I	1
0	J	3
0	K	1
0	L	1
0	M	1
0	N	1
0	P	1
0	R	1
0	S	1
0	T	4
0	U	1
0	V	2
0	W	2
0	X	2
0	Y	3
0	Z	2
0	\	4
0	]	2
0	^	3
0	_	3
0	a	2
0	b	1
0	e	1
0	f	1
0	h	1
0	i	1
0	j	2
0	k	1
0	l	1
0	m	1
0	n	1
0	p	1
0	r	1
0	t	2
0	v	1
0	w	1
0	x	1
0	y	2
0	z	1
0	{	1
0	}	2
1	$	1
1	%	1
1	(	1
1	)	1
1	*	1
1	,	2
1	-	2
1	.	1
1	/	2
1	1	1
1	2	1
1	4	1
1	7	2
1	9	1
1	;	1
1	<	1
1	?	1
1	@	1
1	A	1
1	B	1
1	D	1
1	E	1
1	F	1
1	J	3
1	L	1
1	M	1
1	S	1
1	T	2
1	V	1
1	W	1
1	X	1
1	Y	2
1	Z	1
1	\	2
1	]	1
1	^	1
1	_	1
1	`	3
1	a	1
1	b	1
1	e	1
1	f	1
1	j	2
1	k	1
1	l	1
1	m	1
1	p	1
1	t	1
1	v	1
1	w	1
1	x	1
1	y	1
1	{	1
1	}	1
2	!	1
2	"	4
2	#	1
2	$	2
2	%	3
2	&	1
2	'	4
2	(	2
2	)	3
2	*	3
2	+	2
2	,	2
2	-	3
2	.	1
2	/	3
2	0	1
2	1	3
2	2	3
2	3	2
2	4	2
2	5	2
2	6	1
2	7	3
2	8	1
2	9	3
2	:	2
2	;	3
2	<	2
2	=	2
2	>	2
2	?	3
2	@	2
2	A	2
2	B	2
2	C	2
2	D	2
2	E	2
2	F	2
2	G	2
2	H	2
2	I	2
2	J	4
2	K	2
2	L	2
2	M	2
2	N	1
2	O	2
2	P	2
2	Q	2
2	R	2
2	S	3
2	T	4
2	U	3
2	V	4
2	W	4
2	X	3
2	Y	4
2	Z	3
2	[	1
2	\	4
2	]	4
2	^	4
2	_	1
2	`	4
2	a	2
2	b	2
2	c	2
2	d	1
2	e	2
2	f	2
2	g	2
2	h	2
2	i	2
2	j	3
2	k	2
2	l	2
2	m	2
2	n	1
2	o	2
2	p	2
2	q	2
2	r	2
2	s	2
2	t	3
2	u	2
2	v	3
2	w	3
2	x	3
2	y	3
2	z	3
2	{	2
2	|	1
2	}	3
3	!	1
3	"	3
3	#	1
3	$	2
3	%	2
3	&	1
3	'	3
3	(	2
3	)	2
3	*	2
3	+	1
3	,	3
3	-	2
3	.	3
3	/	2
3	0	1
3	1	2
3	2	2
3	3	1
3	4	2
3	5	1
3	6	1
3	7	3
3	8	1
3	9	2
3	:	1
3	;	2
3	<	2
3	=	1
3	>	1
3	?	2
3	@	1
3	A	2
3	B	1
3	C	1
3	D	2
3	E	2
3	F	2
3	G	1
3	H	1
3	I	1
3	J	3
3	K	1
3	L	2
3	M	1
3	N	1
3	O	1
3	P	1
3	Q	1
3	R	1
3	S	2
3	T	3
3	U	1
3	V	3
3	W	2
3	X	2
3	Y	3
3	Z	2
3	[	1
3	\	3
3	]	2
3	^	2
3	_	3
3	`	4
3	a	2
3	b	1
3	c	1
3	d	1
3	e	1
3	f	1
3	g	1
3	h	1
3	i	1
3	j	2
3	k	1
3	l	2
3	m	1
3	n	1
3	o	1
3	p	1
3	q	1
3	r	1
3	s	1
3	t	2
3	u	1
3	v	1
3	w	2
3	x	2
3	y	2
3	z	1
3	{	1
3	|	1
3	}	2
4	!	1
4	"	2
4	#	1
4	$	2
4	%	2
4	&	1
4	'	2
4	(	2
4	)	2
4	*	2
4	+	1
4	,	3
4	-	2
4	.	3
4	/	2
4	0	1
4	1	2
4	2	2
4	3	1
4	4	2
4	5	1
4	6	1
4	7	3
4	8	1
4	9	2
4	:	1
4	;	2
4	<	2
4	=	1
4	>	1
4	?	2
4	@	1
4	A	2
4	B	2
4	C	1
4	D	2
4	E	2
4	F	2
4	G	1
4	H	1
4	I	1
4	J	3
4	K	1
4	L	2
4	M	1
4	N	1
4	O	1
4	P	1
4	Q	1
4	R	1
4	S	2
4	T	3
4	U	1
4	V	3
4	W	2
4	X	2
4	Y	3
4	Z	2
4	[	1
4	\	4
4	]	3
4	^	3
4	_	3
4	`	4
4	a	2
4	b	2
4	c	1
4	d	1
4	e	2
4	f	2
4	g	1
4	h	1
4	i	1
4	j	2
4	k	1
4	l	2
4	m	1
4	n	1
4	o	1
4	p	1
4	q	1
4	r	1
4	s	1
4	t	2
4	u	1
4	v	2
4	w	2
4	x	2
4	y	2
4	z	2
4	{	1
4	|	1
4	}	2
5	!	1
5	"	1
5	#	1
5	$	2
5	%	2
5	&	1
5	'	1
5	(	2
5	)	3
5	*	1
5	+	2
5	,	4
5	-	3
5	.	4
5	/	3
5	0	1
5	1	2
5	2	2
5	3	1
5	4	3
5	5	1
5	6	1
5	7	4
5	8	1
5	9	2
5	:	2
5	;	3
5	<	2
5	=	2
5	>	2
5	?	2
5	@	1
5	A	3
5	B	2
5	C	1
5	D	2
5	E	2
5	F	2
5	G	1
5	H	2
5	I	2
5	J	3
5	K	2
5	L	2
5	M	2
5	N	1
5	O	1
5	P	1
5	Q	1
5	R	2
5	S	2
5	T	3
5	U	1
5	V	2
5	W	2
5	X	2
5	Y	3
5	Z	2
5	[	1
5	\	3
5	]	2
5	^	2
5	_	4
5	`	3
5	a	3
5	b	2
5	c	1
5	d	1
5	e	2
5	f	2
5	g	1
5	h	2
5	i	2
5	j	2
5	k	2
5	l	2
5	m	2
5	n	1
5	o	1
5	p	2
5	q	1
5	r	1
5	s	1
5	t	3
5	u	1
5	v	2
5	w	3
5	x	2
5	y	3
5	z	2
5	{	2
5	|	1
5	}	3
6	"	3
6	#	1
6	$	1
6	%	2
6	'	3
6	(	1
6	)	3
6	*	3
6	+	1
6	,	2
6	-	2
6	.	2
6	/	2
6	1	2
6	2	2
6	3	1
6	4	1
6	5	1
6	7	3
6	9	2
6	:	1
6	;	1
6	<	2
6	>	1
6	?	2
6	@	1
6	A	1
6	B	1
6	C	1
6	D	1
6	E	1
6	F	1
6	G	1
6	H	1
6	I	1
6	J	3
6	K	1
6	L	1
6	M	1
6	O	1
6	P	1
6	Q	1
6	R	1
6	S	2
6	T	3
6	U	1
6	V	3
6	W	3
6	X	2
6	Y	3
6	Z	3
6	\	4
6	]	3
6	^	4
6	_	2
6	`	4
6	a	1
6	b	1
6	e	1
6	f	1
6	h	1
6	i	1
6	j	2
6	k	1
6	l	1
6	m	1
6	n	1
6	p	1
6	r	1
6	s	1
6	t	2
6	u	1
6	v	2
6	w	2
6	x	2
6	y	2
6	z	1
6	{	1
6	}	2
7	!	1
7	"	2
7	#	2
7	$	2
7	%	2
7	&	2
7	'	2
7	(	2
7	)	4
7	*	2
7	+	2
7	,	4
7	-	4
7	.	4
7	/	4
7	0	2
7	1	1
7	2	4
7	3	1
7	4	3
7	5	1
7	6	2
7	7	3
7	8	1
7	9	1
7	:	3
7	;	4
7	<	3
7	=	3
7	>	3
7	?	2
7	@	2
7	A	4
7	B	2
7	C	1
7	D	2
7	E	2
7	F	2
7	G	1
7	H	2
7	I	2
7	J	4
7	K	2
7	L	2
7	M	3
7	N	2
7	O	1
7	P	2
7	Q	1
7	R	2
7	S	2
7	T	3
7	U	1
7	V	3
7	W	2
7	X	4
7	Y	3
7	Z	3
7	[	1
7	\	4
7	]	4
7	^	2
7	_	4
7	a	4
7	b	3
7	c	2
7	d	2
7	e	3
7	f	3
7	g	2
7	h	3
7	i	3
7	j	4
7	k	3
7	l	3
7	m	3
7	n	2
7	o	2
7	p	3
7	q	2
7	r	3
7	s	2
7	t	3
7	u	2
7	v	3
7	w	3
7	x	4
7	y	3
7	z	3
7	{	2
7	|	1
7	}	3
8	!	1
8	"	2
8	#	1
8	$	2
8	%	2
8	&	1
8	'	2
8	(	1
8	)	2
8	*	1
8	+	1
8	,	2
8	-	2
8	.	2
8	/	2
8	0	1
8	1	2
8	2	2
8	3	1
8	4	2
8	5	1
8	6	1
8	7	2
8	8	1
8	9	2
8	:	1
8	;	2
8	<	2
8	=	1
8	>	1
8	?	1
8	@	1
8	A	1
8	B	1
8	C	1
8	D	1
8	E	1
8	F	1
8	G	1
8	H	1
8	I	1
8	J	3
8	K	1
8	L	1
8	M	1
8	N	1
8	O	1
8	P	1
8	Q	1
8	R	1
8	S	2
8	T	3
8	U	1
8	V	2
8	W	2
8	X	2
8	Y	3
8	Z	2
8	[	1
8	\	3
8	]	2
8	^	2
8	_	2
8	`	4
8	a	1
8	b	1
8	c	1
8	d	1
8	e	1
8	f	1
8	g	1
8	h	1
8	i	1
8	j	2
8	k	1
8	l	1
8	m	1
8	n	1
8	o	1
8	p	1
8	q	1
8	r	1
8	s	1
8	t	2
8	u	1
8	v	1
8	w	2
8	x	2
8	y	2
8	z	1
8	{	1
8	|	1
8	}	2
9	"	1
9	$	1
9	%	1
9	&	1
9	'	1
9	(	1
9	)	2
9	*	1
9	+	1
9	,	3
9	-	2
9	.	3
9	/	2
9	1	1
9	2	2
9	4	1
9	5	1
9	7	2
9	9	1
9	:	1
9	;	2
9	<	2
9	>	1
9	?	1
9	@	1
9	A	2
9	B	1
9	D	1
9	E	1
9	F	1
9	H	1
9	I	1
9	J	3
9	K	1
9	L	1
9	M	1
9	N	1
9	P	1
9	R	1
9	S	1
9	T	2
9	V	1
9	W	1
9	X	2
9	Y	2
9	Z	2
9	\	2
9	]	2
9	^	1
9	_	3
9	`	4
9	a	2
9	b	1
9	e	1
9	f	1
9	h	1
9	i	1
9	j	2
9	k	1
9	l	1
9	m	1
9	n	1
9	p	1
9	r	1
9	t	1
9	v	1
9	w	1
9	x	1
9	y	1
9	z	1
9	{	1
9	}	2
:	"	1
:	$	1
:	%	1
:	&	1
:	'	1
:	(	1
:	)	2
:	*	2
:	+	1
:	,	2
:	-	3
:	.	1
:	/	3
:	1	3
:	2	3
:	4	1
:	7	2
:	9	3
:	;	1
:	<	1
:	?	1
:	@	1
:	A	2
:	B	1
:	D	1
:	E	1
:	F	1
:	H	1
:	I	1
:	J	3
:	K	1
:	L	1
:	M	1
:	P	1
:	R	1
:	S	1
:	T	4
:	U	1
:	V	4
:	W	3
:	X	3
:	Y	4
:	Z	2
:	\	4
:	]	3
:	^	1
:	_	1
:	a	2
:	b	1
:	e	1
:	f	1
:	i	1
:	j	2
:	k	1
:	l	1
:	m	1
:	n	1
:	p	1
:	t	3
:	u	1
:	v	3
:	w	3
:	x	1
:	y	3
:	{	1
:	}	2
;	"	1
;	$	1
;	%	1
;	'	1
;	(	1
;	)	2
;	*	2
;	+	1
;	,	1
;	-	2
;	.	1
;	/	3
;	1	3
;	2	2
;	4	1
;	7	2
;	9	3
;	;	1
;	<	1
;	?	1
;	@	1
;	A	2
;	B	1
;	D	1
;	E	1
;	F	1
;	H	1
;	I	1
;	J	2
;	K	1
;	L	1
;	M	1
;	P	1
;	R	1
;	S	1
;	T	4
;	U	1
;	V	4
;	W	3
;	X	2
;	Y	4
;	Z	2
;	\	4
;	]	2
;	^	1
;	_	2
;	a	2
;	b	1
;	e	1
;	f	1
;	i	1
;	j	2
;	k	1
;	l	1
;	m	1
;	p	1
;	t	3
;	u	1
;	v	2
;	w	2
;	x	1
;	y	3
;	{	1
;	}	2
<	"	1
<	$	1
<	%	2
<	'	1
<	(	1
<	)	2
<	*	2
<	+	1
<	,	2
<	-	2
<	.	1
<	/	3
<	1	3
<	2	3
<	4	1
<	7	2
<	9	3
<	;	1
<	<	1
<	?	1
<	@	1
<	A	2
<	B	1
<	D	1
<	E	1
<	F	1
<	H	1
<	I	1
<	J	3
<	K	1
<	L	1
<	M	1
<	P	1
<	R	1
<	S	1
<	T	4
<	U	1
<	V	4
<	W	3
<	X	3
<	Y	4
<	Z	2
<	\	4
<	]	3
<	^	1
<	a	2
<	b	1
<	e	1
<	f	1
<	h	1
<	i	1
<	j	2
<	k	1
<	l	1
<	m	1
<	n	1
<	p	1
<	t	3
<	u	1
<	v	2
<	w	2
<	x	1
<	y	3
<	{	1
<	}	2
=	"	1
=	$	1
=	%	2
=	'	1
=	(	1
=	)	3
=	*	2
=	,	2
=	-	2
=	.	1
=	/	4
=	1	3
=	2	3
=	4	1
=	7	3
=	9	3
=	;	1
=	<	1
=	?	1
=	@	1
=	A	2
=	B	1
=	D	1
=	E	1
=	F	1
=	H	1
=	I	1
=	J	3
=	K	1
=	L	1
=	M	1
=	P	1
=	R	1
=	S	2
=	T	4
=	U	1
=	V	4
=	W	3
=	X	3
=	Y	4
=	Z	3
=	\	4
=	]	3
=	^	1
=	a	2
=	b	1
=	e	1
=	f	1
=	h	1
=	i	1
=	j	2
=	k	1
=	l	1
=	m	1
=	n	1
=	p	1
=	r	1
=	t	4
=	u	1
=	v	2
=	w	2
=	x	2
=	y	4
=	z	1
=	{	1
=	}	2
>	"	3
>	$	1
>	%	2
>	&	1
>	'	3
>	(	1
>	)	3
>	*	3
>	,	3
>	-	2
>	.	3
>	/	3
>	1	2
>	2	3
>	3	1
>	4	1
>	5	1
>	7	3
>	9	2
>	:	1
>	;	2
>	<	1
>	>	1
>	?	2
>	@	1
>	A	2
>	B	1
>	D	1
>	E	1
>	F	1
>	H	1
>	I	1
>	J	3
>	K	1
>	L	1
>	M	1
>	N	1
>	P	1
>	R	1
>	S	2
>	T	4
>	U	1
>	V	3
>	W	3
>	X	3
>	Y	4
>	Z	3
>	\	4
>	]	3
>	^	3
>	a	2
>	b	1
>	e	1
>	f	1
>	h	1
>	i	1
>	j	2
>	k	1
>	l	1
>	m	1
>	n	1
>	p	1
>	r	1
>	s	1
>	t	2
>	u	1
>	v	2
>	w	2
>	x	2
>	y	2
>	z	1
>	{	1
>	}	2
?	"	1
?	#	1
?	$	2
?	%	1
?	&	1
?	'	1
?	(	1
?	)	2
?	*	1
?	+	2
?	,	4
?	-	4
?	.	4
?	/	4
?	0	1
?	1	1
?	2	2
?	4	3
?	5	1
?	6	1
?	7	2
?	9	1
?	:	2
?	;	2
?	<	2
?	=	2
?	>	2
?	?	1
?	@	1
?	A	3
?	B	1
?	C	1
?	D	1
?	E	1
?	F	1
?	G	1
?	H	1
?	I	1
?	J	3
?	K	1
?	L	1
?	M	2
?	N	1
?	O	1
?	P	1
?	Q	1
?	R	1
?	S	1
?	T	2
?	V	1
?	W	1
?	X	2
?	Y	2
?	Z	2
?	\	2
?	]	2
?	^	1
?	_	4
?	`	4
?	a	3
?	b	2
?	c	1
?	d	1
?	e	2
?	f	2
?	g	2
?	h	2
?	i	2
?	j	2
?	k	2
?	l	2
?	m	2
?	n	1
?	o	2
?	p	2
?	q	2
?	r	2
?	s	1
?	t	2
?	u	1
?	v	2
?	w	2
?	x	2
?	y	2
?	z	2
?	{	2
?	}	2
@	"	2
@	$	2
@	%	2
@	&	1
@	'	2
@	(	1
@	)	2
@	*	1
@	+	1
@	,	4
@	-	3
@	.	4
@	/	3
@	1	1
@	2	3
@	3	1
@	4	2
@	5	1
@	7	2
@	9	1
@	:	1
@	;	2
@	<	2
@	=	1
@	>	1
@	?	1
@	@	1
@	A	2
@	B	1
@	D	1
@	E	1
@	F	1
@	H	1
@	I	1
@	J	3
@	K	1
@	L	1
@	M	2
@	N	1
@	P	1
@	R	1
@	S	2
@	T	2
@	U	1
@	V	2
@	W	2
@	X	3
@	Y	2
@	Z	2
@	\	2
@	]	3
@	^	2
@	_	4
@	`	4
@	a	2
@	b	1
@	c	1
@	e	1
@	f	1
@	g	1
@	h	1
@	i	1
@	j	2
@	k	1
@	l	1
@	m	2
@	n	1
@	o	1
@	p	1
@	q	1
@	r	1
@	s	1
@	t	1
@	v	1
@	w	1
@	x	2
@	y	1
@	z	1
@	{	1
@	}	2
A	!	1
A	"	4
A	#	1
A	$	2
A	%	4
A	&	1
A	'	4
A	(	2
A	)	4
A	+	2
A	,	2
A	-	3
A	.	1
A	/	3
A	0	1
A	1	3
A	2	3
A	3	2
A	4	2
A	5	2
A	6	1
A	7	4
A	8	1
A	9	3
A	:	2
A	;	3
A	<	2
A	=	2
A	>	2
A	?	3
A	@	2
A	A	2
A	B	2
A	C	2
A	D	2
A	E	2
A	F	2
A	G	2
A	H	2
A	I	2
A	K	2
A	L	2
A	M	2
A	N	1
A	O	2
A	P	2
A	Q	2
A	R	2
A	S	3
A	U	3
A	X	3
A	Z	4
A	[	1
A	\	4
A	]	4
A	^	4
A	_	1
A	`	4
A	a	2
A	b	2
A	c	2
A	d	1
A	e	2
A	f	2
A	g	2
A	h	2
A	i	2
A	j	3
A	k	2
A	l	2
A	m	2
A	n	1
A	o	2
A	p	2
A	q	2
A	r	2
A	s	2
A	t	4
A	u	2
A	v	3
A	w	3
A	x	3
A	y	4
A	z	3
A	{	2
A	|	1
A	}	3
B	"	1
B	$	1
B	%	1
B	'	1
B	(	1
B	)	1
B	*	1
B	,	2
B	-	2
B	.	2
B	/	2
B	1	1
B	2	2
B	4	1
B	7	2
B	9	1
B	;	1
B	<	1
B	?	1
B	@	1
B	A	1
B	B	1
B	D	1
B	E	1
B	F	1
B	H	1
B	I	1
B	J	3
B	K	1
B	L	1
B	M	1
B	P	1
B	R	1
B	S	1
B	U	1
B	V	1
B	W	1
B	X	1
B	Y	2
B	Z	1
B	\	2
B	]	2
B	^	1
B	_	2
B	`	4
B	a	1
B	b	1
B	e	1
B	f	1
B	j	2
B	k	1
B	l	1
B	m	1
B	p	1
B	t	1
B	v	1
B	w	1
B	x	1
B	y	1
B	{	1
B	}	2
C	"	2
C	#	1
C	$	1
C	%	1
C	&	1
C	'	2
C	(	1
C	)	1
C	*	2
C	+	2
C	,	2
C	-	3
C	.	1
C	/	3
C	0	1
C	1	2
C	2	1
C	4	2
C	5	1
C	6	1
C	7	2
C	9	2
C	:	1
C	;	2
C	<	2
C	=	2
C	>	2
C	?	1
C	@	1
C	A	2
C	B	1
C	C	1
C	D	1
C	E	1
C	F	1
C	G	1
C	J	3
C	L	1
C	M	2
C	N	1
C	O	1
C	Q	1
C	S	1
C	T	2
C	U	1
C	V	2
C	W	2
C	X	1
C	Y	2
C	Z	1
C	\	3
C	]	1
C	^	2
C	_	1
C	`	3
C	a	2
C	b	1
C	c	1
C	e	1
C	f	1
C	g	2
C	h	1
C	i	1
C	j	2
C	k	1
C	l	1
C	m	2
C	n	1
C	o	2
C	p	1
C	q	2
C	t	3
C	u	1
C	v	2
C	w	3
C	x	1
C	y	3
C	{	2
C	}	1
D	"	2
D	$	1
D	%	2
D	&	1
D	'	2
D	(	1
D	)	2
D	*	1
D	+	1
D	-	2
D	/	3
D	1	1
D	2	2
D	4	1
D	5	1
D	7	2
D	9	1
D	:	1
D	;	2
D	<	2
D	>	1
D	?	1
D	@	1
D	A	2
D	B	1
D	D	1
D	E	1
D	F	1
D	H	1
D	I	1
D	J	3
D	K	1
D	L	1
D	M	1
D	N	1
D	P	1
D	R	1
D	S	1
D	U	1
D	V	2
D	W	1
D	X	2
D	Y	2
D	Z	2
D	\	2
D	]	2
D	^	2
D	_	4
D	`	4
D	a	2
D	b	1
D	e	1
D	f	1
D	h	1
D	i	1
D	j	2
D	k	1
D	l	1
D	m	1
D	n	1
D	p	1
D	r	1
D	t	1
D	v	1
D	w	1
D	x	2
D	y	1
D	z	1
D	{	1
D	}	2
E	"	1
E	$	1
E	%	1
E	'	1
E	(	1
E	)	1
E	*	1
E	+	1
E	,	2
E	-	3
E	.	1
E	/	3
E	1	1
E	2	1
E	4	1
E	7	2
E	9	1
E	;	1
E	<	1
E	?	1
E	@	1
E	A	2
E	B	1
E	D	1
E	E	1
E	F	1
E	J	3
E	L	1
E	M	1
E	S	1
E	T	2
E	V	1
E	W	1
E	X	1
E	Y	2
E	Z	1
E	\	2
E	]	1
E	^	1
E	_	1
E	`	3
E	a	2
E	b	1
E	e	1
E	f	1
E	j	2
E	k	1
E	l	1
E	m	1
E	p	1
E	t	1
E	v	1
E	w	1
E	x	1
E	y	1
E	{	1
E	}	1
F	"	1
F	#	1
F	$	1
F	%	1
F	&	1
F	'	1
F	(	1
F	)	2
F	*	1
F	+	1
F	-	3
F	/	4
F	0	1
F	1	1
F	2	2
F	4	2
F	5	1
F	6	1
F	7	2
F	9	1
F	:	1
F	;	2
F	<	2
F	=	1
F	>	1
F	?	1
F	@	1
F	B	1
F	D	1
F	E	1
F	F	1
F	H	1
F	I	1
F	J	3
F	K	1
F	L	1
F	M	2
F	N	1
F	P	1
F	R	1
F	S	2
F	T	2
F	V	1
F	W	1
F	X	2
F	Y	2
F	Z	2
F	\	2
F	]	3
F	^	1
F	_	4
F	`	3
F	b	1
F	c	1
F	e	1
F	f	1
F	g	1
F	h	1
F	i	1
F	j	2
F	k	1
F	l	1
F	m	2
F	n	1
F	o	1
F	p	1
F	q	1
F	r	1
F	s	1
F	t	1
F	v	1
F	w	1
F	x	2
F	y	1
F	z	1
F	{	1
F	}	2
G	"	1
G	$	1
G	%	1
G	'	1
G	(	1
G	)	1
G	*	1
G	,	2
G	-	2
G	.	1
G	/	2
G	1	1
G	2	1
G	4	1
G	7	2
G	9	1
G	;	1
G	<	1
G	?	1
G	@	1
G	A	1
G	B	1
G	D	1
G	E	1
G	F	1
G	J	3
G	L	1
G	M	1
G	S	1
G	T	2
G	U	1
G	V	2
G	W	1
G	X	1
G	Y	2
G	Z	1
G	\	3
G	]	1
G	^	1
G	_	1
G	`	3
G	a	1
G	b	1
G	e	1
G	f	1
G	i	1
G	j	2
G	k	1
G	l	1
G	m	1
G	p	1
G	t	1
G	v	1
G	w	1
G	x	1
G	y	1
G	{	1
G	}	1
H	#	1
H	$	1
H	%	1
H	&	1
H	(	1
H	)	1
H	*	1
H	+	1
H	,	2
H	-	2
H	.	1
H	/	3
H	1	1
H	2	1
H	4	1
H	7	2
H	9	1
H	;	1
H	<	1
H	=	1
H	?	1
H	@	1
H	A	2
H	B	1
H	D	1
H	E	1
H	F	1
H	J	3
H	L	1
H	M	2
H	N	1
H	S	1
H	T	1
H	V	1
H	W	1
H	X	1
H	Y	1
H	Z	1
H	\	2
H	]	1
H	^	1
H	_	1
H	`	3
H	a	2
H	b	1
H	c	1
H	e	1
H	f	1
H	g	1
H	j	2
H	k	1
H	l	1
H	m	2
H	n	1
H	o	1
H	p	1
H	q	1
H	t	2
H	u	1
H	v	2
H	w	2
H	x	1
H	y	2
H	{	1
H	}	1
I	$	1
I	%	1
I	(	1
I	)	1
I	*	1
I	,	2
I	-	2
I	.	1
I	/	2
I	1	1
I	2	1
I	4	1
I	7	2
I	9	1
I	;	1
I	<	1
I	?	1
I	@	1
I	A	1
I	B	1
I	D	1
I	E	1
I	F	1
I	J	3
I	L	1
I	M	1
I	S	1
I	T	2
I	V	1
I	W	1
I	X	1
I	Y	2
I	Z	1
I	\	2
I	]	1
I	^	1
I	_	1
I	`	3
I	a	1
I	b	1
I	e	1
I	f	1
I	j	2
I	k	1
I	l	1
I	m	1
I	p	1
I	t	1
I	v	1
I	w	1
I	x	1
I	y	1
I	{	1
I	}	1
J	$	1
J	%	1
J	(	1
J	)	1
J	*	1
J	-	2
J	/	2
J	1	1
J	2	1
J	4	1
J	7	2
J	9	1
J	;	1
J	<	1
J	?	1
J	@	1
J	A	1
J	B	1
J	D	1
J	E	1
J	F	1
J	I	1
J	J	2
J	L	1
J	M	1
J	R	1
J	S	1
J	T	2
J	V	1
J	W	1
J	X	1
J	Y	2
J	Z	1
J	\	2
J	]	1
J	^	1
J	_	3
J	`	3
J	a	1
J	b	1
J	e	1
J	f	1
J	j	2
J	k	1
J	l	1
J	m	1
J	p	1
J	t	1
J	v	1
J	w	1
J	x	1
J	y	1
J	{	1
J	}	2
K	!	1
K	"	4
K	#	2
K	$	2
K	%	2
K	&	2
K	'	4
K	(	2
K	)	2
K	*	3
K	+	2
K	,	2
K	-	4
K	.	1
K	/	4
K	0	2
K	1	3
K	2	3
K	3	2
K	4	2
K	5	2
K	6	2
K	7	2
K	8	2
K	9	3
K	:	2
K	;	3
K	<	2
K	=	3
K	>	3
K	?	2
K	@	2
K	A	3
K	B	2
K	D	2
K	E	2
K	F	3
K	H	2
K	I	2
K	K	2
K	L	3
K	M	3
K	N	1
K	P	2
K	R	2
K	S	3
K	T	4
K	U	2
K	V	4
K	W	3
K	X	3
K	Y	4
K	Z	2
K	[	1
K	\	4
K	]	3
K	^	4
K	_	1
K	`	4
K	a	3
K	b	2
K	c	2
K	d	2
K	e	2
K	f	2
K	g	2
K	h	2
K	i	2
K	j	3
K	k	3
K	l	3
K	m	3
K	n	1
K	o	2
K	p	3
K	q	2
K	r	2
K	s	2
K	t	4
K	u	2
K	w	3
K	x	3
K	z	2
K	{	2
K	|	1
K	}	2
L	!	2
L	"	4
L	#	2
L	$	3
L	%	4
L	&	2
L	'	4
L	(	2
L	)	4
L	+	2
L	,	2
L	-	4
L	.	1
L	/	4
L	0	2
L	1	4
L	2	4
L	3	2
L	4	2
L	5	2
L	6	2
L	7	4
L	8	2
L	9	4
L	:	2
L	;	3
L	<	2
L	=	4
L	>	3
L	@	2
L	A	3
L	B	3
L	C	2
L	D	3
L	E	3
L	F	3
L	G	2
L	H	3
L	I	3
L	K	3
L	L	3
L	M	3
L	N	2
L	P	3
L	R	3
L	S	4
L	U	3
L	W	4
L	X	4
L	Z	4
L	[	2
L	\	4
L	]	4
L	^	4
L	_	1
L	`	4
L	a	3
L	b	3
L	c	2
L	d	2
L	e	3
L	f	3
L	g	2
L	h	3
L	i	3
L	j	4
L	k	3
L	l	3
L	m	3
L	n	2
L	o	2
L	p	3
L	q	2
L	r	3
L	s	2
L	t	4
L	u	2
L	w	4
L	x	4
L	z	4
L	{	2
L	|	2
L	}	4
M	!	1
M	"	3
M	#	1
M	$	2
M	%	2
M	&	1
M	'	3
M	(	2
M	)	3
M	*	3
M	+	2
M	,	3
M	-	3
M	.	2
M	/	3
M	0	1
M	1	3
M	2	3
M	3	2
M	4	2
M	5	2
M	6	1
M	7	2
M	8	1
M	9	3
M	:	2
M	;	3
M	<	2
M	=	2
M	>	2
M	?	2
M	@	2
M	A	2
M	B	2
M	C	1
M	D	2
M	E	2
M	F	2
M	G	1
M	H	2
M	I	2
M	J	4
M	K	2
M	L	2
M	M	2
M	N	1
M	O	1
M	P	2
M	Q	1
M	R	2
M	S	3
M	T	4
M	U	2
M	V	3
M	W	3
M	X	3
M	Y	4
M	Z	2
M	[	1
M	\	4
M	]	3
M	^	3
M	_	1
M	`	4
M	a	2
M	b	2
M	c	1
M	d	1
M	e	2
M	f	2
M	g	1
M	h	2
M	i	2
M	j	3
M	k	2
M	l	2
M	m	2
M	n	1
M	o	1
M	p	2
M	q	1
M	r	2
M	s	1
M	t	3
M	u	2
M	v	2
M	w	3
M	x	3
M	y	3
M	z	2
M	{	2
M	|	1
M	}	3
N	$	1
N	%	1
N	(	1
N	)	1
N	*	1
N	,	2
N	-	2
N	.	1
N	/	2
N	1	1
N	2	1
N	4	1
N	7	2
N	9	1
N	;	1
N	<	1
N	?	1
N	@	1
N	A	1
N	B	1
N	D	1
N	E	1
N	F	1
N	J	2
N	L	1
N	M	1
N	S	1
N	T	2
N	V	1
N	W	1
N	X	1
N	Y	2
N	Z	1
N	\	2
N	]	1
N	^	1
N	_	1
N	`	3
N	a	1
N	b	1
N	e	1
N	f	1
N	j	2
N	k	1
N	l	1
N	m	1
N	p	1
N	t	1
N	v	1
N	w	1
N	x	1
N	y	1
N	{	1
N	}	1
O	"	2
O	$	1
O	%	2
O	&	1
O	'	2
O	(	1
O	)	2
O	*	1
O	-	2
O	/	2
O	1	1
O	2	2
O	4	1
O	5	1
O	7	2
O	9	1
O	;	1
O	<	1
O	>	1
O	?	1
O	@	1
O	A	2
O	B	1
O	D	1
O	E	1
O	F	1
O	H	1
O	I	1
O	J	3
O	K	1
O	L	1
O	M	1
O	N	1
O	P	1
O	R	1
O	S	1
O	U	1
O	V	2
O	W	1
O	X	2
O	Y	2
O	Z	2
O	\	2
O	]	2
O	^	1
O	_	3
O	`	4
O	a	2
O	b	1
O	e	1
O	f	1
O	h	1
O	i	1
O	j	2
O	k	1
O	l	1
O	m	1
O	n	1
O	p	1
O	t	1
O	v	1
O	w	1
O	x	1
O	y	1
O	{	1
O	}	2
P	!	1
P	"	2
P	#	1
P	$	2
P	%	2
P	&	1
P	'	2
P	(	1
P	)	2
P	*	1
P	+	2
P	-	4
P	/	4
P	0	1
P	1	2
P	2	3
P	3	1
P	4	3
P	5	1
P	6	1
P	7	2
P	8	1
P	9	2
P	:	3
P	;	4
P	<	2
P	=	3
P	>	3
P	?	1
P	@	1
P	B	1
P	C	1
P	D	1
P	E	1
P	F	2
P	G	1
P	H	1
P	I	1
P	K	1
P	L	2
P	M	2
P	N	1
P	O	1
P	P	1
P	Q	1
P	R	1
P	S	2
P	T	2
P	U	1
P	V	2
P	W	1
P	X	3
P	Y	2
P	Z	2
P	[	1
P	\	2
P	]	3
P	^	1
P	_	4
P	`	4
P	a	4
P	b	2
P	f	2
P	h	2
P	i	2
P	j	3
P	k	2
P	l	2
P	m	3
P	n	1
P	p	2
P	r	2
P	s	1
P	t	2
P	u	1
P	v	2
P	w	2
P	x	3
P	y	2
P	z	2
P	{	2
P	|	1
P	}	2
Q	!	1
Q	"	3
Q	#	1
Q	$	2
Q	%	1
Q	&	1
Q	'	3
Q	(	1
Q	)	2
Q	*	2
Q	+	1
Q	-	3
Q	/	3
Q	0	1
Q	1	2
Q	2	3
Q	3	1
Q	4	2
Q	5	1
Q	6	1
Q	7	2
Q	8	1
Q	9	2
Q	:	1
Q	;	2
Q	<	2
Q	=	1
Q	>	1
Q	?	1
Q	@	1
Q	A	2
Q	B	1
Q	C	1
Q	D	2
Q	E	2
Q	F	2
Q	G	1
Q	H	1
Q	I	2
Q	J	3
Q	K	1
Q	L	2
Q	M	2
Q	N	1
Q	O	1
Q	P	2
Q	Q	1
Q	R	2
Q	S	2
Q	U	1
Q	V	3
Q	W	2
Q	X	2
Q	Y	3
Q	Z	1
Q	[	1
Q	\	3
Q	]	2
Q	^	2
Q	_	1
Q	`	4
Q	a	2
Q	b	1
Q	c	1
Q	d	1
Q	e	1
Q	f	1
Q	g	1
Q	h	1
Q	i	1
Q	j	3
Q	k	2
Q	l	2
Q	m	2
Q	n	1
Q	o	1
Q	p	2
Q	q	1
Q	r	1
Q	s	1
Q	t	2
Q	u	1
Q	v	2
Q	w	2
Q	x	2
Q	y	2
Q	z	1
Q	{	1
Q	|	1
Q	}	2
R	"	3
R	$	1
R	%	2
R	'	3
R	(	1
R	)	2
R	*	2
R	,	2
R	-	2
R	.	1
R	/	2
R	1	2
R	2	2
R	4	1
R	7	2
R	9	2
R	<	1
R	?	1
R	@	1
R	A	1
R	B	1
R	D	1
R	E	1
R	F	1
R	H	1
R	I	1
R	J	3
R	K	1
R	L	1
R	M	1
R	P	1
R	R	1
R	S	1
R	T	3
R	U	1
R	V	2
R	W	2
R	X	2
R	Y	3
R	Z	2
R	\	3
R	]	3
R	^	3
R	_	1
R	`	4
R	a	1
R	b	1
R	e	1
R	f	1
R	h	1
R	i	1
R	j	2
R	k	1
R	l	1
R	m	1
R	p	1
R	r	1
R	t	2
R	u	1
R	v	2
R	w	2
R	x	2
R	y	2
R	z	1
R	{	1
R	}	2
S	"	1
S	$	1
S	%	1
S	'	1
S	(	1
S	)	1
S	*	1
S	,	2
S	-	2
S	.	2
S	/	2
S	1	1
S	2	1
S	4	1
S	7	2
S	9	1
S	;	1
S	<	1
S	?	1
S	@	1
S	A	1
S	B	1
S	D	1
S	E	1
S	F	1
S	I	1
S	J	3
S	L	1
S	M	1
S	S	1
S	T	2
S	U	1
S	V	2
S	W	1
S	X	1
S	Y	2
S	Z	1
S	\	3
S	]	1
S	^	1
S	_	2
S	`	3
S	a	1
S	b	1
S	e	1
S	f	1
S	h	1
S	i	1
S	j	2
S	k	1
S	l	1
S	m	1
S	p	1
S	t	1
S	v	1
S	w	1
S	x	1
S	y	1
S	{	1
S	}	1
T	!	2
T	"	2
T	#	3
T	$	3
T	%	2
T	&	3
T	'	2
T	(	3
T	)	4
T	*	2
T	+	4
T	-	4
T	/	4
T	0	4
T	1	2
T	2	4
T	3	2
T	4	4
T	5	3
T	6	3
T	7	4
T	8	2
T	9	2
T	:	4
T	;	4
T	<	4
T	=	4
T	>	4
T	?	3
T	@	3
T	B	3
T	D	3
T	E	3
T	F	3
T	H	3
T	I	3
T	K	3
T	L	3
T	M	4
T	N	3
T	P	3
T	R	3
T	S	3
T	T	3
T	U	2
T	V	3
T	W	3
T	X	4
T	Y	3
T	Z	4
T	[	2
T	\	4
T	]	4
T	^	3
T	_	4
T	`	3
T	b	4
T	h	4
T	i	4
T	j	4
T	k	4
T	l	4
T	t	4
T	{	3
T	|	2
T	}	4
U	#	1
U	$	1
U	%	1
U	&	1
U	(	1
U	)	2
U	*	1
U	+	1
U	,	4
U	-	3
U	.	4
U	/	3
U	0	1
U	1	1
U	2	2
U	4	1
U	5	1
U	6	1
U	7	2
U	9	1
U	:	1
U	;	2
U	<	2
U	=	1
U	>	1
U	?	1
U	@	1
U	A	2
U	B	1
U	C	1
U	D	1
U	E	1
U	F	1
U	H	1
U	I	1
U	J	3
U	K	1
U	L	1
U	M	2
U	N	1
U	O	1
U	P	1
U	Q	1
U	R	1
U	S	1
U	T	2
U	V	1
U	W	1
U	X	2
U	Y	2
U	Z	2
U	\	2
U	]	2
U	^	1
U	_	4
U	`	3
U	a	2
U	b	1
U	c	1
U	e	1
U	f	1
U	g	1
U	h	1
U	i	1
U	j	2
U	k	1
U	l	1
U	m	2
U	n	1
U	o	1
U	p	1
U	q	1
U	r	1
U	s	1
U	t	1
U	v	1
U	w	1
U	x	1
U	y	1
U	z	1
U	{	1
U	}	2
V	!	2
V	"	2
V	#	2
V	$	3
V	%	2
V	&	3
V	'	2
V	(	3
V	)	3
V	*	2
V	+	3
V	-	4
V	/	4
V	0	3
V	1	2
V	2	4
V	3	2
V	4	4
V	5	2
V	6	2
V	7	4
V	8	2
V	9	2
V	:	4
V	;	4
V	<	4
V	=	4
V	>	4
V	?	3
V	@	2
V	B	2
V	C	2
V	D	2
V	E	2
V	F	2
V	G	2
V	H	2
V	I	3
V	K	2
V	L	2
V	M	4
V	N	3
V	O	2
V	P	2
V	Q	2
V	R	2
V	S	3
V	T	2
V	U	2
V	V	2
V	W	2
V	X	3
V	Y	2
V	Z	4
V	[	1
V	\	3
V	]	3
V	^	2
V	_	4
V	`	3
V	b	4
V	f	4
V	h	4
V	i	4
V	j	4
V	k	4
V	l	4
V	s	3
V	t	4
V	v	4
V	w	4
V	x	4
V	y	4
V	z	4
V	{	3
V	|	1
V	}	3
W	!	1
W	"	1
W	#	2
W	$	2
W	%	2
W	&	2
W	'	1
W	(	2
W	)	3
W	*	1
W	+	2
W	-	4
W	/	4
W	0	1
W	1	1
W	2	3
W	3	1
W	4	3
W	5	1
W	6	1
W	7	3
W	8	1
W	9	1
W	:	3
W	;	3
W	<	3
W	=	2
W	>	3
W	?	2
W	@	2
W	B	2
W	C	1
W	D	2
W	E	2
W	F	2
W	G	1
W	H	2
W	I	2
W	J	4
W	K	2
W	L	2
W	M	3
W	N	2
W	O	1
W	P	2
W	Q	1
W	R	2
W	S	2
W	T	2
W	U	1
W	V	2
W	W	2
W	X	3
W	Y	2
W	Z	3
W	[	1
W	\	3
W	]	3
W	^	1
W	_	4
W	`	3
W	b	2
W	c	2
W	d	1
W	e	2
W	f	2
W	g	2
W	h	2
W	i	2
W	j	3
W	k	2
W	l	2
W	m	3
W	n	2
W	o	2
W	p	2
W	q	2
W	r	2
W	s	1
W	t	2
W	u	1
W	v	2
W	w	2
W	x	3
W	y	2
W	z	2
W	{	2
W	|	1
W	}	3
X	!	1
X	"	3
X	#	2
X	$	2
X	%	2
X	&	2
X	'	3
X	(	2
X	)	1
X	*	3
X	+	2
X	,	2
X	-	4
X	.	1
X	/	4
X	0	2
X	1	3
X	2	2
X	3	1
X	4	2
X	5	2
X	6	2
X	7	2
X	8	1
X	9	3
X	:	2
X	<	2
X	=	3
X	>	3
X	?	1
X	@	2
X	A	3
X	B	1
X	C	2
X	D	1
X	E	1
X	F	2
X	G	1
X	H	1
X	I	1
X	K	1
X	L	2
X	M	3
X	N	1
X	O	2
X	P	1
X	Q	2
X	R	1
X	S	2
X	T	3
X	U	1
X	V	3
X	W	3
X	X	2
X	Y	3
X	Z	1
X	[	1
X	\	4
X	]	2
X	^	3
X	_	1
X	`	4
X	a	3
X	b	1
X	c	2
X	d	1
X	e	1
X	f	1
X	g	2
X	h	1
X	i	1
X	j	3
X	k	2
X	l	2
X	m	3
X	n	1
X	o	2
X	p	2
X	q	2
X	r	1
X	s	1
X	t	4
X	u	2
X	v	3
X	w	3
X	x	2
X	y	4
X	z	1
X	{	2
X	|	1
X	}	1
Y	!	2
Y	"	2
Y	#	2
Y	$	3
Y	%	2
Y	&	3
Y	'	2
Y	(	3
Y	)	3
Y	*	2
Y	+	4
Y	-	4
Y	/	4
Y	0	3
Y	1	2
Y	2	4
Y	3	2
Y	4	4
Y	5	2
Y	6	2
Y	7	4
Y	8	2
Y	9	2
Y	:	4
Y	;	4
Y	<	4
Y	=	4
Y	>	4
Y	?	3
Y	@	2
Y	B	2
Y	C	2
Y	D	2
Y	E	2
Y	F	2
Y	G	2
Y	H	2
Y	I	3
Y	J	4
Y	K	2
Y	L	2
Y	M	4
Y	N	3
Y	O	2
Y	P	2
Y	Q	2
Y	R	2
Y	S	3
Y	T	2
Y	U	2
Y	V	2
Y	W	2
Y	X	3
Y	Y	2
Y	Z	4
Y	[	1
Y	\	3
Y	]	3
Y	^	2
Y	_	4
Y	`	3
Y	b	4
Y	f	4
Y	h	4
Y	i	4
Y	j	4
Y	k	4
Y	l	4
Y	t	4
Y	v	4
Y	w	4
Y	x	4
Y	y	4
Y	z	4
Y	{	3
Y	|	1
Y	}	3
Z	!	1
Z	"	3
Z	#	1
Z	$	2
Z	%	2
Z	&	1
Z	'	3
Z	(	2
Z	)	2
Z	*	3
Z	+	2
Z	,	2
Z	-	3
Z	.	1
Z	/	3
Z	0	1
Z	1	3
Z	2	3
Z	3	2
Z	4	2
Z	5	2
Z	6	1
Z	7	2
Z	8	1
Z	9	3
Z	:	2
Z	;	3
Z	<	2
Z	=	2
Z	>	2
Z	?	2
Z	@	2
Z	A	2
Z	B	2
Z	C	2
Z	D	2
Z	E	2
Z	F	2
Z	G	2
Z	H	2
Z	I	2
Z	K	2
Z	L	2
Z	M	2
Z	N	1
Z	O	2
Z	P	2
Z	Q	2
Z	R	2
Z	S	3
Z	T	4
Z	U	2
Z	V	4
Z	W	3
Z	X	3
Z	Y	4
Z	Z	2
Z	[	1
Z	\	4
Z	]	3
Z	^	4
Z	_	1
Z	`	4
Z	a	2
Z	b	2
Z	c	2
Z	d	1
Z	e	2
Z	f	2
Z	g	2
Z	h	2
Z	i	2
Z	j	3
Z	k	2
Z	l	2
Z	m	2
Z	n	1
Z	o	2
Z	p	2
Z	q	2
Z	r	2
Z	s	2
Z	t	3
Z	u	2
Z	v	3
Z	w	3
Z	x	3
Z	y	3
Z	z	2
Z	{	2
Z	|	1
Z	}	2
[	"	2
[	#	2
[	$	2
[	%	1
[	&	2
[	'	2
[	(	2
[	*	2
[	+	3
[	,	3
[	-	4
[	.	3
[	/	4
[	0	2
[	1	2
[	2	1
[	3	1
[	4	3
[	5	1
[	6	2
[	7	2
[	8	1
[	9	2
[	:	2
[	;	3
[	<	3
[	=	3
[	>	3
[	?	1
[	@	2
[	A	4
[	B	1
[	C	2
[	D	1
[	E	1
[	F	1
[	G	2
[	I	1
[	J	3
[	L	1
[	M	3
[	N	1
[	O	2
[	Q	2
[	S	2
[	T	3
[	U	2
[	V	3
[	W	3
[	X	1
[	Y	3
[	Z	1
[	\	4
[	]	1
[	^	3
[	_	1
[	`	3
[	a	4
[	b	2
[	c	2
[	d	2
[	e	2
[	f	2
[	g	2
[	h	2
[	i	2
[	k	3
[	l	3
[	m	3
[	n	2
[	o	2
[	p	2
[	q	2
[	r	2
[	s	2
[	t	4
[	u	2
[	v	4
[	w	4
[	x	3
[	y	4
[	z	2
[	{	3
[	}	1
\	!	2
\	"	4
\	#	2
\	$	3
\	%	4
\	&	2
\	'	4
\	(	2
\	)	4
\	*	4
\	+	2
\	,	2
\	-	4
\	.	1
\	/	4
\	0	2
\	1	4
\	2	4
\	3	2
\	4	2
\	5	2
\	6	2
\	7	4
\	8	2
\	9	4
\	:	2
\	;	3
\	<	2
\	=	3
\	>	3
\	?	3
\	@	2
\	A	3
\	B	3
\	C	2
\	D	3
\	E	3
\	F	3
\	G	2
\	H	3
\	I	3
\	J	4
\	K	3
\	L	3
\	M	3
\	N	2
\	O	2
\	P	3
\	Q	2
\	R	3
\	S	4
\	T	4
\	U	3
\	V	4
\	W	4
\	X	4
\	Y	4
\	Z	4
\	[	2
\	\	4
\	]	4
\	^	4
\	_	1
\	`	4
\	a	3
\	b	3
\	c	2
\	d	2
\	e	3
\	f	3
\	g	2
\	h	3
\	i	3
\	j	4
\	k	3
\	l	3
\	m	3
\	n	2
\	o	2
\	p	3
\	q	2
\	r	3
\	s	2
\	t	4
\	u	2
\	v	4
\	w	4
\	x	4
\	y	4
\	z	4
\	{	2
\	|	2
\	}	4
]	$	1
]	%	1
]	(	1
]	*	1
]	,	1
]	-	2
]	.	1
]	/	2
]	1	1
]	2	1
]	4	1
]	7	2
]	9	1
]	;	1
]	<	1
]	?	1
]	@	1
]	A	1
]	B	1
]	D	1
]	E	1
]	F	1
]	J	2
]	L	1
]	M	1
]	S	1
]	T	1
]	V	1
]	W	1
]	X	1
]	Y	1
]	Z	1
]	\	2
]	]	1
]	^	1
]	_	1
]	`	3
]	a	1
]	b	1
]	e	1
]	f	1
]	j	2
]	k	1
]	l	1
]	m	1
]	p	1
]	t	1
]	v	1
]	w	1
]	x	1
]	y	1
]	{	1
]	}	1
^	!	1
^	"	2
^	#	3
^	$	2
^	%	2
^	&	2
^	'	2
^	(	2
^	)	2
^	*	1
^	+	3
^	-	1
^	/	4
^	0	2
^	1	1
^	2	3
^	3	1
^	4	4
^	5	2
^	6	2
^	7	2
^	8	1
^	9	2
^	:	1
^	;	2
^	<	3
^	=	1
^	>	2
^	?	1
^	@	2
^	A	4
^	B	1
^	C	2
^	D	1
^	E	2
^	F	2
^	G	1
^	H	1
^	I	1
^	J	4
^	K	1
^	L	2
^	M	3
^	N	2
^	O	2
^	P	1
^	Q	2
^	R	1
^	S	2
^	T	2
^	U	1
^	V	2
^	W	2
^	X	3
^	Y	2
^	Z	2
^	[	1
^	\	2
^	]	3
^	^	2
^	`	4
^	a	4
^	b	1
^	c	2
^	d	1
^	e	1
^	f	1
^	g	3
^	h	1
^	i	1
^	j	3
^	k	2
^	l	2
^	m	4
^	n	2
^	o	3
^	p	2
^	q	3
^	r	1
^	s	2
^	t	1
^	u	1
^	v	1
^	w	1
^	x	2
^	y	1
^	z	1
^	{	3
^	|	1
^	}	2
_	!	1
_	#	2
_	$	3
_	%	2
_	&	2
_	(	4
_	)	1
_	,	1
_	.	1
_	/	1
_	0	2
_	1	4
_	2	1
_	3	1
_	4	3
_	5	1
_	6	2
_	7	3
_	8	2
_	9	4
_	:	1
_	;	1
_	?	2
_	@	3
_	A	1
_	B	2
_	C	3
_	D	2
_	E	2
_	F	1
_	G	3
_	H	1
_	I	1
_	J	1
_	K	1
_	L	1
_	M	1
_	N	1
_	O	3
_	P	1
_	Q	4
_	R	1
_	S	1
_	T	4
_	U	4
_	V	4
_	W	4
_	X	2
_	Y	4
_	Z	2
_	[	1
_	\	4
_	]	1
_	_	1
_	a	1
_	b	2
_	c	3
_	d	1
_	e	2
_	f	2
_	g	3
_	h	1
_	i	1
_	j	1
_	k	1
_	l	1
_	m	1
_	n	1
_	o	3
_	p	1
_	q	3
_	r	1
_	s	1
_	t	4
_	u	3
_	v	4
_	w	4
_	x	1
_	y	4
_	z	1
_	{	4
_	|	1
_	}	2
`	!	1
`	"	1
`	$	4
`	%	3
`	&	3
`	'	1
`	(	4
`	)	1
`	*	2
`	/	4
`	1	3
`	2	2
`	3	1
`	4	4
`	5	2
`	6	4
`	8	2
`	9	3
`	?	1
`	@	4
`	A	4
`	B	1
`	C	4
`	D	1
`	E	1
`	F	2
`	G	3
`	H	1
`	I	1
`	J	4
`	K	1
`	L	2
`	M	4
`	N	2
`	O	4
`	P	1
`	Q	4
`	R	1
`	S	4
`	T	1
`	U	1
`	V	1
`	W	1
`	X	2
`	Y	1
`	Z	1
`	[	1
`	\	2
`	]	2
`	^	4
`	`	2
`	{	4
`	|	1
`	}	1
a	!	1
a	"	4
a	#	1
a	$	2
a	%	4
a	&	1
a	'	4
a	(	2
a	)	4
a	*	4
a	+	2
a	,	2
a	-	3
a	.	1
a	/	3
a	0	1
a	1	3
a	2	3
a	3	2
a	4	2
a	5	2
a	6	1
a	7	4
a	8	1
a	9	3
a	:	2
a	;	3
a	<	2
a	=	2
a	>	2
a	?	3
a	@	2
a	A	2
a	B	2
a	C	2
a	D	2
a	E	2
a	F	2
a	G	2
a	H	2
a	I	2
a	J	4
a	K	2
a	L	2
a	M	2
a	N	1
a	O	2
a	P	2
a	Q	2
a	R	2
a	S	3
a	T	4
a	U	3
a	V	4
a	W	4
a	X	3
a	Y	4
a	Z	4
a	[	1
a	\	4
a	]	4
a	^	4
a	_	1
a	a	2
a	b	2
a	c	2
a	d	1
a	e	2
a	f	2
a	g	2
a	h	2
a	i	2
a	j	3
a	k	2
a	l	2
a	m	2
a	n	1
a	o	2
a	p	2
a	q	2
a	r	2
a	s	2
a	t	4
a	u	2
a	v	3
a	w	3
a	x	3
a	y	4
a	z	3
a	{	2
a	|	1
a	}	3
b	!	1
b	"	3
b	#	1
b	$	2
b	%	2
b	&	1
b	'	3
b	(	1
b	)	2
b	*	2
b	+	1
b	,	3
b	-	2
b	.	3
b	/	2
b	0	1
b	1	2
b	2	2
b	3	1
b	4	2
b	5	1
b	6	1
b	7	3
b	8	1
b	9	2
b	:	1
b	;	2
b	<	2
b	=	1
b	>	1
b	?	2
b	@	1
b	A	2
b	B	2
b	C	1
b	D	2
b	E	2
b	F	2
b	G	1
b	H	1
b	I	2
b	J	3
b	K	1
b	L	2
b	M	2
b	N	1
b	O	1
b	P	2
b	Q	1
b	R	2
b	S	2
b	T	4
b	U	1
b	V	3
b	W	3
b	X	2
b	Y	4
b	Z	2
b	[	1
b	\	4
b	]	2
b	^	3
b	_	3
b	a	2
b	b	1
b	c	1
b	d	1
b	e	1
b	f	1
b	g	1
b	h	1
b	i	1
b	j	2
b	k	2
b	l	2
b	m	2
b	n	1
b	o	1
b	p	2
b	q	1
b	r	1
b	s	1
b	t	2
b	u	1
b	v	2
b	w	2
b	x	2
b	y	2
b	z	1
b	{	1
b	|	1
b	}	2
c	"	1
c	#	1
c	$	1
c	%	1
c	&	1
c	'	1
c	(	1
c	)	2
c	*	3
c	+	1
c	,	2
c	-	3
c	.	1
c	/	4
c	0	1
c	1	3
c	2	2
c	4	2
c	5	1
c	6	1
c	7	2
c	9	3
c	;	1
c	<	2
c	=	1
c	>	1
c	?	1
c	@	1
c	A	3
c	B	1
c	C	1
c	D	1
c	E	1
c	F	1
c	G	1
c	H	1
c	I	1
c	K	1
c	L	1
c	M	2
c	N	1
c	O	1
c	P	1
c	Q	1
c	R	1
c	S	1
c	U	1
c	V	4
c	W	3
c	X	2
c	Z	1
c	\	4
c	]	2
c	^	2
c	_	1
c	a	3
c	b	1
c	c	1
c	e	1
c	f	1
c	g	1
c	j	2
c	k	1
c	l	1
c	m	2
c	n	1
c	o	1
c	p	1
c	q	1
c	t	4
c	u	1
c	v	3
c	w	3
c	x	1
c	y	4
c	{	2
c	}	2
d	"	4
d	$	1
d	%	2
d	&	1
d	'	4
d	(	1
d	)	3
d	*	2
d	,	3
d	-	2
d	.	3
d	/	2
d	1	2
d	2	2
d	3	1
d	4	1
d	5	1
d	7	3
d	9	2
d	:	1
d	;	2
d	<	1
d	>	1
d	?	2
d	@	1
d	A	2
d	B	1
d	D	1
d	E	1
d	F	1
d	H	1
d	I	1
d	J	3
d	K	1
d	L	1
d	M	1
d	N	1
d	P	1
d	R	1
d	S	2
d	T	4
d	U	1
d	V	3
d	W	2
d	X	2
d	Y	3
d	Z	2
d	\	4
d	]	3
d	^	4
d	_	3
d	a	2
d	b	1
d	e	1
d	f	1
d	h	1
d	i	1
d	j	2
d	k	1
d	l	1
d	m	1
d	n	1
d	p	1
d	r	1
d	s	1
d	t	2
d	u	1
d	v	2
d	w	2
d	x	2
d	y	2
d	z	1
d	{	1
d	}	2
e	$	1
e	%	1
e	(	1
e	)	2
e	*	1
e	,	2
e	-	2
e	.	1
e	/	2
e	1	1
e	2	2
e	4	1
e	7	2
e	9	1
e	;	1
e	<	1
e	?	1
e	@	1
e	A	1
e	B	1
e	D	1
e	E	1
e	F	1
e	H	1
e	I	1
e	J	3
e	K	1
e	L	1
e	M	1
e	P	1
e	R	1
e	S	1
e	T	4
e	U	1
e	V	2
e	W	2
e	X	1
e	Y	3
e	Z	1
e	\	4
e	]	2
e	^	1
e	_	1
e	a	1
e	b	1
e	e	1
e	f	1
e	j	2
e	k	1
e	l	1
e	m	1
e	p	1
e	t	1
e	v	1
e	w	1
e	x	1
e	y	1
e	{	1
e	}	2
f	"	1
f	$	1
f	%	2
f	&	1
f	'	1
f	(	1
f	*	1
f	/	2
f	1	1
f	2	2
f	4	1
f	5	1
f	7	2
f	9	1
f	<	1
f	>	1
f	?	1
f	@	1
f	A	2
f	B	1
f	D	1
f	E	1
f	F	1
f	H	1
f	I	1
f	J	3
f	K	1
f	L	1
f	M	1
f	N	1
f	P	1
f	R	1
f	S	1
f	T	4
f	U	1
f	V	2
f	W	2
f	X	2
f	Y	3
f	Z	2
f	\	4
f	^	1
f	_	3
f	a	2
f	b	1
f	e	1
f	f	1
f	h	1
f	i	1
f	j	2
f	k	1
f	l	1
f	m	1
f	n	1
f	p	1
f	t	1
f	v	1
f	w	1
f	x	1
f	y	1
f	{	1
g	"	2
g	#	1
g	$	1
g	%	2
g	'	2
g	(	1
g	)	2
g	*	2
g	+	1
g	,	2
g	-	2
g	.	1
g	/	2
g	1	2
g	2	2
g	4	1
g	7	2
g	9	1
g	;	1
g	<	2
g	>	1
g	?	1
g	@	1
g	A	1
g	B	1
g	C	1
g	D	1
g	E	1
g	F	1
g	G	1
g	H	1
g	I	1
g	J	3
g	K	1
g	L	1
g	M	1
g	O	1
g	P	1
g	Q	1
g	R	1
g	S	2
g	T	4
g	U	1
g	V	3
g	W	2
g	X	2
g	Y	4
g	Z	2
g	\	4
g	]	2
g	^	3
g	_	1
g	a	1
g	b	1
g	e	1
g	f	1
g	h	1
g	i	1
g	j	2
g	k	1
g	l	1
g	m	1
g	p	1
g	r	1
g	t	2
g	u	1
g	v	1
g	w	2
g	x	2
g	y	2
g	z	1
g	{	1
g	}	2
h	"	1
h	$	1
h	%	1
h	'	1
h	(	1
h	)	2
h	*	1
h	,	2
h	-	2
h	.	1
h	/	2
h	1	1
h	2	2
h	4	1
h	7	2
h	9	1
h	;	1
h	<	1
h	?	1
h	@	1
h	A	1
h	B	1
h	D	1
h	E	1
h	F	1
h	H	1
h	I	1
h	J	3
h	K	1
h	L	1
h	M	1
h	P	1
h	R	1
h	S	1
h	T	4
h	U	1
h	V	2
h	W	2
h	X	1
h	Y	3
h	Z	1
h	\	4
h	]	2
h	^	1
h	_	1
h	a	1
h	b	1
h	e	1
h	f	1
h	j	2
h	k	1
h	l	1
h	m	1
h	p	1
h	t	1
h	v	1
h	w	1
h	x	1
h	y	1
h	{	1
h	}	2
i	"	1
i	$	1
i	%	1
i	'	1
i	(	1
i	)	2
i	*	1
i	,	2
i	-	2
i	.	1
i	/	2
i	1	1
i	2	2
i	4	1
i	7	2
i	9	1
i	;	1
i	<	1
i	?	1
i	@	1
i	A	1
i	B	1
i	D	1
i	E	1
i	F	1
i	H	1
i	I	1
i	J	3
i	K	1
i	L	1
i	M	1
i	P	1
i	R	1
i	S	1
i	T	4
i	U	1
i	V	2
i	W	2
i	X	1
i	Y	3
i	Z	1
i	\	4
i	]	2
i	^	1
i	_	1
i	a	1
i	b	1
i	e	1
i	f	1
i	j	2
i	k	1
i	l	1
i	m	1
i	p	1
i	t	1
i	v	1
i	w	1
i	x	1
i	y	1
i	{	1
i	}	2
j	"	1
j	$	1
j	%	1
j	'	1
j	(	1
j	)	2
j	*	1
j	,	2
j	-	2
j	.	2
j	/	2
j	1	1
j	2	2
j	4	1
j	7	2
j	9	1
j	;	1
j	<	1
j	?	1
j	@	1
j	A	1
j	B	1
j	D	1
j	E	1
j	F	1
j	H	1
j	I	1
j	J	2
j	K	1
j	L	1
j	M	1
j	P	1
j	R	1
j	S	1
j	T	4
j	U	1
j	V	2
j	W	2
j	X	1
j	Y	3
j	Z	2
j	\	4
j	]	1
j	^	1
j	_	2
j	a	1
j	b	1
j	e	1
j	f	1
j	i	1
j	j	2
j	k	1
j	l	1
j	m	1
j	n	1
j	p	1
j	t	1
j	v	1
j	w	1
j	x	1
j	y	1
j	{	1
j	}	2
k	!	1
k	"	3
k	#	1
k	$	2
k	%	2
k	&	2
k	'	3
k	(	2
k	)	2
k	*	3
k	+	2
k	/	4
k	0	1
k	1	3
k	2	3
k	3	1
k	4	2
k	5	2
k	6	1
k	7	2
k	8	1
k	9	3
k	<	2
k	=	2
k	>	2
k	?	2
k	@	2
k	A	3
k	B	2
k	C	1
k	D	2
k	E	2
k	F	2
k	G	1
k	H	2
k	I	2
k	J	4
k	K	2
k	L	2
k	M	3
k	N	2
k	O	1
k	P	2
k	Q	1
k	R	2
k	S	2
k	T	4
k	U	2
k	V	4
k	W	3
k	X	3
k	Y	4
k	Z	2
k	[	1
k	\	4
k	]	3
k	^	3
k	_	1
k	a	3
k	b	1
k	c	2
k	d	1
k	e	1
k	f	1
k	g	2
k	h	1
k	i	1
k	j	3
k	k	2
k	l	2
k	m	3
k	n	2
k	o	2
k	p	2
k	q	2
k	r	1
k	s	1
k	t	4
k	u	2
k	v	3
k	w	3
k	x	2
k	y	4
k	z	1
k	{	2
k	|	1
k	}	3
l	!	2
l	"	4
l	#	2
l	$	3
l	%	4
l	&	2
l	'	4
l	(	2
l	)	4
l	*	4
l	+	2
l	,	2
l	-	4
l	.	1
l	/	4
l	0	2
l	1	4
l	2	4
l	3	2
l	4	2
l	5	2
l	6	2
l	7	4
l	8	2
l	9	4
l	:	2
l	;	3
l	<	2
l	=	4
l	>	3
l	?	3
l	@	2
l	A	3
l	B	3
l	C	2
l	D	3
l	E	3
l	F	3
l	G	2
l	H	3
l	I	3
l	J	4
l	K	3
l	L	3
l	M	3
l	N	2
l	O	2
l	P	3
l	Q	2
l	R	3
l	S	4
l	T	4
l	U	3
l	V	4
l	W	4
l	X	4
l	Y	4
l	Z	4
l	[	2
l	\	4
l	]	4
l	^	4
l	_	1
l	a	3
l	b	3
l	c	2
l	d	2
l	e	3
l	f	3
l	g	2
l	h	3
l	i	3
l	j	4
l	k	3
l	l	3
l	m	3
l	n	2
l	o	2
l	p	3
l	q	2
l	r	3
l	s	2
l	t	4
l	u	2
l	v	4
l	w	4
l	x	4
l	y	4
l	z	4
l	{	2
l	|	2
l	}	4
m	!	1
m	"	4
m	#	1
m	$	2
m	%	3
m	&	1
m	'	4
m	(	2
m	)	3
m	*	3
m	+	2
m	,	3
m	-	3
m	.	2
m	/	3
m	0	1
m	1	3
m	2	3
m	3	2
m	4	2
m	5	2
m	6	1
m	7	3
m	8	1
m	9	3
m	:	2
m	;	3
m	<	2
m	=	2
m	>	2
m	?	3
m	@	2
m	A	2
m	B	2
m	C	2
m	D	2
m	E	2
m	F	2
m	G	2
m	H	2
m	I	2
m	J	4
m	K	2
m	L	2
m	M	2
m	N	1
m	O	2
m	P	2
m	Q	2
m	R	2
m	S	3
m	T	4
m	U	2
m	V	4
m	W	4
m	X	3
m	Y	4
m	Z	3
m	[	1
m	\	4
m	]	4
m	^	4
m	_	1
m	a	2
m	b	2
m	c	2
m	d	1
m	e	2
m	f	2
m	g	2
m	h	2
m	i	2
m	j	3
m	k	2
m	l	2
m	m	2
m	n	1
m	o	2
m	p	2
m	q	2
m	r	2
m	s	2
m	t	3
m	u	2
m	v	3
m	w	3
m	x	3
m	y	3
m	z	2
m	{	2
m	|	1
m	}	3
n	$	1
n	%	1
n	(	1
n	)	1
n	*	1
n	,	2
n	-	2
n	.	1
n	/	2
n	1	1
n	2	2
n	4	1
n	7	2
n	9	1
n	;	1
n	<	1
n	?	1
n	@	1
n	A	1
n	B	1
n	D	1
n	E	1
n	F	1
n	H	1
n	I	1
n	J	2
n	L	1
n	M	1
n	P	1
n	R	1
n	S	1
n	T	4
n	U	1
n	V	2
n	W	2
n	X	1
n	Y	3
n	Z	1
n	\	4
n	]	1
n	^	1
n	_	1
n	a	1
n	b	1
n	e	1
n	f	1
n	j	2
n	k	1
n	l	1
n	m	1
n	p	1
n	t	1
n	v	1
n	w	1
n	x	1
n	y	1
n	{	1
n	}	2
o	$	1
o	%	2
o	&	1
o	(	1
o	)	3
o	*	2
o	,	3
o	-	2
o	.	3
o	/	2
o	1	2
o	2	2
o	3	1
o	4	1
o	5	1
o	7	3
o	9	2
o	:	1
o	;	2
o	<	1
o	>	1
o	?	2
o	@	1
o	A	2
o	B	1
o	D	1
o	E	1
o	F	1
o	H	1
o	I	1
o	J	3
o	K	1
o	L	1
o	M	1
o	N	1
o	P	1
o	R	1
o	S	2
o	T	4
o	U	1
o	V	3
o	W	2
o	X	2
o	Y	4
o	Z	2
o	\	4
o	]	3
o	^	4
o	_	3
o	a	2
o	b	1
o	e	1
o	f	1
o	h	1
o	i	1
o	j	2
o	k	1
o	l	1
o	m	1
o	n	1
o	p	1
o	r	1
o	s	1
o	t	2
o	u	1
o	v	2
o	w	2
o	x	2
o	y	2
o	z	1
o	{	1
o	}	2
p	"	2
p	$	1
p	%	2
p	&	1
p	'	2
p	(	1
p	)	3
p	*	1
p	+	1
p	,	4
p	-	2
p	.	4
p	/	3
p	1	1
p	2	2
p	4	1
p	5	1
p	7	2
p	9	1
p	:	1
p	;	2
p	<	2
p	>	1
p	?	1
p	@	1
p	A	2
p	B	1
p	D	1
p	E	1
p	F	1
p	H	1
p	I	1
p	J	3
p	K	1
p	L	1
p	M	2
p	N	1
p	P	1
p	R	1
p	S	2
p	T	4
p	U	1
p	V	2
p	W	2
p	X	2
p	Y	3
p	Z	2
p	\	4
p	]	3
p	^	2
p	_	4
p	a	2
p	b	1
p	e	1
p	f	1
p	h	1
p	i	1
p	j	2
p	k	1
p	l	1
p	m	2
p	n	1
p	p	1
p	r	1
p	t	1
p	v	1
p	w	1
p	x	2
p	y	1
p	z	1
p	{	1
p	}	2
q	!	1
q	"	4
q	#	1
q	$	2
q	%	2
q	&	1
q	'	4
q	(	1
q	)	3
q	*	3
q	+	1
q	,	2
q	-	3
q	.	1
q	/	3
q	0	1
q	1	3
q	2	3
q	3	1
q	4	2
q	5	1
q	6	1
q	7	3
q	8	1
q	9	3
q	:	1
q	;	2
q	<	2
q	=	1
q	>	1
q	?	2
q	@	1
q	A	2
q	B	2
q	C	1
q	D	2
q	E	2
q	F	2
q	G	1
q	H	2
q	I	2
q	J	3
q	K	2
q	L	2
q	M	2
q	N	1
q	O	1
q	P	2
q	Q	1
q	R	2
q	S	2
q	T	4
q	U	2
q	V	4
q	W	3
q	X	3
q	Y	4
q	Z	3
q	[	1
q	\	4
q	]	3
q	^	4
q	_	1
q	a	2
q	b	2
q	c	1
q	d	1
q	e	2
q	f	2
q	g	1
q	h	2
q	i	2
q	k	2
q	l	2
q	m	2
q	n	1
q	o	1
q	p	2
q	q	1
q	r	2
q	s	1
q	t	3
q	u	1
q	v	3
q	w	3
q	x	3
q	y	3
q	z	2
q	{	1
q	|	1
q	}	3
r	!	2
r	"	4
r	#	2
r	$	3
r	%	2
r	&	2
r	'	4
r	(	2
r	)	3
r	*	3
r	+	2
r	/	4
r	0	2
r	1	3
r	2	4
r	3	2
r	4	2
r	5	2
r	6	2
r	7	3
r	8	2
r	9	3
r	<	2
r	=	2
r	>	2
r	?	3
r	@	2
r	A	3
r	B	2
r	C	2
r	D	3
r	E	3
r	F	3
r	G	2
r	H	2
r	I	3
r	J	4
r	K	2
r	L	3
r	M	3
r	N	2
r	O	2
r	P	3
r	Q	2
r	R	3
r	S	3
r	T	4
r	U	2
r	V	4
r	W	3
r	X	3
r	Y	4
r	Z	3
r	[	2
r	\	4
r	]	3
r	^	4
r	_	1
r	a	3
r	b	2
r	c	2
r	d	2
r	e	2
r	f	2
r	g	2
r	h	2
r	i	2
r	j	4
r	k	3
r	l	3
r	m	3
r	n	2
r	o	2
r	p	3
r	q	2
r	r	2
r	s	2
r	t	3
r	u	2
r	x	3
r	z	2
r	{	2
r	|	2
r	}	3
s	"	1
s	$	1
s	%	1
s	'	1
s	(	1
s	)	2
s	*	1
s	+	1
s	,	2
s	-	2
s	.	2
s	/	2
s	1	2
s	2	2
s	4	1
s	7	2
s	9	1
s	;	1
s	<	1
s	?	1
s	@	1
s	A	1
s	B	1
s	D	1
s	E	1
s	F	1
s	H	1
s	I	1
s	J	3
s	K	1
s	L	1
s	M	1
s	P	1
s	R	1
s	S	1
s	T	4
s	U	1
s	V	3
s	W	2
s	X	1
s	Y	4
s	Z	1
s	\	4
s	]	2
s	^	1
s	_	2
s	a	1
s	b	1
s	e	1
s	f	1
s	j	2
s	k	1
s	l	1
s	m	1
s	p	1
s	t	2
s	v	1
s	w	1
s	x	1
s	y	2
s	{	1
s	}	2
t	!	1
t	"	1
t	#	2
t	$	2
t	%	3
t	&	1
t	'	1
t	(	1
t	)	3
t	*	2
t	+	2
t	,	4
t	.	4
t	/	4
t	0	1
t	1	2
t	2	3
t	3	1
t	4	3
t	5	1
t	6	1
t	7	3
t	8	1
t	9	2
t	:	3
t	;	3
t	<	2
t	=	3
t	>	3
t	?	2
t	@	1
t	A	3
t	B	2
t	C	1
t	D	2
t	E	2
t	F	2
t	G	1
t	H	2
t	I	2
t	J	3
t	K	2
t	L	2
t	M	2
t	N	1
t	O	1
t	P	2
t	Q	1
t	R	2
t	S	3
t	T	4
t	U	2
t	V	3
t	W	3
t	X	3
t	Y	4
t	Z	4
t	[	1
t	\	4
t	]	3
t	^	1
t	_	4
t	a	3
t	b	2
t	c	2
t	d	1
t	e	2
t	f	2
t	g	2
t	h	2
t	i	2
t	j	3
t	k	2
t	l	2
t	m	3
t	n	2
t	o	2
t	p	2
t	q	2
t	r	2
t	s	1
t	t	2
t	u	1
t	v	2
t	w	2
t	x	3
t	y	2
t	z	2
t	{	2
t	|	1
t	}	3
u	"	1
u	$	1
u	%	1
u	'	1
u	(	1
u	)	2
u	*	1
u	,	3
u	-	2
u	.	3
u	/	2
u	1	1
u	2	2
u	4	1
u	7	2
u	9	1
u	;	1
u	<	1
u	?	1
u	@	1
u	A	2
u	B	1
u	D	1
u	E	1
u	F	1
u	H	1
u	I	1
u	J	3
u	K	1
u	L	1
u	M	1
u	P	1
u	R	1
u	S	1
u	T	4
u	U	1
u	V	2
u	W	2
u	X	2
u	Y	3
u	Z	2
u	\	4
u	]	2
u	^	1
u	_	3
u	a	2
u	b	1
u	e	1
u	f	1
u	i	1
u	j	2
u	k	1
u	l	1
u	m	1
u	n	1
u	p	1
u	t	1
u	v	1
u	w	1
u	x	1
u	y	1
u	{	1
u	}	2
v	!	1
v	"	1
v	#	2
v	$	2
v	%	3
v	&	2
v	'	1
v	(	2
v	)	4
v	*	2
v	+	2
v	-	4
v	/	4
v	0	1
v	1	2
v	2	4
v	3	1
v	4	3
v	5	1
v	6	1
v	7	3
v	8	1
v	9	2
v	:	3
v	;	4
v	<	2
v	=	3
v	>	3
v	?	2
v	@	1
v	A	4
v	B	2
v	C	1
v	D	2
v	E	2
v	F	2
v	G	1
v	H	2
v	I	2
v	J	4
v	K	2
v	L	2
v	M	3
v	N	2
v	O	1
v	P	2
v	Q	1
v	R	2
v	S	3
v	T	4
v	U	2
v	V	3
v	W	3
v	X	4
v	Y	4
v	Z	4
v	[	1
v	\	4
v	]	4
v	^	1
v	_	4
v	a	4
v	b	2
v	c	2
v	d	1
v	e	2
v	f	2
v	g	2
v	h	2
v	i	2
v	j	3
v	k	2
v	l	2
v	m	3
v	n	2
v	o	2
v	p	2
v	q	2
v	r	2
v	s	1
v	t	2
v	u	1
v	v	2
v	w	2
v	x	3
v	y	2
v	z	2
v	{	2
v	|	1
v	}	3
w	!	1
w	"	1
w	#	2
w	$	2
w	%	3
w	&	2
w	'	1
w	(	2
w	)	4
w	*	2
w	+	2
w	-	4
w	/	4
w	0	1
w	1	2
w	2	4
w	3	1
w	4	3
w	5	1
w	6	1
w	7	3
w	8	1
w	9	2
w	:	3
w	;	4
w	<	2
w	=	3
w	>	3
w	?	2
w	@	1
w	A	4
w	B	2
w	C	1
w	D	2
w	E	2
w	F	2
w	G	1
w	H	2
w	I	2
w	J	4
w	K	2
w	L	2
w	M	3
w	N	2
w	O	1
w	P	2
w	Q	1
w	R	2
w	S	3
w	T	4
w	U	2
w	V	3
w	W	3
w	X	4
w	Y	4
w	Z	4
w	[	1
w	\	4
w	]	4
w	^	1
w	_	4
w	a	4
w	b	2
w	c	2
w	d	1
w	e	2
w	f	2
w	g	2
w	h	2
w	i	2
w	j	3
w	k	2
w	l	2
w	m	3
w	n	2
w	o	2
w	p	2
w	q	2
w	r	2
w	s	1
w	t	2
w	u	1
w	v	2
w	w	2
w	x	3
w	y	2
w	z	2
w	{	2
w	|	1
w	}	3
x	!	1
x	"	3
x	#	1
x	$	2
x	%	2
x	&	2
x	'	3
x	(	2
x	)	3
x	*	4
x	+	2
x	,	3
x	-	4
x	.	2
x	/	4
x	0	1
x	1	3
x	2	3
x	3	1
x	4	2
x	5	2
x	6	1
x	7	2
x	8	1
x	9	3
x	:	1
x	;	2
x	<	3
x	=	2
x	>	2
x	?	2
x	@	2
x	A	3
x	B	2
x	C	1
x	D	2
x	E	2
x	F	2
x	G	1
x	H	2
x	I	2
x	J	4
x	K	2
x	L	2
x	M	3
x	N	2
x	O	1
x	P	2
x	Q	1
x	R	2
x	S	2
x	T	4
x	U	2
x	V	4
x	W	4
x	X	3
x	Y	4
x	Z	2
x	[	1
x	\	4
x	]	3
x	^	3
x	_	1
x	a	3
x	b	1
x	c	2
x	d	1
x	e	1
x	f	1
x	g	2
x	h	1
x	i	1
x	j	3
x	k	2
x	l	2
x	m	3
x	n	2
x	o	2
x	p	2
x	q	2
x	r	1
x	s	1
x	t	4
x	u	2
x	v	3
x	w	3
x	x	2
x	y	4
x	z	1
x	{	2
x	|	1
x	}	3
y	!	2
y	"	2
y	#	2
y	$	3
y	%	4
y	&	2
y	'	2
y	(	2
y	)	4
y	*	3
y	+	2
y	-	4
y	/	4
y	0	2
y	1	3
y	2	4
y	3	2
y	4	3
y	5	2
y	6	2
y	7	4
y	8	2
y	9	3
y	:	4
y	;	4
y	<	3
y	=	4
y	>	4
y	@	2
y	A	4
y	B	3
y	C	2
y	D	3
y	E	3
y	F	3
y	G	2
y	H	3
y	I	3
y	J	4
y	K	3
y	L	3
y	M	3
y	N	2
y	O	2
y	P	3
y	Q	2
y	R	3
y	S	4
y	T	4
y	U	3
y	V	4
y	W	4
y	X	4
y	Y	4
y	Z	4
y	[	2
y	\	4
y	]	4
y	^	2
y	_	4
y	a	4
y	b	3
y	c	2
y	d	2
y	e	3
y	f	3
y	g	2
y	h	3
y	i	3
y	j	4
y	k	3
y	l	3
y	m	3
y	n	2
y	o	2
y	p	3
y	q	2
y	r	3
y	s	2
y	t	3
y	u	2
y	v	3
y	w	3
y	x	4
y	y	3
y	z	3
y	{	2
y	|	2
y	}	4
z	!	2
z	"	3
z	#	2
z	$	3
z	%	2
z	&	2
z	'	3
z	(	2
z	)	3
z	*	4
z	+	2
z	,	2
z	-	4
z	.	1
z	/	4
z	0	2
z	1	3
z	2	3
z	3	2
z	4	2
z	5	2
z	6	2
z	7	2
z	8	2
z	9	3
z	:	2
z	;	3
z	<	2
z	=	2
z	>	3
z	?	2
z	@	2
z	A	3
z	B	2
z	C	2
z	D	2
z	E	3
z	F	3
z	G	2
z	H	2
z	I	2
z	J	4
z	K	2
z	L	3
z	M	3
z	N	2
z	O	2
z	P	2
z	Q	2
z	R	2
z	S	3
z	T	4
z	U	2
z	V	4
z	W	4
z	X	3
z	Y	4
z	Z	2
z	[	2
z	\	4
z	]	3
z	^	3
z	_	1
z	a	3
z	b	2
z	c	2
z	d	2
z	e	2
z	f	2
z	g	2
z	h	2
z	i	2
z	j	4
z	k	3
z	l	3
z	m	3
z	n	2
z	o	2
z	p	3
z	q	2
z	r	2
z	s	2
z	t	4
z	u	2
z	v	3
z	w	3
z	x	3
z	y	4
z	z	2
z	{	2
z	|	2
z	}	3
{	"	2
{	#	2
{	$	2
{	%	1
{	&	2
{	'	2
{	(	2
{	*	2
{	+	2
{	,	3
{	-	4
{	.	3
{	/	4
{	0	2
{	1	2
{	2	1
{	3	1
{	4	2
{	5	1
{	6	2
{	7	2
{	8	1
{	9	2
{	:	2
{	;	3
{	<	3
{	=	2
{	>	2
{	?	1
{	@	2
{	A	3
{	B	1
{	C	2
{	D	1
{	E	1
{	F	1
{	G	2
{	I	1
{	J	3
{	L	1
{	M	3
{	N	1
{	O	2
{	Q	2
{	S	2
{	T	3
{	U	2
{	V	3
{	W	3
{	X	1
{	Y	3
{	Z	1
{	\	4
{	]	1
{	^	2
{	_	1
{	`	3
{	a	3
{	b	2
{	c	2
{	d	2
{	e	2
{	f	2
{	g	2
{	h	2
{	i	2
{	k	3
{	l	3
{	m	3
{	n	2
{	o	2
{	p	2
{	q	2
{	r	2
{	s	2
{	t	3
{	u	2
{	v	3
{	w	3
{	x	3
{	y	3
{	z	2
{	{	2
{	}	1
|	$	1
|	%	1
|	(	1
|	*	1
|	,	1
|	-	2
|	.	1
|	/	2
|	1	1
|	2	1
|	4	1
|	7	2
|	9	1
|	;	1
|	<	1
|	?	1
|	@	1
|	A	1
|	B	1
|	D	1
|	E	1
|	F	1
|	J	2
|	L	1
|	M	1
|	S	1
|	T	1
|	V	1
|	W	1
|	X	1
|	Y	1
|	Z	1
|	\	2
|	]	1
|	^	1
|	_	1
|	`	3
|	a	1
|	b	1
|	e	1
|	f	1
|	j	2
|	k	1
|	l	1
|	m	1
|	p	1
|	t	1
|	v	1
|	w	1
|	x	1
|	y	1
|	{	1
|	}	1
}	!	1
}	"	3
}	#	1
}	$	2
}	%	3
}	&	2
}	'	3
}	(	2
}	)	3
}	*	2
}	+	2
}	,	3
}	-	3
}	.	4
}	/	3
}	0	1
}	1	2
}	2	3
}	3	2
}	4	2
}	5	2
}	6	1
}	7	3
}	8	1
}	9	2
}	:	2
}	;	3
}	<	3
}	=	1
}	>	1
}	?	2
}	@	2
}	A	2
}	B	2
}	C	1
}	D	2
}	E	2
}	F	2
}	G	1
}	H	2
}	I	2
}	J	3
}	K	2
}	L	2
}	M	2
}	N	2
}	O	1
}	P	2
}	Q	1
}	R	2
}	S	2
}	T	3
}	U	2
}	V	3
}	W	3
}	X	3
}	Y	3
}	Z	3
}	[	1
}	\	3
}	]	3
}	^	4
}	_	4
}	`	4
}	a	2
}	b	2
}	c	1
}	d	1
}	e	2
}	f	2
}	g	1
}	h	2
}	i	2
}	j	3
}	k	2
}	l	2
}	m	2
}	n	2
}	o	1
}	p	2
}	q	1
}	r	1
}	s	1
}	t	2
}	u	2
}	v	2
}	w	2
}	x	3
}	y	2
}	z	2
}	{	2
}	|	1
}	}	3
